pick_id,div,date,time,home,away,market,outcome,label,p_model,p_market,p_final,market_source,price_source,fair_odds,min_odds,best_odds,avg_odds,edge_best,stake,is_candidate,naive_odds,league,manual
20261010-B1-CercleBrugge-Anderlecht-H,B1,2026-10-10,15:00,Cercle Brugge,Anderlecht,1X2,H,主胜 Cercle Brugge,0.31038494869077815,0.2715203997939993,0.28317976446303295,average,market_max,3.5313257707386176,3.637265543860776,3.5,3.41,-0.00887082437938469,1.0,False,,比甲,False
20261010-B1-CercleBrugge-Anderlecht-D,B1,2026-10-10,15:00,Cercle Brugge,Anderlecht,1X2,D,平局,0.2541034694832238,0.25366700364316097,0.2537979433951798,average,market_max,3.9401422510462796,4.058346518577668,3.8,3.65,-0.035567815098316746,1.0,False,,比甲,False
20261010-B1-CercleBrugge-Anderlecht-A,B1,2026-10-10,15:00,Cercle Brugge,Anderlecht,1X2,A,客胜 Anderlecht,0.43551158182599803,0.47481259656283986,0.4630222921417873,average,market_max,2.1597232292517328,2.2245149261292845,2.0,1.95,-0.07395541571642539,1.0,False,,比甲,False
20261010-B1-CercleBrugge-Anderlecht-O25,B1,2026-10-10,15:00,Cercle Brugge,Anderlecht,OU25,O25,大于 2.5 球,0.5750776472000899,0.5748031496062992,0.5748854988844364,average,market_max,1.7394768209330327,1.7916611255610237,1.65,1.62,-0.051438926840679966,1.0,False,,比甲,False
20261010-B1-CercleBrugge-Anderlecht-U25,B1,2026-10-10,15:00,Cercle Brugge,Anderlecht,OU25,U25,小于 2.5 球,0.4249223527999101,0.4251968503937008,0.4251145011155636,average,market_max,2.3523074310000047,2.422876653930005,2.25,2.19,-0.043492372489981945,1.0,False,,比甲,False
20261010-B1-CercleBrugge-Anderlecht-HO25,B1,2026-10-10,15:00,Cercle Brugge,Anderlecht,1X2+OU25,H&O25,主胜 Cercle Brugge + 大于 2.5 球,0.20321078436163223,0.17745921719000693,0.18517555881283915,average,,5.400280719610093,5.562289141198395,,,,1.0,False,6.142659325363303,比甲,False
20261010-B1-CercleBrugge-Anderlecht-HU25,B1,2026-10-10,15:00,Cercle Brugge,Anderlecht,1X2+OU25,H&U25,主胜 Cercle Brugge + 小于 2.5 球,0.1071741643291459,0.09406118260391773,0.09800420565013966,average,,10.203643745349565,10.509753057710052,,,,1.0,False,8.306763851790269,比甲,False
20261010-B1-CercleBrugge-Anderlecht-DO25,B1,2026-10-10,15:00,Cercle Brugge,Anderlecht,1X2+OU25,D&O25,平局 + 大于 2.5 球,0.07923092256254492,0.07882329278927422,0.07894546343837956,average,,12.666972317928622,13.04698148746648,,,,1.0,False,6.8537861168739065,比甲,False
20261010-B1-CercleBrugge-Anderlecht-DU25,B1,2026-10-10,15:00,Cercle Brugge,Anderlecht,1X2+OU25,D&U25,平局 + 小于 2.5 球,0.1748725469206789,0.1748437108541204,0.17485247995696215,average,,5.719106759287246,5.890679962065864,,,,1.0,False,9.26842589633325,比甲,False
20261010-B1-CercleBrugge-Anderlecht-AO25,B1,2026-10-10,15:00,Cercle Brugge,Anderlecht,1X2+OU25,A&O25,客胜 Anderlecht + 大于 2.5 球,0.29263594027591283,0.3185206396270181,0.31076447663321766,average,,3.2178710090479816,3.314407139319421,,,,1.0,False,3.7567884969140275,比甲,False
20261010-B1-CercleBrugge-Anderlecht-AU25,B1,2026-10-10,15:00,Cercle Brugge,Anderlecht,1X2+OU25,A&U25,客胜 Anderlecht + 小于 2.5 球,0.14287564155008525,0.15629195693566272,0.15225781550846174,average,,6.56780735136992,6.764841571911018,,,,1.0,False,5.0803330010721774,比甲,False
20261010-B1-RAALLaLouviere-ClubBrugge-H,B1,2026-10-10,17:15,RAAL La Louviere,Club Brugge,1X2,H,主胜 RAAL La Louviere,0.1026393018552274,0.14092492309256857,0.1294392367213662,average,market_max,7.725632700945405,7.957401681973767,7.0,6.54,-0.09392534295043653,1.0,False,,比甲,False
20261010-B1-RAALLaLouviere-ClubBrugge-D,B1,2026-10-10,17:15,RAAL La Louviere,Club Brugge,1X2,D,平局,0.1765552466630881,0.19121348486004117,0.18681601340095524,average,market_max,5.352860184708805,5.51344599025007,5.25,4.82,-0.019215929644984975,1.0,False,,比甲,False
20261010-B1-RAALLaLouviere-ClubBrugge-A,B1,2026-10-10,17:15,RAAL La Louviere,Club Brugge,1X2,A,客胜 Club Brugge,0.7208054514816846,0.6678615920473903,0.6837447498776785,average,market_max,1.462534081876167,1.506410104332452,1.42,1.38,-0.029082455173696564,1.0,False,,比甲,False
20261010-B1-RAALLaLouviere-ClubBrugge-O25,B1,2026-10-10,17:15,RAAL La Louviere,Club Brugge,OU25,O25,大于 2.5 球,0.617340626285536,0.6343283582089552,0.6292320386319294,average,market_max,1.5892388476819947,1.6369160131124547,1.5,1.47,-0.05615194205210583,1.0,False,,比甲,False
20261010-B1-RAALLaLouviere-ClubBrugge-U25,B1,2026-10-10,17:15,RAAL La Louviere,Club Brugge,OU25,U25,小于 2.5 球,0.382659373714464,0.36567164179104483,0.37076796136807055,average,market_max,2.6971046697513197,2.7780178098438593,2.63,2.55,-0.02488026160197443,1.0,False,,比甲,False
20261010-B1-RAALLaLouviere-ClubBrugge-HO25,B1,2026-10-10,17:15,RAAL La Louviere,Club Brugge,1X2+OU25,H&O25,主胜 RAAL La Louviere + 大于 2.5 球,0.061036944971849624,0.08831050704835626,0.0798757942392632,average,,12.51943732796646,12.895020447805452,,,,1.0,False,12.277875611264813,比甲,False
20261010-B1-RAALLaLouviere-ClubBrugge-HU25,B1,2026-10-10,17:15,RAAL La Louviere,Club Brugge,1X2+OU25,H&U25,主胜 RAAL La Louviere + 小于 2.5 球,0.041602356883377774,0.052614416044197435,0.049563442482090415,average,,20.17616109618186,20.781445929067317,,,,1.0,False,20.83684003450335,比甲,False
20261010-B1-RAALLaLouviere-ClubBrugge-DO25,B1,2026-10-10,17:15,RAAL La Louviere,Club Brugge,1X2+OU25,D&O25,平局 + 大于 2.5 球,0.046784807803692034,0.055835452927656085,0.05299476991900763,average,,18.869786613439565,19.435880211842754,,,,1.0,False,8.506973351749453,比甲,False
20261010-B1-RAALLaLouviere-ClubBrugge-DU25,B1,2026-10-10,17:15,RAAL La Louviere,Club Brugge,1X2+OU25,D&U25,平局 + 小于 2.5 球,0.1297704388593961,0.1353780319314847,0.13382124348143015,average,,7.472655118010214,7.69683477155052,,,,1.0,False,14.437224200704032,比甲,False
20261010-B1-RAALLaLouviere-ClubBrugge-AO25,B1,2026-10-10,17:15,RAAL La Louviere,Club Brugge,1X2+OU25,A&O25,客胜 Club Brugge + 大于 2.5 球,0.5095188735099944,0.4901823982329429,0.4963614744736587,average,,2.0146607894184356,2.075100613100989,,,,1.0,False,2.324315978976524,比甲,False
20261010-B1-RAALLaLouviere-ClubBrugge-AU25,B1,2026-10-10,17:15,RAAL La Louviere,Club Brugge,1X2+OU25,A&U25,客胜 Club Brugge + 小于 2.5 球,0.21128657797169026,0.17767919381536273,0.18738327540455,average,,5.336655567798439,5.496755234832392,,,,1.0,False,3.944607501898669,比甲,False
20261010-B1-Genk-Kortrijk-H,B1,2026-10-10,19:45,Genk,Kortrijk,1X2,H,主胜 Genk,0.7497656513476285,0.6502732984673495,0.6801210043314332,average,market_max,1.470326594284515,1.5144363921130504,1.46,1.42,-0.007023333676107524,1.0,False,,比甲,False
20261010-B1-Genk-Kortrijk-D,B1,2026-10-10,19:45,Genk,Kortrijk,1X2,D,平局,0.16856171440326873,0.2033894457761313,0.19294112636427252,average,market_max,5.1829281752610985,5.338416020518932,4.75,4.54,-0.08352964976970556,1.0,False,,比甲,False
20261010-B1-Genk-Kortrijk-A,B1,2026-10-10,19:45,Genk,Kortrijk,1X2,A,客胜 Kortrijk,0.08167263424910283,0.14633725575651924,0.12693786930429432,average,market_max,7.8778697443141175,8.114205836643542,7.0,6.31,-0.11143491486993973,1.0,False,,比甲,False
20261010-B1-Genk-Kortrijk-O25,B1,2026-10-10,19:45,Genk,Kortrijk,OU25,O25,大于 2.5 球,0.5848778032907701,0.6076923076923076,0.6008479563718463,average,market_max,1.6643145564451762,1.7142439931385316,1.57,1.53,-0.056668708496201314,1.0,False,,比甲,False
20261010-B1-Genk-Kortrijk-U25,B1,2026-10-10,19:45,Genk,Kortrijk,OU25,U25,小于 2.5 球,0.4151221967092299,0.39230769230769225,0.3991520436281535,average,market_max,2.505310986035164,2.580470315616219,2.5,2.37,-0.002119890929616286,1.0,False,,比甲,False
20261010-B1-Genk-Kortrijk-HO25,B1,2026-10-10,19:45,Genk,Kortrijk,1X2+OU25,H&O25,主胜 Genk + 大于 2.5 球,0.5055571404113876,0.46987376907384265,0.48178132590479017,average,,2.075630470155708,2.1378993842603795,,,,1.0,False,2.4470859535961793,比甲,False
20261010-B1-Genk-Kortrijk-HU25,B1,2026-10-10,19:45,Genk,Kortrijk,1X2+OU25,H&U25,主胜 Genk + 小于 2.5 球,0.24420851093624102,0.18039952939366719,0.19833967842712014,average,,5.041855507330823,5.193111172550747,,,,1.0,False,3.6836253697206627,比甲,False
20261010-B1-Genk-Kortrijk-DO25,B1,2026-10-10,19:45,Genk,Kortrijk,1X2+OU25,D&O25,平局 + 大于 2.5 球,0.03566743209187518,0.051342728320720364,0.04620860290098964,average,,21.640991876397614,22.290221632689544,,,,1.0,False,8.626022807096883,比甲,False
20261010-B1-Genk-Kortrijk-DU25,B1,2026-10-10,19:45,Genk,Kortrijk,1X2+OU25,D&U25,平局 + 小于 2.5 球,0.13289428231139355,0.15204671745525594,0.14673252346282814,average,,6.815121667646714,7.019575317676116,,,,1.0,False,12.984846897312817,比甲,False
20261010-B1-Genk-Kortrijk-AO25,B1,2026-10-10,19:45,Genk,Kortrijk,1X2+OU25,A&O25,客胜 Kortrijk + 大于 2.5 球,0.04365323078750728,0.0864758102977448,0.0728580275660667,average,,13.725323528601061,14.137083234459094,,,,1.0,False,13.111253289241025,比甲,False
20261010-B1-Genk-Kortrijk-AU25,B1,2026-10-10,19:45,Genk,Kortrijk,1X2+OU25,A&U25,客胜 Kortrijk + 小于 2.5 球,0.03801940346159554,0.0598614454587692,0.05407984173820539,average,,18.491178373651515,19.04591372486106,,,,1.0,False,19.736513616984187,比甲,False
20261010-B1-Waregem-Gent-H,B1,2026-10-10,19:45,Waregem,Gent,1X2,H,主胜 Waregem,0.4376900350332462,0.3332529580229366,0.36458408112602947,average,market_max,2.742851517025835,2.82513706253661,2.9,2.77,0.05729383526548548,1.0,True,,比甲,False
20261010-B1-Waregem-Gent-D,B1,2026-10-10,19:45,Waregem,Gent,1X2,D,平局,0.26809370800943644,0.2788854059587717,0.27564789657397115,average,market_max,3.627816545778162,3.7366510421515065,3.4,3.31,-0.06279715164849808,1.0,False,,比甲,False
20261010-B1-Waregem-Gent-A,B1,2026-10-10,19:45,Waregem,Gent,1X2,A,客胜 Gent,0.29421625695731735,0.3878616360182917,0.3597680222999994,average,market_max,2.779568883323741,2.862955949823453,2.45,2.38,-0.11856834536500149,1.0,False,,比甲,False
20261010-B1-Waregem-Gent-O25,B1,2026-10-10,19:45,Waregem,Gent,OU25,O25,大于 2.5 球,0.5105518588867975,0.4946236559139785,0.49940211680582414,average,market_max,2.002394395914859,2.0624662277923047,1.95,1.88,-0.026165872228642972,1.0,False,,比甲,False
20261010-B1-Waregem-Gent-U25,B1,2026-10-10,19:45,Waregem,Gent,OU25,U25,小于 2.5 球,0.48944814111320245,0.5053763440860215,0.5005978831941758,average,market_max,1.9976113235223416,2.057539663228012,1.91,1.84,-0.04385804309912433,1.0,False,,比甲,False
20261010-B1-Waregem-Gent-HO25,B1,2026-10-10,19:45,Waregem,Gent,1X2+OU25,H&O25,主胜 Waregem + 大于 2.5 球,0.26898388700090287,0.20129750378372693,0.22137660002208448,average,,4.517189259841556,4.652704937636803,,,,1.0,False,5.492270506519101,比甲,False
20261010-B1-Waregem-Gent-HU25,B1,2026-10-10,19:45,Waregem,Gent,1X2+OU25,H&U25,主胜 Waregem + 小于 2.5 球,0.16870614803234332,0.13195545423908145,0.14320748110384637,average,,6.98287542167475,7.192361684324992,,,,1.0,False,5.479151249151241,比甲,False
20261010-B1-Waregem-Gent-DO25,B1,2026-10-10,19:45,Waregem,Gent,1X2+OU25,D&O25,平局 + 大于 2.5 球,0.06721643257334443,0.06763339513198885,0.06752154517854739,average,,14.810087615081935,15.254390243534393,,,,1.0,False,7.264319520673392,比甲,False
20261010-B1-Waregem-Gent-DU25,B1,2026-10-10,19:45,Waregem,Gent,1X2+OU25,D&U25,平局 + 小于 2.5 球,0.20087727543609202,0.21125201082703002,0.20812635139559973,average,,4.804773606486921,4.948916814681529,,,,1.0,False,7.246967411508163,比甲,False
20261010-B1-Waregem-Gent-AO25,B1,2026-10-10,19:45,Waregem,Gent,1X2+OU25,A&O25,客胜 Gent + 大于 2.5 球,0.17435153931255032,0.22569275699826272,0.21050397160519227,average,,4.750504194170435,4.893019319995548,,,,1.0,False,5.565793155026781,比甲,False
20261010-B1-Waregem-Gent-AU25,B1,2026-10-10,19:45,Waregem,Gent,1X2+OU25,A&U25,客胜 Gent + 小于 2.5 球,0.11986471764476703,0.16216887901991003,0.14926405069472973,average,,6.6995367963393235,6.900522900229504,,,,1.0,False,5.552498275837855,比甲,False
20261009-D1-Dortmund-WerderBremen-H,D1,2026-10-09,19:30,Dortmund,Werder Bremen,1X2,H,主胜 Dortmund,0.7249585758180097,0.7148233471220784,0.7178639157308577,average,market_max,1.3930216829214759,1.5,1.35,1.32,-0.03088371376334198,1.0,False,,德甲,False
20261009-D1-Dortmund-WerderBremen-D,D1,2026-10-09,19:30,Dortmund,Werder Bremen,1X2,D,平局,0.17406704054960087,0.16940158315998988,0.17080122037687318,average,market_max,5.854759104141635,6.030401877265884,5.75,5.57,-0.017892982832979243,1.0,False,,德甲,False
20261009-D1-Dortmund-WerderBremen-A,D1,2026-10-09,19:30,Dortmund,Werder Bremen,1X2,A,客胜 Werder Bremen,0.10097438363238948,0.11577506971793172,0.11133486389226904,average,market_max,8.981912448984803,9.251369822454349,9.7,8.15,0.07994817975500967,1.0,False,,德甲,False
20261009-D1-Dortmund-WerderBremen-O25,D1,2026-10-09,19:30,Dortmund,Werder Bremen,OU25,O25,大于 2.5 球,0.6249371047862502,0.6850574712643679,0.6670213613209326,average,market_max,1.4992023614051202,1.5441784322472738,1.4,1.37,-0.06617009415069441,1.0,False,,德甲,False
20261009-D1-Dortmund-WerderBremen-U25,D1,2026-10-09,19:30,Dortmund,Werder Bremen,OU25,U25,小于 2.5 球,0.3750628952137498,0.3149425287356322,0.33297863867906746,average,market_max,3.003195652330789,3.0932915219007127,3.2,2.98,0.06553164377301601,1.0,True,,德甲,False
20261009-D1-Dortmund-WerderBremen-HO25,D1,2026-10-09,19:30,Dortmund,Werder Bremen,1X2+OU25,H&O25,主胜 Dortmund + 大于 2.5 球,0.5171450200087989,0.5508949931595217,0.5411593892566013,average,,1.8478844123423874,1.903320944712659,,,,1.0,False,2.088421396524411,德甲,False
20261009-D1-Dortmund-WerderBremen-HU25,D1,2026-10-09,19:30,Dortmund,Werder Bremen,1X2+OU25,H&U25,主胜 Dortmund + 小于 2.5 球,0.2078135558092108,0.16392835396271835,0.17670452647514504,average,,5.659164594975207,5.828939532824464,,,,1.0,False,4.183516661752295,德甲,False
20261009-D1-Dortmund-WerderBremen-DO25,D1,2026-10-09,19:30,Dortmund,Werder Bremen,1X2+OU25,D&O25,平局 + 大于 2.5 球,0.04706262882694411,0.05649871962477739,0.05349536167791117,average,,18.693209441612414,19.254005724860786,,,,1.0,False,8.777468674387265,德甲,False
20261009-D1-Dortmund-WerderBremen-DU25,D1,2026-10-09,19:30,Dortmund,Werder Bremen,1X2+OU25,D&U25,平局 + 小于 2.5 球,0.12700441172265675,0.11290286353505519,0.11730585869810056,average,,8.524723411927866,8.780465114285702,,,,1.0,False,17.582987087002262,德甲,False
20261009-D1-Dortmund-WerderBremen-AO25,D1,2026-10-09,19:30,Dortmund,Werder Bremen,1X2+OU25,A&O25,客胜 Werder Bremen + 大于 2.5 球,0.06072945595050718,0.07766375848006869,0.0723666103864201,average,,13.818527559329409,14.233083386109291,,,,1.0,False,13.465704353452063,德甲,False
20261009-D1-Dortmund-WerderBremen-AU25,D1,2026-10-09,19:30,Dortmund,Werder Bremen,1X2+OU25,A&U25,客胜 Werder Bremen + 小于 2.5 球,0.040244927681882287,0.038111311237858686,0.038968253505821934,average,,25.661914764812284,26.431772207756655,,,,1.0,False,26.974440416406953,德甲,False
20261010-D1-Augsburg-BayernMunich-H,D1,2026-10-10,14:30,Augsburg,Bayern Munich,1X2,H,主胜 Augsburg,0.08853543213102469,0.08489470798800348,0.08598692523090984,average,market_max,11.629675061814265,11.978565313668694,13.0,11.02,0.11783002800182785,1.0,False,,德甲,False
20261010-D1-Augsburg-BayernMunich-D,D1,2026-10-10,14:30,Augsburg,Bayern Munich,1X2,D,平局,0.13596375750477407,0.11549872617627141,0.1216382355748222,average,market_max,8.221099190351863,8.467732166062419,9.0,8.1,0.09474412017339984,1.0,False,,德甲,False
20261010-D1-Augsburg-BayernMunich-A,D1,2026-10-10,14:30,Augsburg,Bayern Munich,1X2,A,客胜 Bayern Munich,0.775500810364201,0.7996065658357252,0.7923748391942679,average,market_max,1.2620289672711684,1.5,1.2,1.17,-0.049150192966878614,1.0,False,,德甲,False
20261010-D1-Augsburg-BayernMunich-O25,D1,2026-10-10,14:30,Augsburg,Bayern Munich,OU25,O25,大于 2.5 球,0.7649241341081717,0.8290468986384265,0.8098100692793501,average,market_max,1.2348574535383339,1.5,1.15,1.13,-0.06871842032874753,1.0,False,,德甲,False
20261010-D1-Augsburg-BayernMunich-U25,D1,2026-10-10,14:30,Augsburg,Bayern Munich,OU25,U25,小于 2.5 球,0.23507586589182827,0.17095310136157335,0.19018993072064982,average,market_max,5.257901910005929,5.415638967306107,6.0,5.48,0.14113958432389895,1.0,False,,德甲,False
20261010-D1-Augsburg-BayernMunich-HO25,D1,2026-10-10,14:30,Augsburg,Bayern Munich,1X2+OU25,H&O25,主胜 Augsburg + 大于 2.5 球,0.06509737945979717,0.06821388522237201,0.0673116688545576,average,,14.856265147143075,15.301953101557366,,,,1.0,False,14.360990932310232,德甲,False
20261010-D1-Augsburg-BayernMunich-HU25,D1,2026-10-10,14:30,Augsburg,Bayern Munich,1X2+OU25,H&U25,主胜 Augsburg + 小于 2.5 球,0.02343805267122752,0.01668082276559589,0.018675256376308923,average,,53.5467883197888,55.15319196938247,,,,1.0,False,61.147690720261544,德甲,False
20261010-D1-Augsburg-BayernMunich-DO25,D1,2026-10-10,14:30,Augsburg,Bayern Munich,1X2+OU25,D&O25,平局 + 大于 2.5 球,0.05728800445433776,0.05975884284250125,0.059097392739478755,average,,16.921220271228165,17.42885687936501,,,,1.0,False,10.15188561148396,德甲,False
20261010-D1-Augsburg-BayernMunich-DU25,D1,2026-10-10,14:30,Augsburg,Bayern Munich,1X2+OU25,D&U25,平局 + 小于 2.5 球,0.07867575305043631,0.05573988333317946,0.06254084283460791,average,,15.98955106256795,16.469237594444987,,,,1.0,False,43.22573313529926,德甲,False
20261010-D1-Augsburg-BayernMunich-AO25,D1,2026-10-10,14:30,Augsburg,Bayern Munich,1X2+OU25,A&O25,客胜 Bayern Munich + 大于 2.5 球,0.642538750194037,0.7010741705735534,0.6834010076853138,average,,1.463269718297622,1.5071678098465506,,,,1.0,False,1.5584258768160886,德甲,False
20261010-D1-Augsburg-BayernMunich-AU25,D1,2026-10-10,14:30,Augsburg,Bayern Munich,1X2+OU25,A&U25,客胜 Bayern Munich + 小于 2.5 球,0.1329620601701643,0.09853239526279804,0.10897383150973299,average,,9.176515004987094,9.451810455136705,,,,1.0,False,6.635624517497886,德甲,False
20261010-D1-Hoffenheim-Hamburg-H,D1,2026-10-10,14:30,Hoffenheim,Hamburg,1X2,H,主胜 Hoffenheim,0.5983360854953208,0.6654877431529747,0.6453422458556785,average,market_max,1.5495653762354737,1.596052337522538,1.44,1.41,-0.07070716596782312,1.0,False,,德甲,False
20261010-D1-Hoffenheim-Hamburg-D,D1,2026-10-10,14:30,Hoffenheim,Hamburg,1X2,D,平局,0.2150056234124944,0.18766754356913884,0.1958689675221455,average,market_max,5.105453981049536,5.258617600481022,5.25,5.0,0.02831207949126391,1.0,False,,德甲,False
20261010-D1-Hoffenheim-Hamburg-A,D1,2026-10-10,14:30,Hoffenheim,Hamburg,1X2,A,客胜 Hamburg,0.1866582910921848,0.14684471327788642,0.15878878662217594,average,market_max,6.297673918117485,6.486604135661009,7.1,6.39,0.127400385017449,1.0,False,,德甲,False
20261010-D1-Hoffenheim-Hamburg-O25,D1,2026-10-10,14:30,Hoffenheim,Hamburg,OU25,O25,大于 2.5 球,0.630678903700653,0.6783216783216783,0.6640288459353707,average,market_max,1.505958673514206,1.5511374337196324,1.4,1.38,-0.0703596156904811,1.0,False,,德甲,False
20261010-D1-Hoffenheim-Hamburg-U25,D1,2026-10-10,14:30,Hoffenheim,Hamburg,OU25,U25,小于 2.5 球,0.36932109629934695,0.3216783216783216,0.3359711540646292,average,market_max,2.976446007051054,3.0657393872625858,3.0,2.91,0.007913462193887444,1.0,False,,德甲,False
20261010-D1-Hoffenheim-Hamburg-HO25,D1,2026-10-10,14:30,Hoffenheim,Hamburg,1X2+OU25,H&O25,主胜 Hoffenheim + 大于 2.5 球,0.4337947451533145,0.5043792913650106,0.4827697287887317,average,,2.0713809097123757,2.1335223370037473,,,,1.0,False,2.333581418519116,德甲,False
20261010-D1-Hoffenheim-Hamburg-HU25,D1,2026-10-10,14:30,Hoffenheim,Hamburg,1X2+OU25,H&U25,主胜 Hoffenheim + 小于 2.5 球,0.16454134034200635,0.16110845178866293,0.1625725170675442,average,,6.151101170344363,6.335634205454694,,,,1.0,False,4.6121976767606405,德甲,False
20261010-D1-Hoffenheim-Hamburg-DO25,D1,2026-10-10,14:30,Hoffenheim,Hamburg,1X2+OU25,D&O25,平局 + 大于 2.5 球,0.07233250888273117,0.07052425081564387,0.07119513750348631,average,,14.045903063970227,14.467280155889334,,,,1.0,False,7.688602704989181,德甲,False
20261010-D1-Hoffenheim-Hamburg-DU25,D1,2026-10-10,14:30,Hoffenheim,Hamburg,1X2+OU25,D&U25,平局 + 小于 2.5 球,0.1426731145297632,0.11714329275274592,0.12467383001801104,average,,8.020929491422015,8.261557376164676,,,,1.0,False,15.196108116077799,德甲,False
20261010-D1-Hoffenheim-Hamburg-AO25,D1,2026-10-10,14:30,Hoffenheim,Hamburg,1X2+OU25,A&O25,客胜 Hamburg + 大于 2.5 球,0.12455164966460743,0.10341813614102392,0.11006397964315283,average,,9.08562459073513,9.358193328457183,,,,1.0,False,9.48403665995322,德甲,False
20261010-D1-Hoffenheim-Hamburg-AU25,D1,2026-10-10,14:30,Hoffenheim,Hamburg,1X2+OU25,A&U25,客胜 Hamburg + 小于 2.5 球,0.06210664142757738,0.04342657713691278,0.04872480697907403,average,,20.5234266075076,21.139129405732827,,,,1.0,False,18.744686387290354,德甲,False
20261010-D1-Mainz-Leverkusen-H,D1,2026-10-10,14:30,Mainz,Leverkusen,1X2,H,主胜 Mainz,0.307442523489059,0.32476525041909104,0.3195684323400814,average,market_max,3.1292202195234675,3.2230968261091717,3.0,2.88,-0.04129470297975568,1.0,False,,德甲,False
20261010-D1-Mainz-Leverkusen-D,D1,2026-10-10,14:30,Mainz,Leverkusen,1X2,D,平局,0.2509987078129897,0.24420990109842877,0.24624654311279703,average,market_max,4.0609707139804785,4.1827998353998925,4.0,3.83,-0.015013827548811864,1.0,False,,德甲,False
20261010-D1-Mainz-Leverkusen-A,D1,2026-10-10,14:30,Mainz,Leverkusen,1X2,A,客胜 Leverkusen,0.4415587686979512,0.4310248484824803,0.4341850245471215,average,market_max,2.303165571044405,2.372260538175737,2.25,2.17,-0.023083694768976648,1.0,False,,德甲,False
20261010-D1-Mainz-Leverkusen-O25,D1,2026-10-10,14:30,Mainz,Leverkusen,OU25,O25,大于 2.5 球,0.5886175022747091,0.6570048309178744,0.6364886323249248,average,market_max,1.5711199685487929,1.6182535676052565,1.48,1.42,-0.05799682415911134,1.0,False,,德甲,False
20261010-D1-Mainz-Leverkusen-U25,D1,2026-10-10,14:30,Mainz,Leverkusen,OU25,U25,小于 2.5 球,0.4113824977252909,0.3429951690821256,0.36351136767507514,average,market_max,2.750945606999148,2.8334739752091225,2.88,2.72,0.04691273890421632,1.0,True,,德甲,False
20261010-D1-Mainz-Leverkusen-HO25,D1,2026-10-10,14:30,Mainz,Leverkusen,1X2+OU25,H&O25,主胜 Mainz + 大于 2.5 球,0.20492700222296267,0.23779308767417986,0.22781045208371223,average,,4.389614220301603,4.521302646910651,,,,1.0,False,4.916380372879957,德甲,False
20261010-D1-Mainz-Leverkusen-HU25,D1,2026-10-10,14:30,Mainz,Leverkusen,1X2+OU25,H&U25,主胜 Mainz + 小于 2.5 球,0.1025155212660963,0.08697216274496306,0.09175798025674606,average,,10.898234651655597,11.225181691205265,,,,1.0,False,8.608314616230992,德甲,False
20261010-D1-Mainz-Leverkusen-DO25,D1,2026-10-10,14:30,Mainz,Leverkusen,1X2+OU25,D&O25,平局 + 大于 2.5 球,0.08144073408836155,0.09682477716984088,0.09200946277899423,average,,10.868447329183843,11.194500749059358,,,,1.0,False,6.380272180426578,德甲,False
20261010-D1-Mainz-Leverkusen-DU25,D1,2026-10-10,14:30,Mainz,Leverkusen,1X2+OU25,D&U25,平局 + 小于 2.5 球,0.16955797372462814,0.14738512392845263,0.1542370803328036,average,,6.483525218723407,6.678030975285109,,,,1.0,False,11.17150954577679,德甲,False
20261010-D1-Mainz-Leverkusen-AO25,D1,2026-10-10,14:30,Mainz,Leverkusen,1X2+OU25,A&O25,客胜 Leverkusen + 大于 2.5 球,0.30224976596338504,0.32238696607385364,0.3166687174622185,average,,3.157874285827773,3.2526105144026065,,,,1.0,False,3.6185494195419476,德甲,False
20261010-D1-Mainz-Leverkusen-AU25,D1,2026-10-10,14:30,Mainz,Leverkusen,1X2+OU25,A&U25,客胜 Leverkusen + 小于 2.5 球,0.13930900273456626,0.10863788240870988,0.11751630708552549,average,,8.509457323843783,8.764741043559097,,,,1.0,False,6.33588320985629,德甲,False
20261010-D1-RBLeipzig-EinFrankfurt-H,D1,2026-10-10,17:30,RB Leipzig,Ein Frankfurt,1X2,H,主胜 RB Leipzig,0.5492211773673575,0.6043392356066385,0.5878038181348542,average,market_max,1.7012478809223721,1.7522853173500432,1.57,1.55,-0.07714800552827894,1.0,False,,德甲,False
20261010-D1-RBLeipzig-EinFrankfurt-D,D1,2026-10-10,17:30,RB Leipzig,Ein Frankfurt,1X2,D,平局,0.20963944234015436,0.19803928439541008,0.20151933177883335,average,market_max,4.962303076200629,5.1111721684866485,5.0,4.73,0.007596658894166719,1.0,False,,德甲,False
20261010-D1-RBLeipzig-EinFrankfurt-A,D1,2026-10-10,17:30,RB Leipzig,Ein Frankfurt,1X2,A,客胜 Ein Frankfurt,0.2411393802924881,0.1976214799979514,0.2106768500863124,average,market_max,4.746605996768554,4.889004176671611,5.1,4.74,0.07445193544019313,1.0,True,,德甲,False
20261010-D1-RBLeipzig-EinFrankfurt-O25,D1,2026-10-10,17:30,RB Leipzig,Ein Frankfurt,OU25,O25,大于 2.5 球,0.721456841429863,0.732776617954071,0.7293806849968085,average,market_max,1.3710261603710765,1.5,1.3,1.28,-0.05180510950414885,1.0,False,,德甲,False
20261010-D1-RBLeipzig-EinFrankfurt-U25,D1,2026-10-10,17:30,RB Leipzig,Ein Frankfurt,OU25,U25,小于 2.5 球,0.278543158570137,0.26722338204592905,0.2706193150031914,average,market_max,3.695227740814461,3.806084573038895,3.75,3.51,0.014822431261967806,1.0,False,,德甲,False
20261010-D1-RBLeipzig-EinFrankfurt-HO25,D1,2026-10-10,17:30,RB Leipzig,Ein Frankfurt,1X2+OU25,H&O25,主胜 RB Leipzig + 大于 2.5 球,0.43944008082611896,0.4867336743890803,0.4724799776458232,average,,2.1164918034888927,2.1799865575935593,,,,1.0,False,2.33245535002043,德甲,False
20261010-D1-RBLeipzig-EinFrankfurt-HU25,D1,2026-10-10,17:30,RB Leipzig,Ein Frankfurt,1X2+OU25,H&U25,主胜 RB Leipzig + 小于 2.5 球,0.10978109654123858,0.11760556121797347,0.11532384048933882,average,,8.671233942234569,8.931370960501607,,,,1.0,False,6.2864983635861655,德甲,False
20261010-D1-RBLeipzig-EinFrankfurt-DO25,D1,2026-10-10,17:30,RB Leipzig,Ein Frankfurt,1X2+OU25,D&O25,平局 + 大于 2.5 球,0.09679840091941103,0.0930864766327518,0.09421390377710345,average,,10.614144621008977,10.932568959639248,,,,1.0,False,6.80344733316093,德甲,False
20261010-D1-RBLeipzig-EinFrankfurt-DU25,D1,2026-10-10,17:30,RB Leipzig,Ein Frankfurt,1X2+OU25,D&U25,平局 + 小于 2.5 球,0.11284104142074333,0.10495280776216598,0.10730542800135856,average,,9.319193060646842,9.598768852466247,,,,1.0,False,18.336839985505502,德甲,False
20261010-D1-RBLeipzig-EinFrankfurt-AO25,D1,2026-10-10,17:30,RB Leipzig,Ein Frankfurt,1X2+OU25,A&O25,客胜 Ein Frankfurt + 大于 2.5 球,0.18521835968433317,0.15295646693223894,0.16268680357388188,average,,6.146780058567346,6.331183460324366,,,,1.0,False,6.507720994543916,德甲,False
20261010-D1-RBLeipzig-EinFrankfurt-AU25,D1,2026-10-10,17:30,RB Leipzig,Ein Frankfurt,1X2+OU25,A&U25,客胜 Ein Frankfurt + 小于 2.5 球,0.05592102060815491,0.04466501306578955,0.04799004651249404,average,,20.837654319415037,21.46278394899749,,,,1.0,False,17.539790153975435,德甲,False
20261009-D2-Braunschweig-HolsteinKiel-H,D2,2026-10-09,17:30,Braunschweig,Holstein Kiel,1X2,H,主胜 Braunschweig,0.36516490595450024,0.3413284132841328,0.348479361085243,average,market_max,2.8696104035710333,2.9556987156781642,2.75,2.7,-0.04168175701558163,1.0,False,,德乙,False
20261009-D2-Braunschweig-HolsteinKiel-D,D2,2026-10-09,17:30,Braunschweig,Holstein Kiel,1X2,D,平局,0.2689203750306262,0.2490774907749077,0.2550303560516233,average,market_max,3.9211018463918856,4.038734901783642,3.9,3.7,-0.005381611398669217,1.0,False,,德乙,False
20261009-D2-Braunschweig-HolsteinKiel-A,D2,2026-10-09,17:30,Braunschweig,Holstein Kiel,1X2,A,客胜 Holstein Kiel,0.3659147190148735,0.4095940959409594,0.39649028286313365,average,market_max,2.522129906384603,2.597793803576141,2.35,2.25,-0.06824783527163591,1.0,False,,德乙,False
20261009-D2-Braunschweig-HolsteinKiel-O25,D2,2026-10-09,17:30,Braunschweig,Holstein Kiel,OU25,O25,大于 2.5 球,0.48676681338091843,0.6359102244389027,0.5911672011215073,average,market_max,1.691568811840192,1.7423158761953979,1.5,1.46,-0.11324919831773905,1.0,False,,德乙,False
20261009-D2-Braunschweig-HolsteinKiel-U25,D2,2026-10-09,17:30,Braunschweig,Holstein Kiel,OU25,U25,小于 2.5 球,0.5132331866190816,0.3640897755610973,0.40883279887849255,average,market_max,2.4459877063268736,2.51936733751668,2.7,2.55,0.10384855697193007,1.0,True,,德乙,False
20261009-D2-Braunschweig-HolsteinKiel-HO25,D2,2026-10-09,17:30,Braunschweig,Holstein Kiel,1X2+OU25,H&O25,主胜 Braunschweig + 大于 2.5 球,0.21062860631922586,0.24629069933561948,0.23691140954072593,average,,4.220987085166518,4.347616697721514,,,,1.0,False,4.854143460812907,德乙,False
20261009-D2-Braunschweig-HolsteinKiel-HU25,D2,2026-10-09,17:30,Braunschweig,Holstein Kiel,1X2+OU25,H&U25,主胜 Braunschweig + 小于 2.5 球,0.1545362996352744,0.09503771394861261,0.11156795154458556,average,,8.963147446517139,9.232041869912655,,,,1.0,False,7.019031769082446,德乙,False
20261009-D2-Braunschweig-HolsteinKiel-DO25,D2,2026-10-09,17:30,Braunschweig,Holstein Kiel,1X2+OU25,D&O25,平局 + 大于 2.5 球,0.06502968421985218,0.09402699981474592,0.08465865696358915,average,,11.81214108357625,12.166505316083537,,,,1.0,False,6.632813591405505,德乙,False
20261009-D2-Braunschweig-HolsteinKiel-DU25,D2,2026-10-09,17:30,Braunschweig,Holstein Kiel,1X2+OU25,D&U25,平局 + 小于 2.5 球,0.20389069081077402,0.15505049095994325,0.17037169908788774,average,,5.869519441043675,6.045605024274985,,,,1.0,False,9.590966911530156,德乙,False
20261009-D2-Braunschweig-HolsteinKiel-AO25,D2,2026-10-09,17:30,Braunschweig,Holstein Kiel,1X2+OU25,A&O25,客胜 Holstein Kiel + 大于 2.5 球,0.21110852284184034,0.2955925252885373,0.26959713461719237,average,,3.70923823585857,3.8205153829343272,,,,1.0,False,4.266356289049618,德乙,False
20261009-D2-Braunschweig-HolsteinKiel-AU25,D2,2026-10-09,17:30,Braunschweig,Holstein Kiel,1X2+OU25,A&U25,客胜 Holstein Kiel + 小于 2.5 球,0.1548061961730331,0.11400157065254143,0.12689314824601933,average,,7.880646148531272,8.11706553298721,,,,1.0,False,6.169098744776087,德乙,False
20261010-D2-Magdeburg-Hannover-H,D2,2026-10-10,12:00,Magdeburg,Hannover,1X2,H,主胜 Magdeburg,0.38934550780185606,0.3748923218285189,0.37922827762052,average,market_max,2.636934160802913,2.7160421856270003,2.5,2.45,-0.05192930594869993,1.0,False,,德乙,False
20261010-D2-Magdeburg-Hannover-D,D2,2026-10-10,12:00,Magdeburg,Hannover,1X2,D,平局,0.24682074383343822,0.23918911158329986,0.24147860125834136,average,market_max,4.141153687279184,4.265388297897559,4.0,3.84,-0.03408559496663455,1.0,False,,德乙,False
20261010-D2-Magdeburg-Hannover-A,D2,2026-10-10,12:00,Magdeburg,Hannover,1X2,A,客胜 Hannover,0.36383374836470583,0.3859185665881813,0.37929312112113867,average,market_max,2.636483353676799,2.715577854287103,2.45,2.38,-0.07073185325321019,1.0,False,,德乙,False
20261010-D2-Magdeburg-Hannover-O25,D2,2026-10-10,12:00,Magdeburg,Hannover,OU25,O25,大于 2.5 球,0.5845455120953761,0.6926605504587157,0.6602260389497138,average,market_max,1.514632778784063,1.560071762147585,1.4,1.34,-0.07568354547040079,1.0,False,,德乙,False
20261010-D2-Magdeburg-Hannover-U25,D2,2026-10-10,12:00,Magdeburg,Hannover,OU25,U25,小于 2.5 球,0.4154544879046239,0.30733944954128445,0.3397739610502863,average,market_max,2.943133125648792,3.031427119418256,3.25,3.02,0.10426537341343045,1.0,True,,德乙,False
20261010-D2-Magdeburg-Hannover-HO25,D2,2026-10-10,12:00,Magdeburg,Hannover,1X2+OU25,H&O25,主胜 Magdeburg + 大于 2.5 球,0.26022948237795696,0.2883996628940378,0.28061748297844874,average,,3.563569843853241,3.670476939168838,,,,1.0,False,3.9939869154475374,德乙,False
20261010-D2-Magdeburg-Hannover-HU25,D2,2026-10-10,12:00,Magdeburg,Hannover,1X2+OU25,H&U25,主胜 Magdeburg + 小于 2.5 球,0.12911602542389922,0.08649265893471886,0.09861079464226567,average,,10.140877615150957,10.445103943605487,,,,1.0,False,7.760848278813951,德乙,False
20261010-D2-Magdeburg-Hannover-DO25,D2,2026-10-10,12:00,Magdeburg,Hannover,1X2+OU25,D&O25,平局 + 大于 2.5 球,0.08253939602690176,0.10857123795826858,0.10021290623344323,average,,9.97875460941655,10.278117247699045,,,,1.0,False,6.272327116735539,德乙,False
20261010-D2-Magdeburg-Hannover-DU25,D2,2026-10-10,12:00,Magdeburg,Hannover,1X2+OU25,D&U25,平局 + 小于 2.5 球,0.16428134780653647,0.1306178736245586,0.14126569502451752,average,,7.078859448689534,7.291225232150221,,,,1.0,False,12.187966595434004,德乙,False
20261010-D2-Magdeburg-Hannover-AO25,D2,2026-10-10,12:00,Magdeburg,Hannover,1X2+OU25,A&O25,客胜 Hannover + 大于 2.5 球,0.2417766336905175,0.29568964960640925,0.27939564973782177,average,,3.5791537947651517,3.6865284086081065,,,,1.0,False,3.993304108197415,德乙,False
20261010-D2-Magdeburg-Hannover-AU25,D2,2026-10-10,12:00,Magdeburg,Hannover,1X2+OU25,A&U25,客胜 Hannover + 小于 2.5 球,0.12205711467418838,0.09022891698200694,0.09989747138350313,average,,10.010263384555877,10.310571286092554,,,,1.0,False,7.7595214934278065,德乙,False
20261010-E0-Arsenal-Leeds-H,E0,2026-10-10,12:30,Arsenal,Leeds,1X2,H,主胜 Arsenal,0.606718117315324,0.6832431139807388,0.6602856149811143,average,market_max,1.5144961170002202,1.559931000510227,1.4,1.38,-0.07560013902644014,1.0,False,,英超,False
20261010-E0-Arsenal-Leeds-D,E0,2026-10-10,12:30,Arsenal,Leeds,1X2,D,平局,0.2575073797668614,0.19725428813669862,0.21533021562574745,average,market_max,4.644030086971353,4.7833509895804935,5.0,4.78,0.07665107812873728,1.0,True,,英超,False
20261010-E0-Arsenal-Leeds-A,E0,2026-10-10,12:30,Arsenal,Leeds,1X2,A,客胜 Leeds,0.13577450291781454,0.11950259788256268,0.12438416939313823,average,market_max,8.039608294841143,8.280796543686378,9.5,7.89,0.18164960923481321,1.0,False,,英超,False
20261010-E0-Arsenal-Leeds-O25,E0,2026-10-10,12:30,Arsenal,Leeds,OU25,O25,大于 2.5 球,0.43296321105624047,0.5226666666666666,0.4957556299835387,average,market_max,2.01712283132963,2.0776365162695187,1.85,1.79,-0.08285208453045334,1.0,False,,英超,False
20261010-E0-Arsenal-Leeds-U25,E0,2026-10-10,12:30,Arsenal,Leeds,OU25,U25,小于 2.5 球,0.5670367889437595,0.47733333333333333,0.5042443700164612,average,market_max,1.9831654242710828,2.042660386999215,2.0,1.96,0.008488740032922326,1.0,False,,英超,False
20261010-E0-Arsenal-Leeds-HO25,E0,2026-10-10,12:30,Arsenal,Leeds,1X2+OU25,H&O25,主胜 Arsenal + 大于 2.5 球,0.3328868812678555,0.42253686893766085,0.39498802079636725,average,,2.5317223494115573,2.607674019893904,,,,1.0,False,3.0549246955612146,英超,False
20261010-E0-Arsenal-Leeds-HU25,E0,2026-10-10,12:30,Arsenal,Leeds,1X2+OU25,H&U25,主胜 Arsenal + 小于 2.5 球,0.27383123604746873,0.26070624504400874,0.26529759418562054,average,,3.7693519350210574,3.882432493071689,,,,1.0,False,3.003496334427649,英超,False
20261010-E0-Arsenal-Leeds-DO25,E0,2026-10-10,12:30,Arsenal,Leeds,1X2+OU25,D&O25,平局 + 大于 2.5 球,0.03652522047698492,0.03561829932626625,0.03625084344198077,average,,27.585565053141266,28.413132004735505,,,,1.0,False,9.367579117811642,英超,False
20261010-E0-Arsenal-Leeds-DU25,E0,2026-10-10,12:30,Arsenal,Leeds,1X2+OU25,D&U25,平局 + 小于 2.5 球,0.22098215928987652,0.16163598880947228,0.17907937218285644,average,,5.58411606993411,5.751639552032133,,,,1.0,False,9.209879897756215,英超,False
20261010-E0-Arsenal-Leeds-AO25,E0,2026-10-10,12:30,Arsenal,Leeds,1X2+OU25,A&O25,客胜 Leeds + 大于 2.5 球,0.06355110931140008,0.06451149840273952,0.06451676574519073,average,,15.499847031227583,15.96484244216441,,,,1.0,False,16.216877446471145,英超,False
20261010-E0-Arsenal-Leeds-AU25,E0,2026-10-10,12:30,Arsenal,Leeds,1X2+OU25,A&U25,客胜 Leeds + 小于 2.5 球,0.07222339360641447,0.05499109947985235,0.059867403647984346,average,,16.703580564140076,17.20468798106428,,,,1.0,False,15.943873195011953,英超,False
20261010-E0-AstonVilla-Brentford-H,E0,2026-10-10,15:00,Aston Villa,Brentford,1X2,H,主胜 Aston Villa,0.3795183307816933,0.35970349749947395,0.36564794748413976,average,market_max,2.7348710881068894,2.816917220750096,2.65,2.62,-0.03103293916702965,1.0,False,,英超,False
20261010-E0-AstonVilla-Brentford-D,E0,2026-10-10,15:00,Aston Villa,Brentford,1X2,D,平局,0.27219716909019637,0.2692637609853205,0.27014378341678325,average,market_max,3.7017324157971827,3.8127843882710986,3.6,3.5,-0.02748237969958034,1.0,False,,英超,False
20261010-E0-AstonVilla-Brentford-A,E0,2026-10-10,15:00,Aston Villa,Brentford,1X2,A,客胜 Brentford,0.3482845001281104,0.37103274151520543,0.3642082690990769,average,market_max,2.7456817564127474,2.82805220910513,2.6,2.54,-0.05305850034240012,1.0,False,,英超,False
20261010-E0-AstonVilla-Brentford-O25,E0,2026-10-10,15:00,Aston Villa,Brentford,OU25,O25,大于 2.5 球,0.559513261791522,0.5582010582010583,0.5585947192781974,average,market_max,1.7902066838228903,1.843912884337577,1.73,1.67,-0.03363113564871856,1.0,False,,英超,False
20261010-E0-AstonVilla-Brentford-U25,E0,2026-10-10,15:00,Aston Villa,Brentford,OU25,U25,小于 2.5 球,0.44048673820847795,0.4417989417989418,0.44140528072180263,average,market_max,2.26549170042724,2.3334564514400578,2.2,2.11,-0.028908382412034084,1.0,False,,英超,False
20261010-E0-AstonVilla-Brentford-HO25,E0,2026-10-10,15:00,Aston Villa,Brentford,1X2+OU25,H&O25,主胜 Aston Villa + 大于 2.5 球,0.2517597851952118,0.2377553586392736,0.2419468570791543,average,,4.133139037523617,4.257133208649326,,,,1.0,False,4.895984501322934,英超,False
20261010-E0-AstonVilla-Brentford-HU25,E0,2026-10-10,15:00,Aston Villa,Brentford,1X2+OU25,H&U25,主胜 Aston Villa + 小于 2.5 球,0.12775854558648145,0.12194813886008918,0.12370109040490383,average,,8.084003113689267,8.326523207099944,,,,1.0,False,6.195827751844574,英超,False
20261010-E0-AstonVilla-Brentford-DO25,E0,2026-10-10,15:00,Aston Villa,Brentford,1X2+OU25,D&O25,平局 + 大于 2.5 球,0.07793930892342743,0.07651269204142219,0.07693891691132683,average,,12.997323593111064,13.387243300904396,,,,1.0,False,6.626866112483971,英超,False
20261010-E0-AstonVilla-Brentford-DU25,E0,2026-10-10,15:00,Aston Villa,Brentford,1X2+OU25,D&U25,平局 + 小于 2.5 球,0.19425786016676894,0.19275106894412042,0.1932048665056166,average,,5.175853062536234,5.331128654412321,,,,1.0,False,8.386244065190997,英超,False
20261010-E0-AstonVilla-Brentford-AO25,E0,2026-10-10,15:00,Aston Villa,Brentford,1X2+OU25,A&O25,客胜 Brentford + 大于 2.5 球,0.2298141676728827,0.24393300752036245,0.23970894528771622,average,,4.171725835261286,4.296877610319125,,,,1.0,False,4.915337831980673,英超,False
20261010-E0-AstonVilla-Brentford-AU25,E0,2026-10-10,15:00,Aston Villa,Brentford,1X2+OU25,A&U25,客胜 Brentford + 小于 2.5 球,0.11847033245522773,0.12709973399473215,0.12449932381128213,average,,8.032172138668113,8.273137302828157,,,,1.0,False,6.220319231167568,英超,False
20261010-E0-Chelsea-Bournemouth-H,E0,2026-10-10,15:00,Chelsea,Bournemouth,1X2,H,主胜 Chelsea,0.4240603793600731,0.5679413455152964,0.5247770556687293,average,market_max,1.9055711167205827,1.9627382502222004,1.7,1.66,-0.1078790053631602,1.0,False,,英超,False
20261010-E0-Chelsea-Bournemouth-D,E0,2026-10-10,15:00,Chelsea,Bournemouth,1X2,D,平局,0.2625091478256325,0.2239388678278841,0.23550995182720863,average,market_max,4.246105067923797,4.373488219961511,4.33,4.21,0.019758091411813394,1.0,False,,英超,False
20261010-E0-Chelsea-Bournemouth-A,E0,2026-10-10,15:00,Chelsea,Bournemouth,1X2,A,客胜 Bournemouth,0.3134304728142945,0.20811978665681943,0.23971299250406194,average,market_max,4.1716554015446405,4.2968050635909805,4.75,4.53,0.13863671439429415,1.0,True,,英超,False
20261010-E0-Chelsea-Bournemouth-O25,E0,2026-10-10,15:00,Chelsea,Bournemouth,OU25,O25,大于 2.5 球,0.5908479559861137,0.6370370370370371,0.62318031272176,average,market_max,1.6046720019643559,1.6528121620232867,1.5,1.47,-0.06522953091736006,1.0,False,,英超,False
20261010-E0-Chelsea-Bournemouth-U25,E0,2026-10-10,15:00,Chelsea,Bournemouth,OU25,U25,小于 2.5 球,0.4091520440138863,0.362962962962963,0.37681968727823995,average,market_max,2.6537891563548,2.7334028310454443,2.63,2.58,-0.008964222458229032,1.0,False,,英超,False
20261010-E0-Chelsea-Bournemouth-HO25,E0,2026-10-10,15:00,Chelsea,Bournemouth,1X2+OU25,H&O25,主胜 Chelsea + 大于 2.5 球,0.2944525342154881,0.4112040193350533,0.3753115392599077,average,,2.6644531153290445,2.744386708788916,,,,1.0,False,3.0578166187534706,英超,False
20261010-E0-Chelsea-Bournemouth-HU25,E0,2026-10-10,15:00,Chelsea,Bournemouth,1X2+OU25,H&U25,主胜 Chelsea + 小于 2.5 球,0.12960784514458512,0.15673732618036065,0.14946551640892375,average,,6.690506439385611,6.891221632567179,,,,1.0,False,5.05698396621599,英超,False
20261010-E0-Chelsea-Bournemouth-DO25,E0,2026-10-10,15:00,Chelsea,Bournemouth,1X2+OU25,D&O25,平局 + 大于 2.5 球,0.08245931528850897,0.0774652961075236,0.07914861036609361,average,,12.634460609916013,13.013494428213495,,,,1.0,False,6.813605919896278,英超,False
20261010-E0-Chelsea-Bournemouth-DU25,E0,2026-10-10,15:00,Chelsea,Bournemouth,1X2+OU25,D&U25,平局 + 小于 2.5 球,0.18004983253712356,0.14647357172020542,0.15636134146097216,average,,6.395442701222925,6.587305982259613,,,,1.0,False,11.268267585999336,英超,False
20261010-E0-Chelsea-Bournemouth-AO25,E0,2026-10-10,15:00,Chelsea,Bournemouth,1X2+OU25,A&O25,客胜 Bournemouth + 大于 2.5 球,0.21393610648211658,0.1483677215944601,0.16872016309575874,average,,5.926973881790527,6.104783098244243,,,,1.0,False,6.694138624702058,英超,False
20261010-E0-Chelsea-Bournemouth-AU25,E0,2026-10-10,15:00,Chelsea,Bournemouth,1X2+OU25,A&U25,客胜 Bournemouth + 小于 2.5 球,0.09949436633217786,0.05975206506239688,0.07099282940834412,average,,14.085929640134408,14.50850752933844,,,,1.0,False,11.070693868668096,英超,False
20261010-E0-Ipswich-Fulham-H,E0,2026-10-10,15:00,Ipswich,Fulham,1X2,H,主胜 Ipswich,0.22418824228259246,0.34169418905650273,0.3064424050243296,average,market_max,3.2632559450138965,3.3611536233643133,2.8,2.75,-0.14196126593187708,1.0,False,,英超,False
20261010-E0-Ipswich-Fulham-D,E0,2026-10-10,15:00,Ipswich,Fulham,1X2,D,平局,0.25636754199591305,0.27001695974292594,0.26592213441882206,average,market_max,3.7604992987346435,3.873314277696683,3.6,3.48,-0.042680316092240544,1.0,False,,英超,False
20261010-E0-Ipswich-Fulham-A,E0,2026-10-10,15:00,Ipswich,Fulham,1X2,A,客胜 Fulham,0.5194442157214945,0.38828885120057127,0.4276354605568482,average,market_max,2.3384403124517403,2.4085935218252925,2.5,2.42,0.0690886513921205,1.0,True,,英超,False
20261010-E0-Ipswich-Fulham-O25,E0,2026-10-10,15:00,Ipswich,Fulham,OU25,O25,大于 2.5 球,0.5573006339926693,0.5452127659574468,0.5488391263680136,average,market_max,1.8220275340382148,1.8766883600593613,1.75,1.71,-0.03953152885597622,1.0,False,,英超,False
20261010-E0-Ipswich-Fulham-U25,E0,2026-10-10,15:00,Ipswich,Fulham,OU25,U25,小于 2.5 球,0.44269936600733073,0.4547872340425533,0.45116087363198654,average,market_max,2.216504263655858,2.282999391565534,2.1,2.05,-0.05256216537282821,1.0,False,,英超,False
20261010-E0-Ipswich-Fulham-HO25,E0,2026-10-10,15:00,Ipswich,Fulham,1X2+OU25,H&O25,主胜 Ipswich + 大于 2.5 球,0.14166944452841818,0.21505575993334883,0.1931020212256931,average,,5.178609698917773,5.3339679898853065,,,,1.0,False,5.945742182429215,英超,False
20261010-E0-Ipswich-Fulham-HU25,E0,2026-10-10,15:00,Ipswich,Fulham,1X2+OU25,H&U25,主胜 Ipswich + 小于 2.5 球,0.08251879775417427,0.12663842912301396,0.11334038379855026,average,,8.822980534258532,9.087669950286289,,,,1.0,False,7.233020715523629,英超,False
20261010-E0-Ipswich-Fulham-DO25,E0,2026-10-10,15:00,Ipswich,Fulham,1X2+OU25,D&O25,平局 + 大于 2.5 球,0.06864294822121202,0.07172155175391592,0.07080321504287304,average,,14.12365242728704,14.54736200010565,,,,1.0,False,6.851733264025919,英超,False
20261010-E0-Ipswich-Fulham-DU25,E0,2026-10-10,15:00,Ipswich,Fulham,1X2+OU25,D&U25,平局 + 小于 2.5 球,0.18772459377470102,0.19829540798937756,0.19511891937620957,average,,5.125079634496622,5.278832023531521,,,,1.0,False,8.335162729120203,英超,False
20261010-E0-Ipswich-Fulham-AO25,E0,2026-10-10,15:00,Ipswich,Fulham,1X2+OU25,A&O25,客胜 Fulham + 大于 2.5 球,0.34698824124303906,0.25843545427018216,0.2849338900994474,average,,3.509586029415387,3.614873610297849,,,,1.0,False,4.260702635991997,英超,False
20261010-E0-Ipswich-Fulham-AU25,E0,2026-10-10,15:00,Ipswich,Fulham,1X2+OU25,A&U25,客胜 Fulham + 小于 2.5 球,0.17245597447845534,0.1298533969301617,0.14270157045722678,average,,7.007631358196853,7.2178602989427585,,,,1.0,False,5.183162922854019,英超,False
20261010-E0-Sunderland-Brighton-H,E0,2026-10-10,15:00,Sunderland,Brighton,1X2,H,主胜 Sunderland,0.2827581857822177,0.31994644174336934,0.3087899649550238,average,market_max,3.238447208430666,3.335600624683586,3.1,2.94,-0.042751108639426216,1.0,False,,英超,False
20261010-E0-Sunderland-Brighton-D,E0,2026-10-10,15:00,Sunderland,Brighton,1X2,D,平局,0.2809954074203197,0.27107854141945414,0.2740536012197138,average,market_max,3.6489212166866647,3.7583888531872645,3.6,3.47,-0.013407035609030338,1.0,False,,英超,False
20261010-E0-Sunderland-Brighton-A,E0,2026-10-10,15:00,Sunderland,Brighton,1X2,A,客胜 Brighton,0.4362464067974627,0.4089750168371765,0.41715643382526235,average,market_max,2.397182253262041,2.4690977208599025,2.35,2.3,-0.019682380510633424,1.0,False,,英超,False
20261010-E0-Sunderland-Brighton-O25,E0,2026-10-10,15:00,Sunderland,Brighton,OU25,O25,大于 2.5 球,0.5066941356425322,0.5292553191489361,0.5224869640970149,average,market_max,1.9139233487446798,1.9713410492070202,1.8,1.77,-0.05952346462537317,1.0,False,,英超,False
20261010-E0-Sunderland-Brighton-U25,E0,2026-10-10,15:00,Sunderland,Brighton,OU25,U25,小于 2.5 球,0.4933058643574678,0.47074468085106375,0.47751303590298494,average,market_max,2.0941836658113084,2.1570091757856478,2.05,1.99,-0.021098276398880955,1.0,False,,英超,False
20261010-E0-Sunderland-Brighton-HO25,E0,2026-10-10,15:00,Sunderland,Brighton,1X2+OU25,H&O25,主胜 Sunderland + 大于 2.5 球,0.16987772495257464,0.1989095125461583,0.1900497497487862,average,,5.261780146102964,5.419633550486053,,,,1.0,False,6.19813972589248,英超,False
20261010-E0-Sunderland-Brighton-HU25,E0,2026-10-10,15:00,Sunderland,Brighton,1X2+OU25,H&U25,主胜 Sunderland + 小于 2.5 球,0.11288046082964304,0.12103692919731668,0.11874021520631006,average,,8.421746568864718,8.67439896593066,,,,1.0,False,6.781903246487731,英超,False
20261010-E0-Sunderland-Brighton-DO25,E0,2026-10-10,15:00,Sunderland,Brighton,1X2+OU25,D&O25,平局 + 大于 2.5 球,0.06625016876585335,0.06830996838054076,0.06770453520190947,average,,14.770059302789468,15.213161081873153,,,,1.0,False,6.983755514346452,英超,False
20261010-E0-Sunderland-Brighton-DU25,E0,2026-10-10,15:00,Sunderland,Brighton,1X2+OU25,D&U25,平局 + 小于 2.5 球,0.21474523865446637,0.20276857303864468,0.20634906601761382,average,,4.846157141872601,4.991541856128779,,,,1.0,False,7.641511209817539,英超,False
20261010-E0-Sunderland-Brighton-AO25,E0,2026-10-10,15:00,Sunderland,Brighton,1X2+OU25,A&O25,客胜 Brighton + 大于 2.5 球,0.2705662419241044,0.26203583822223714,0.2647326791463193,average,,3.777395383239763,3.8907172447369556,,,,1.0,False,4.588023085714603,英超,False
20261010-E0-Sunderland-Brighton-AU25,E0,2026-10-10,15:00,Sunderland,Brighton,1X2+OU25,A&U25,客胜 Brighton + 小于 2.5 球,0.16568016487335835,0.14693917861510236,0.15242375467906105,average,,6.560657176472069,6.757476891766231,,,,1.0,False,5.020139918754114,英超,False
20261010-E0-ManUnited-Tottenham-H,E0,2026-10-10,17:30,Man United,Tottenham,1X2,H,主胜 Man United,0.5583998049420918,0.5577314242412156,0.5579319384514785,average,market_max,1.792333313585644,1.8461033129932134,1.73,1.69,-0.03477774647894227,1.0,False,,英超,False
20261010-E0-ManUnited-Tottenham-D,E0,2026-10-10,17:30,Man United,Tottenham,1X2,D,平局,0.23950437592615956,0.22657839109799383,0.23045618654644354,average,market_max,4.339219593041697,4.469396180832947,4.33,4.16,-0.00212471225389943,1.0,False,,英超,False
20261010-E0-ManUnited-Tottenham-A,E0,2026-10-10,17:30,Man United,Tottenham,1X2,A,客胜 Tottenham,0.20209581913174846,0.21569018466079046,0.21161187500207784,average,market_max,4.725632717871721,4.867401699407873,4.65,4.37,-0.016004781240337995,1.0,False,,英超,False
20261010-E0-ManUnited-Tottenham-O25,E0,2026-10-10,17:30,Man United,Tottenham,OU25,O25,大于 2.5 球,0.5979731799027033,0.6284289276807979,0.6192922033473696,average,market_max,1.6147466326797695,1.6631890316601625,1.53,1.49,-0.05248292887852457,1.0,False,,英超,False
20261010-E0-ManUnited-Tottenham-U25,E0,2026-10-10,17:30,Man United,Tottenham,OU25,U25,小于 2.5 球,0.40202682009729673,0.37157107231920194,0.3807077966526304,average,market_max,2.626686421430006,2.705487014072906,2.63,2.52,0.001261505196417767,1.0,False,,英超,False
20261010-E0-ManUnited-Tottenham-HO25,E0,2026-10-10,17:30,Man United,Tottenham,1X2+OU25,H&O25,主胜 Man United + 大于 2.5 球,0.39277996066997084,0.4062820040920205,0.4022738929840962,average,,2.485868502631203,2.560444557710139,,,,1.0,False,2.894164182752192,英超,False
20261010-E0-ManUnited-Tottenham-HU25,E0,2026-10-10,17:30,Man United,Tottenham,1X2+OU25,H&U25,主胜 Man United + 小于 2.5 球,0.16561984427212106,0.15144942014952742,0.1556580454676338,average,,6.424338664896903,6.617068824843811,,,,1.0,False,4.7078975774720595,英超,False
20261010-E0-ManUnited-Tottenham-DO25,E0,2026-10-10,17:30,Man United,Tottenham,1X2+OU25,D&O25,平局 + 大于 2.5 球,0.07142726247683413,0.07355775300091567,0.07294323491827436,average,,13.709290534213359,14.120569250239761,,,,1.0,False,7.006740226322159,英超,False
20261010-E0-ManUnited-Tottenham-DU25,E0,2026-10-10,17:30,Man United,Tottenham,1X2+OU25,D&U25,平局 + 小于 2.5 球,0.1680771134493254,0.1530206380966682,0.15751295162786003,average,,6.348684280659023,6.539144809078794,,,,1.0,False,11.39776918464566,英超,False
20261010-E0-ManUnited-Tottenham-AO25,E0,2026-10-10,17:30,Man United,Tottenham,1X2+OU25,A&O25,客胜 Tottenham + 大于 2.5 球,0.13376595675589845,0.14858917058786184,0.144075075444999,average,,6.940825794547318,7.149050568383737,,,,1.0,False,7.6306995184647075,英超,False
20261010-E0-ManUnited-Tottenham-AU25,E0,2026-10-10,17:30,Man United,Tottenham,1X2+OU25,A&U25,客胜 Tottenham + 小于 2.5 球,0.06832986237585004,0.06710101407300634,0.06753679955713658,average,,14.806742495311662,15.250944770171012,,,,1.0,False,12.412755292699021,英超,False
20261009-E1-WestHam-QPR-H,E1,2026-10-09,20:00,West Ham,QPR,1X2,H,主胜 West Ham,0.8061920407713277,0.6474767961960537,0.6950913695686358,average,market_max,1.4386597845698852,1.5,1.5,1.45,0.04263705435295373,1.0,True,,英冠,False
20261009-E1-WestHam-QPR-D,E1,2026-10-09,20:00,West Ham,QPR,1X2,D,平局,0.11542263243397193,0.20060712702655512,0.17505177864878013,average,market_max,5.712595482999216,5.883973347489193,4.8,4.68,-0.15975146248585537,1.0,False,,英冠,False
20261009-E1-WestHam-QPR-A,E1,2026-10-09,20:00,West Ham,QPR,1X2,A,客胜 QPR,0.07838532679470028,0.15191607677739125,0.12985685178258397,average,market_max,7.700787338309069,7.931810958458341,7.1,6.18,-0.0780163523436539,1.0,False,,英冠,False
20261009-E1-WestHam-QPR-O25,E1,2026-10-09,20:00,West Ham,QPR,OU25,O25,大于 2.5 球,0.8354474054306046,0.6196473551637279,0.6843873702437908,average,market_max,1.4611608037766426,1.504995627889942,1.55,1.51,0.060800423877875875,1.0,True,,英冠,False
20261009-E1-WestHam-QPR-U25,E1,2026-10-09,20:00,West Ham,QPR,OU25,U25,小于 2.5 球,0.16455259456939542,0.380352644836272,0.315612629756209,average,market_max,3.1684410119215993,3.2634942422792474,2.6,2.46,-0.17940716263385648,1.0,False,,英冠,False
20261009-E1-WestHam-QPR-HO25,E1,2026-10-09,20:00,West Ham,QPR,1X2+OU25,H&O25,主胜 West Ham + 大于 2.5 球,0.7122835180585412,0.47274977532321066,0.5405707807452993,average,,1.8498965086889703,1.9053934039496394,,,,1.0,False,2.1021132871832644,英冠,False
20261009-E1-WestHam-QPR-HU25,E1,2026-10-09,20:00,West Ham,QPR,1X2+OU25,H&U25,主胜 West Ham + 小于 2.5 球,0.09390852271278669,0.17472702087255734,0.15452058882238232,average,,6.471629493655864,6.66577837846554,,,,1.0,False,4.558308663633517,英冠,False
20261009-E1-WestHam-QPR-DO25,E1,2026-10-09,20:00,West Ham,QPR,1X2+OU25,D&O25,平局 + 大于 2.5 球,0.05978413703748832,0.05558598269944341,0.05800704943033991,average,,17.239284014969424,17.756462535418507,,,,1.0,False,8.347020607589952,英冠,False
20261009-E1-WestHam-QPR-DU25,E1,2026-10-09,20:00,West Ham,QPR,1X2+OU25,D&U25,平局 + 小于 2.5 球,0.05563849539648359,0.14502114432738614,0.11704472921934958,average,,8.543742265625081,8.800054533593835,,,,1.0,False,18.100021812852795,英冠,False
20261009-E1-WestHam-QPR-AO25,E1,2026-10-09,20:00,West Ham,QPR,1X2+OU25,A&O25,客胜 QPR + 大于 2.5 球,0.06337975033457509,0.09131159714107394,0.08580954006815183,average,,11.65371588294003,12.003327359428232,,,,1.0,False,11.25208861695667,英冠,False
20261009-E1-WestHam-QPR-AU25,E1,2026-10-09,20:00,West Ham,QPR,1X2+OU25,A&U25,客胜 QPR + 小于 2.5 球,0.015005576460125163,0.060604479636328555,0.044047311714477226,average,,22.702861107215437,23.3839469404319,,,,1.0,False,24.399490426785025,英冠,False
20261010-E1-Charlton-BristolCity-H,E1,2026-10-10,12:30,Charlton,Bristol City,1X2,H,主胜 Charlton,0.3240725523847534,0.3002802449429257,0.307417937175474,average,market_max,3.2529006250835666,3.3504876438360736,3.2,3.13,-0.016262601038483204,1.0,False,,英冠,False
20261010-E1-Charlton-BristolCity-D,E1,2026-10-10,12:30,Charlton,Bristol City,1X2,D,平局,0.3170656245329142,0.28567695035603574,0.29509355260909925,average,market_max,3.388755840845724,3.4904185160710957,3.4,3.29,0.003318078870937491,1.0,False,,英冠,False
20261010-E1-Charlton-BristolCity-A,E1,2026-10-10,12:30,Charlton,Bristol City,1X2,A,客胜 Bristol City,0.3588618230823324,0.41404280470103855,0.3974885102154267,average,market_max,2.5157959898212665,2.5912698695159047,2.34,2.27,-0.06987688609590159,1.0,False,,英冠,False
20261010-E1-Charlton-BristolCity-O25,E1,2026-10-10,12:30,Charlton,Bristol City,OU25,O25,大于 2.5 球,0.35584678499220973,0.4588859416445623,0.42797419464885655,average,market_max,2.336589477831667,2.4066871621666173,2.1,2.04,-0.1012541912374012,1.0,False,,英冠,False
20261010-E1-Charlton-BristolCity-U25,E1,2026-10-10,12:30,Charlton,Bristol City,OU25,U25,小于 2.5 球,0.6441532150077902,0.5411140583554377,0.5720258053511433,average,market_max,1.748172880742925,1.800618067165213,1.73,1.73,-0.01039535674252201,1.0,False,,英冠,False
20261010-E1-Charlton-BristolCity-HO25,E1,2026-10-10,12:30,Charlton,Bristol City,1X2+OU25,H&O25,主胜 Charlton + 大于 2.5 球,0.14750135821097293,0.16864723678887109,0.16313178951177135,average,,6.1300130587229384,6.313913450484627,,,,1.0,False,7.600693373002315,英冠,False
20261010-E1-Charlton-BristolCity-HU25,E1,2026-10-10,12:30,Charlton,Bristol City,1X2+OU25,H&U25,主胜 Charlton + 小于 2.5 球,0.17657119417378048,0.13163300815410264,0.14428614766392026,average,,6.93067225226124,7.138592419829077,,,,1.0,False,5.6866326565228,英冠,False
20261010-E1-Charlton-BristolCity-DO25,E1,2026-10-10,12:30,Charlton,Bristol City,1X2+OU25,D&O25,平局 + 大于 2.5 球,0.042880278184435176,0.055265660761909724,0.05154991358221513,average,,19.398674614752466,19.98063485319504,,,,1.0,False,7.918131240660722,英冠,False
20261010-E1-Charlton-BristolCity-DU25,E1,2026-10-10,12:30,Charlton,Bristol City,1X2+OU25,D&U25,平局 + 小于 2.5 球,0.27418534634847896,0.23041128959400814,0.24354363902636886,average,,4.106040313751444,4.229221523163988,,,,1.0,False,5.924131060425682,英冠,False
20261010-E1-Charlton-BristolCity-AO25,E1,2026-10-10,12:30,Charlton,Bristol City,1X2+OU25,A&O25,客胜 Bristol City + 大于 2.5 球,0.16546514859680153,0.23497304409378159,0.2132924915548701,average,,4.688397574195654,4.829049501421524,,,,1.0,False,5.878382438187475,英冠,False
20261010-E1-Charlton-BristolCity-AU25,E1,2026-10-10,12:30,Charlton,Bristol City,1X2+OU25,A&U25,客胜 Bristol City + 小于 2.5 球,0.19339667448553083,0.17906976060732693,0.1841960186608543,average,,5.428998993953401,5.591868963772003,,,,1.0,False,4.398046322887342,英冠,False
20261010-E1-Swansea-Norwich-H,E1,2026-10-10,12:30,Swansea,Norwich,1X2,H,主胜 Swansea,0.4419698696455099,0.397881410670456,0.41110794836297215,average,market_max,2.432451145695407,2.5054246800662696,2.48,2.36,0.01954771194017102,1.0,False,,英冠,False
20261010-E1-Swansea-Norwich-D,E1,2026-10-10,12:30,Swansea,Norwich,1X2,D,平局,0.26442006981572685,0.2667614003358739,0.2660590011798298,average,market_max,3.758564812938233,3.87132175732638,3.6,3.52,-0.04218759575261277,1.0,False,,英冠,False
20261010-E1-Swansea-Norwich-A,E1,2026-10-10,12:30,Swansea,Norwich,1X2,A,客胜 Norwich,0.29361006053876315,0.33535718899367006,0.322833050457198,average,market_max,3.097576281560374,3.190503570007185,2.9,2.8,-0.06378415367412582,1.0,False,,英冠,False
20261010-E1-Swansea-Norwich-O25,E1,2026-10-10,12:30,Swansea,Norwich,OU25,O25,大于 2.5 球,0.5369937173999758,0.5502645502645503,0.5462833004051779,average,market_max,1.8305520217409186,1.885468582393146,1.73,1.7,-0.05492989029904216,1.0,False,,英冠,False
20261010-E1-Swansea-Norwich-U25,E1,2026-10-10,12:30,Swansea,Norwich,OU25,U25,小于 2.5 球,0.4630062826000242,0.4497354497354497,0.453716699594822,average,market_max,2.204018500736296,2.270139055758385,2.15,2.08,-0.024509095871132702,1.0,False,,英冠,False
20261010-E1-Swansea-Norwich-HO25,E1,2026-10-10,12:30,Swansea,Norwich,1X2+OU25,H&O25,主胜 Swansea + 大于 2.5 球,0.2832393807338586,0.2611003775237449,0.2678940315671562,average,,3.732819257488079,3.844803835212722,,,,1.0,False,4.452728362538742,英冠,False
20261010-E1-Swansea-Norwich-HU25,E1,2026-10-10,12:30,Swansea,Norwich,1X2+OU25,H&U25,主胜 Swansea + 小于 2.5 球,0.1587304889116512,0.13678103314708015,0.14321391679607115,average,,6.982561627889458,7.192038476726142,,,,1.0,False,5.361167327249877,英冠,False
20261010-E1-Swansea-Norwich-DO25,E1,2026-10-10,12:30,Swansea,Norwich,1X2+OU25,D&O25,平局 + 大于 2.5 球,0.07174314712692503,0.07598948486446379,0.0746954907346463,average,,13.387689004580915,13.789319674718344,,,,1.0,False,6.880248417168359,英冠,False
20261010-E1-Swansea-Norwich-DU25,E1,2026-10-10,12:30,Swansea,Norwich,1X2+OU25,D&U25,平局 + 小于 2.5 球,0.19267692268880188,0.19077191547079034,0.19136351044476732,average,,5.225656645176495,5.38242634453179,,,,1.0,False,8.28394638393232,英冠,False
20261010-E1-Swansea-Norwich-AO25,E1,2026-10-10,12:30,Swansea,Norwich,1X2+OU25,A&O25,客胜 Norwich + 大于 2.5 球,0.1820111895391922,0.21317468787634158,0.20369377810337552,average,,4.909330119511532,5.056610023096878,,,,1.0,False,5.670274524707059,英冠,False
20261010-E1-Swansea-Norwich-AU25,E1,2026-10-10,12:30,Swansea,Norwich,1X2+OU25,A&U25,客胜 Norwich + 小于 2.5 球,0.11159887099957094,0.12218250111757913,0.11913927235398356,average,,8.393537917781012,8.645344055314442,,,,1.0,False,6.827115432001006,英冠,False
20261010-E1-WestBrom-Birmingham-H,E1,2026-10-10,12:30,West Brom,Birmingham,1X2,H,主胜 West Brom,0.3817459518101365,0.4002041858090863,0.3946667156094013,average,market_max,2.533783469568517,2.6097969736555724,2.38,2.35,-0.06069321684962492,1.0,False,,英冠,False
20261010-E1-WestBrom-Birmingham-D,E1,2026-10-10,12:30,West Brom,Birmingham,1X2,D,平局,0.3141075545253155,0.2799047132890931,0.2901655656599598,average,market_max,3.446308309277067,3.5496975585553794,3.45,3.36,0.001071201526861465,1.0,False,,英冠,False
20261010-E1-WestBrom-Birmingham-A,E1,2026-10-10,12:30,West Brom,Birmingham,1X2,A,客胜 Birmingham,0.304146493664548,0.31989110090182066,0.31516771873063887,average,market_max,3.1729137870704953,3.2681012006826102,3.05,2.94,-0.0387384578715515,1.0,False,,英冠,False
20261010-E1-WestBrom-Birmingham-O25,E1,2026-10-10,12:30,West Brom,Birmingham,OU25,O25,大于 2.5 球,0.3620614902541732,0.48128342245989303,0.44551684279817705,average,market_max,2.244584051456408,2.3119215730001006,2.0,1.94,-0.1089663144036459,1.0,False,,英冠,False
20261010-E1-WestBrom-Birmingham-U25,E1,2026-10-10,12:30,West Brom,Birmingham,OU25,U25,小于 2.5 球,0.6379385097458268,0.5187165775401069,0.5544831572018228,average,market_max,1.8034812906607662,1.8575857293805893,1.83,1.8,0.01470417767933574,1.0,False,,英冠,False
20261010-E1-WestBrom-Birmingham-HO25,E1,2026-10-10,12:30,West Brom,Birmingham,1X2+OU25,H&O25,主胜 West Brom + 大于 2.5 球,0.1795406823835074,0.23730866995396352,0.2200445259502135,average,,4.544534773958687,4.680870817177448,,,,1.0,False,5.687289965637377,英冠,False
20261010-E1-WestBrom-Birmingham-HU25,E1,2026-10-10,12:30,West Brom,Birmingham,1X2+OU25,H&U25,主胜 West Brom + 小于 2.5 球,0.2022052694266291,0.16289551585522397,0.17462218965961548,average,,5.7266490699106605,5.898448542007981,,,,1.0,False,4.569631081952343,英冠,False
20261010-E1-WestBrom-Birmingham-DO25,E1,2026-10-10,12:30,West Brom,Birmingham,1X2+OU25,D&O25,平局 + 大于 2.5 球,0.04349972566929528,0.05841600204872042,0.053899854813060984,average,,18.552925670547086,19.1095134406635,,,,1.0,False,7.7355286674050046,英冠,False
20261010-E1-WestBrom-Birmingham-DU25,E1,2026-10-10,12:30,West Brom,Birmingham,1X2+OU25,D&U25,平局 + 小于 2.5 球,0.2706078288560202,0.2214887112401999,0.23626571084616982,average,,4.232522766077934,4.359498449060272,,,,1.0,False,6.215352557629929,英冠,False
20261010-E1-WestBrom-Birmingham-AO25,E1,2026-10-10,12:30,West Brom,Birmingham,1X2+OU25,A&O25,客胜 Birmingham + 大于 2.5 球,0.13902108220137055,0.18555875045720918,0.17157246203490262,average,,5.828441162058817,6.003294396920581,,,,1.0,False,7.121871683104588,英冠,False
20261010-E1-WestBrom-Birmingham-AU25,E1,2026-10-10,12:30,West Brom,Birmingham,1X2+OU25,A&U25,客胜 Birmingham + 小于 2.5 球,0.16512541146317747,0.13433235044468306,0.14359525669603768,average,,6.964018331864535,7.172938881820471,,,,1.0,False,5.722290651861237,英冠,False
20261010-E1-Blackburn-Cardiff-H,E1,2026-10-10,15:00,Blackburn,Cardiff,1X2,H,主胜 Blackburn,0.4914868935396652,0.35652864135467655,0.39701611701017314,average,market_max,2.5187894323554025,2.5943531153260646,2.7,2.64,0.0719435159274675,1.0,True,,英冠,False
20261010-E1-Blackburn-Cardiff-D,E1,2026-10-10,15:00,Blackburn,Cardiff,1X2,D,平局,0.28518709306940226,0.2592935573488557,0.2670616180650196,average,market_max,3.7444542096518605,3.8567878359414163,3.75,3.63,0.0014810677438235054,1.0,False,,英冠,False
20261010-E1-Blackburn-Cardiff-A,E1,2026-10-10,15:00,Blackburn,Cardiff,1X2,A,客胜 Cardiff,0.2233260133909327,0.3841778012964677,0.33592226492480715,average,market_max,2.976879190260997,3.066185565968827,2.52,2.45,-0.153475892389486,1.0,False,,英冠,False
20261010-E1-Blackburn-Cardiff-O25,E1,2026-10-10,15:00,Blackburn,Cardiff,OU25,O25,大于 2.5 球,0.41470304890475523,0.5844155844155844,0.5335018237623357,average,market_max,1.8744078379111218,1.9306400730484556,1.62,1.6,-0.13572704550501613,1.0,False,,英冠,False
20261010-E1-Blackburn-Cardiff-U25,E1,2026-10-10,15:00,Blackburn,Cardiff,OU25,U25,小于 2.5 球,0.5852969510952448,0.41558441558441556,0.4664981762376643,average,market_max,2.1436311028374426,2.207940035922566,2.3,2.25,0.07294580534662787,1.0,True,,英冠,False
20261010-E1-Blackburn-Cardiff-HO25,E1,2026-10-10,15:00,Blackburn,Cardiff,1X2+OU25,H&O25,主胜 Blackburn + 大于 2.5 球,0.26025781217294425,0.25192635905723315,0.26077257383827956,average,,3.8347590978649424,3.949801870800891,,,,1.0,False,4.721238654054671,英冠,False
20261010-E1-Blackburn-Cardiff-HU25,E1,2026-10-10,15:00,Blackburn,Cardiff,1X2+OU25,H&U25,主胜 Blackburn + 小于 2.5 球,0.23122908136672088,0.10460228229774252,0.13624354317207807,average,,7.339797371072344,7.559991292204514,,,,1.0,False,5.399355368695307,英冠,False
20261010-E1-Blackburn-Cardiff-DO25,E1,2026-10-10,15:00,Blackburn,Cardiff,1X2+OU25,D&O25,平局 + 大于 2.5 球,0.046489893399558634,0.07627441322078159,0.06644505617741948,average,,15.050028663228634,15.501529523125493,,,,1.0,False,7.018634319270742,英冠,False
20261010-E1-Blackburn-Cardiff-DU25,E1,2026-10-10,15:00,Blackburn,Cardiff,1X2+OU25,D&U25,平局 + 小于 2.5 球,0.23869719966984362,0.18301914412755738,0.2006165618873136,average,,4.984633325346789,5.134172325107193,,,,1.0,False,8.026728506960323,英冠,False
20261010-E1-Blackburn-Cardiff-AO25,E1,2026-10-10,15:00,Blackburn,Cardiff,1X2+OU25,A&O25,客胜 Cardiff + 大于 2.5 球,0.1079553433322523,0.2562148121375697,0.20628419374663656,average,,4.84768116178705,4.993111596640661,,,,1.0,False,5.579885686739726,英冠,False
20261010-E1-Blackburn-Cardiff-AU25,E1,2026-10-10,15:00,Blackburn,Cardiff,1X2+OU25,A&U25,客胜 Cardiff + 小于 2.5 球,0.1153706700586804,0.1279629891591157,0.12963807117827256,average,,7.71378338871491,7.945196890376358,,,,1.0,False,6.381330821633014,英冠,False
20261010-E1-Bolton-Stoke-H,E1,2026-10-10,15:00,Bolton,Stoke,1X2,H,主胜 Bolton,0.41320339345189283,0.34924513912237687,0.3684326154212316,average,market_max,2.7142005298762513,2.795626545772539,2.75,2.69,0.013189692408386966,1.0,False,,英冠,False
20261010-E1-Bolton-Stoke-D,E1,2026-10-10,15:00,Bolton,Stoke,1X2,D,平局,0.26343416706158,0.27794953379857806,0.2735949237774786,average,market_max,3.6550385737906605,3.7646897310043808,3.5,3.38,-0.042417766778824806,1.0,False,,英冠,False
20261010-E1-Bolton-Stoke-A,E1,2026-10-10,15:00,Bolton,Stoke,1X2,A,客胜 Stoke,0.3233624394865272,0.3728053270790451,0.35797246080128975,average,market_max,2.7935109805977483,2.877316310015681,2.6,2.52,-0.06927160191664661,1.0,False,,英冠,False
20261010-E1-Bolton-Stoke-O25,E1,2026-10-10,15:00,Bolton,Stoke,OU25,O25,大于 2.5 球,0.5521696140980206,0.512,0.5240508842294062,average,market_max,1.9082116452688676,1.9654579946269337,1.88,1.83,-0.01478433764871645,1.0,False,,英冠,False
20261010-E1-Bolton-Stoke-U25,E1,2026-10-10,15:00,Bolton,Stoke,OU25,U25,小于 2.5 球,0.44783038590197943,0.4880000000000001,0.4759491157705939,average,market_max,2.101064939223455,2.1640968874001585,1.98,1.92,-0.05762075077422413,1.0,False,,英冠,False
20261010-E1-Bolton-Stoke-HO25,E1,2026-10-10,15:00,Bolton,Stoke,1X2+OU25,H&O25,主胜 Bolton + 大于 2.5 球,0.26941193244116973,0.2153019842937453,0.2311005438797669,average,,4.327120928457283,4.456934556311002,,,,1.0,False,5.179269058704794,英冠,False
20261010-E1-Bolton-Stoke-HU25,E1,2026-10-10,15:00,Bolton,Stoke,1X2+OU25,H&U25,主胜 Bolton + 小于 2.5 球,0.1437914610107231,0.13394315482812771,0.1373320715410815,average,,7.281620300185016,7.500068909190566,,,,1.0,False,5.702711571344715,英冠,False
20261010-E1-Bolton-Stoke-DO25,E1,2026-10-10,15:00,Bolton,Stoke,1X2+OU25,D&O25,平局 + 大于 2.5 球,0.07587905645206676,0.07161557804327115,0.07291811969289079,average,,13.714012432186944,14.125432805152554,,,,1.0,False,6.974587170414252,英冠,False
20261010-E1-Bolton-Stoke-DU25,E1,2026-10-10,15:00,Bolton,Stoke,1X2+OU25,D&U25,平局 + 小于 2.5 球,0.18755511060951324,0.20633395575628302,0.20067680408529795,average,,4.983136962730125,5.132631071612029,,,,1.0,False,7.679473398900859,英冠,False
20261010-E1-Bolton-Stoke-AO25,E1,2026-10-10,15:00,Bolton,Stoke,1X2+OU25,A&O25,客胜 Stoke + 大于 2.5 球,0.2068786252047842,0.22508243766298347,0.22003222065674843,average,,4.544788926890876,4.681132594697601,,,,1.0,False,5.330610184363078,英冠,False
20261010-E1-Bolton-Stoke-AU25,E1,2026-10-10,15:00,Bolton,Stoke,1X2+OU25,A&U25,客胜 Stoke + 小于 2.5 球,0.11648381428174295,0.14772288941558928,0.13794024014421447,average,,7.2495161597117335,7.467001644503086,,,,1.0,False,5.869347978669662,英冠,False
20261010-E1-Derby-Wrexham-H,E1,2026-10-10,15:00,Derby,Wrexham,1X2,H,主胜 Derby,0.40895065240104217,0.35272063498574563,0.3695896402103346,average,market_max,2.7057035457782233,2.7868746521515697,2.75,2.67,0.016371510578420123,1.0,False,,英冠,False
20261010-E1-Derby-Wrexham-D,E1,2026-10-10,15:00,Derby,Wrexham,1X2,D,平局,0.26987945265753444,0.28366388416022315,0.2795285547094165,average,market_max,3.577452046140862,3.684775607525088,3.4,3.32,-0.04960291398798389,1.0,False,,英冠,False
20261010-E1-Derby-Wrexham-A,E1,2026-10-10,15:00,Derby,Wrexham,1X2,A,客胜 Wrexham,0.3211698949414235,0.36361548085403117,0.3508818050802489,average,market_max,2.849962538728087,2.9354614148899296,2.7,2.59,-0.05261912628332788,1.0,False,,英冠,False
20261010-E1-Derby-Wrexham-O25,E1,2026-10-10,15:00,Derby,Wrexham,OU25,O25,大于 2.5 球,0.5251738393644564,0.47200000000000003,0.48795215180933693,average,market_max,2.049381268823139,2.1108627068878336,2.0,1.98,-0.024095696381326137,1.0,False,,英冠,False
20261010-E1-Derby-Wrexham-U25,E1,2026-10-10,15:00,Derby,Wrexham,OU25,U25,小于 2.5 球,0.4748261606355436,0.528,0.5120478481906631,average,market_max,1.9529424906940454,2.0115307654148666,1.8,1.77,-0.0783138732568065,1.0,False,,英冠,False
20261010-E1-Derby-Wrexham-HO25,E1,2026-10-10,15:00,Derby,Wrexham,1X2+OU25,H&O25,主胜 Derby + 大于 2.5 球,0.2565919302010676,0.2034063099928268,0.21884634455255159,average,,4.569416053279656,4.706498534878046,,,,1.0,False,5.545018165706242,英冠,False
20261010-E1-Derby-Wrexham-HU25,E1,2026-10-10,15:00,Derby,Wrexham,1X2+OU25,H&U25,主胜 Derby + 小于 2.5 球,0.15235872219997457,0.14931432499286262,0.15074329565730418,average,,6.633794197211752,6.832808023128105,,,,1.0,False,5.284083421771833,英冠,False
20261010-E1-Derby-Wrexham-DO25,E1,2026-10-10,15:00,Derby,Wrexham,1X2+OU25,D&O25,平局 + 大于 2.5 球,0.0710758999632621,0.06363149360995884,0.06585336173568049,average,,15.185253624769512,15.640811233512597,,,,1.0,False,7.331563213474095,英冠,False
20261010-E1-Derby-Wrexham-DU25,E1,2026-10-10,15:00,Derby,Wrexham,1X2+OU25,D&U25,平局 + 小于 2.5 球,0.1988035526942723,0.22003239055037138,0.21367519297461332,average,,4.680000453392873,4.820400466994659,,,,1.0,False,6.986558109328844,英冠,False
20261010-E1-Derby-Wrexham-AO25,E1,2026-10-10,15:00,Derby,Wrexham,1X2+OU25,A&O25,客胜 Wrexham + 大于 2.5 球,0.19750600920012662,0.20496219639721436,0.20325244552110486,average,,4.919990002758241,5.067589702840989,,,,1.0,False,5.840659843716982,英冠,False
20261010-E1-Derby-Wrexham-AU25,E1,2026-10-10,15:00,Derby,Wrexham,1X2+OU25,A&U25,客胜 Wrexham + 小于 2.5 球,0.12366388574129683,0.15865328445676607,0.14762935955874565,average,,6.773720369640115,6.976931980729319,,,,1.0,False,5.565812938768356,英冠,False
20261010-E1-Preston-Millwall-H,E1,2026-10-10,15:00,Preston,Millwall,1X2,H,主胜 Preston,0.2924775680170761,0.3341584057811973,0.32165415445196094,average,market_max,3.1089292215230815,3.2021970981687744,2.88,2.81,-0.07363603517835249,1.0,False,,英冠,False
20261010-E1-Preston-Millwall-D,E1,2026-10-10,15:00,Preston,Millwall,1X2,D,平局,0.28934630177807186,0.27296079076894314,0.27787644407168177,average,market_max,3.598721738867643,3.7066833910336725,3.5,3.44,-0.027432445749113743,1.0,False,,英冠,False
20261010-E1-Preston-Millwall-A,E1,2026-10-10,15:00,Preston,Millwall,1X2,A,客胜 Millwall,0.418176130204852,0.39288080344985954,0.40046940147635723,average,market_max,2.4970696795146723,2.5719817699001126,2.52,2.39,0.009182891720420194,1.0,False,,英冠,False
20261010-E1-Preston-Millwall-O25,E1,2026-10-10,15:00,Preston,Millwall,OU25,O25,大于 2.5 球,0.44149161172919366,0.5187165775401069,0.49554908779683293,average,market_max,2.0179635572449763,2.0785024639623257,1.84,1.8,-0.08818967845382741,1.0,False,,英冠,False
20261010-E1-Preston-Millwall-U25,E1,2026-10-10,15:00,Preston,Millwall,OU25,U25,小于 2.5 球,0.5585083882708064,0.48128342245989303,0.5044509122031671,average,market_max,1.9823534377855403,2.0418240409191064,2.0,1.94,0.008901824406334136,1.0,False,,英冠,False
20261010-E1-Preston-Millwall-HO25,E1,2026-10-10,15:00,Preston,Millwall,1X2+OU25,H&O25,主胜 Preston + 大于 2.5 球,0.15529353389238199,0.20384605528879718,0.1887353336560405,average,,5.298424945815623,5.457377694190092,,,,1.0,False,6.273705871087572,英冠,False
20261010-E1-Preston-Millwall-HU25,E1,2026-10-10,15:00,Preston,Millwall,1X2+OU25,H&U25,主胜 Preston + 小于 2.5 球,0.1371840341246941,0.13031235049264625,0.13291882079605877,average,,7.52338904310872,7.749090714401982,,,,1.0,False,6.162996530118204,英冠,False
20261010-E1-Preston-Millwall-DO25,E1,2026-10-10,15:00,Preston,Millwall,1X2+OU25,D&O25,平局 + 大于 2.5 球,0.05576386417982699,0.06771136341726805,0.06403546176304138,average,,15.616347137472484,16.08483755159666,,,,1.0,False,7.262089321700175,英冠,False
20261010-E1-Preston-Millwall-DU25,E1,2026-10-10,15:00,Preston,Millwall,1X2+OU25,D&U25,平局 + 小于 2.5 球,0.23358243759824485,0.2052494273510793,0.21384098230829318,average,,4.6763720836182205,4.816663246126767,,,,1.0,False,7.133938410677829,英冠,False
20261010-E1-Preston-Millwall-AO25,E1,2026-10-10,15:00,Preston,Millwall,1X2+OU25,A&O25,客胜 Millwall + 大于 2.5 球,0.23043421365698458,0.24715915883404174,0.24277829237775106,average,,4.118984404273053,4.242553936401245,,,,1.0,False,5.038995613162001,英冠,False
20261010-E1-Preston-Millwall-AU25,E1,2026-10-10,15:00,Preston,Millwall,1X2+OU25,A&U25,客胜 Millwall + 小于 2.5 球,0.18774191654786743,0.14572164461616757,0.15769110909881517,average,,6.341511615428885,6.531756963891752,,,,1.0,False,4.950074663575948,英冠,False
20261010-E1-SheffieldUnited-Lincoln-H,E1,2026-10-10,15:00,Sheffield United,Lincoln,1X2,H,主胜 Sheffield United,0.4247820661576915,0.4465312631201876,0.4400065040314387,average,market_max,2.2726936780201537,2.3408744883607584,2.18,2.11,-0.04078582121146357,1.0,False,,英冠,False
20261010-E1-SheffieldUnited-Lincoln-D,E1,2026-10-10,15:00,Sheffield United,Lincoln,1X2,D,平局,0.3392405495036227,0.2795789214194646,0.29747740984471205,average,market_max,3.3615997951643317,3.462447789019262,3.4,3.37,0.011423193472021032,1.0,False,,英冠,False
20261010-E1-SheffieldUnited-Lincoln-A,E1,2026-10-10,15:00,Sheffield United,Lincoln,1X2,A,客胜 Lincoln,0.2359773843386858,0.27388981546034763,0.2625160861238491,average,market_max,3.8092903744124196,3.9235690856447922,3.6,3.44,-0.05494208995414329,1.0,False,,英冠,False
20261010-E1-SheffieldUnited-Lincoln-O25,E1,2026-10-10,15:00,Sheffield United,Lincoln,OU25,O25,大于 2.5 球,0.2718700008566486,0.47200000000000003,0.4119610002569946,average,market_max,2.4274142440089417,2.50023667132921,2.05,1.98,-0.15547994947316113,1.0,False,,英冠,False
20261010-E1-SheffieldUnited-Lincoln-U25,E1,2026-10-10,15:00,Sheffield United,Lincoln,OU25,U25,小于 2.5 球,0.7281299991433514,0.528,0.5880389997430054,average,market_max,1.7005674801110753,1.7515845045144076,1.8,1.77,0.05847019953740973,1.0,True,,英冠,False
20261010-E1-SheffieldUnited-Lincoln-HO25,E1,2026-10-10,15:00,Sheffield United,Lincoln,1X2+OU25,H&O25,主胜 Sheffield United + 大于 2.5 球,0.1621334765739386,0.26784012783888955,0.23718307117903295,average,,4.216152506285618,4.342637081474187,,,,1.0,False,5.516769006295193,英冠,False
20261010-E1-SheffieldUnited-Lincoln-HU25,E1,2026-10-10,15:00,Sheffield United,Lincoln,1X2+OU25,H&U25,主胜 Sheffield United + 小于 2.5 球,0.2626485895837529,0.17869113528147654,0.20282343285281668,average,,4.9303967787867595,5.078308682150363,,,,1.0,False,3.864868961095104,英冠,False
20261010-E1-SheffieldUnited-Lincoln-DO25,E1,2026-10-10,15:00,Sheffield United,Lincoln,1X2+OU25,D&O25,平局 + 大于 2.5 球,0.02776651311603988,0.04974869117961899,0.04297867808414804,average,,23.267351267577332,23.96537180560465,,,,1.0,False,8.15999522543944,英冠,False
20261010-E1-SheffieldUnited-Lincoln-DU25,E1,2026-10-10,15:00,Sheffield United,Lincoln,1X2+OU25,D&U25,平局 + 小于 2.5 球,0.31147403638758286,0.22983023023958868,0.2544987317599795,average,,3.9292926651717495,4.047171445126902,,,,1.0,False,5.716627292804514,英冠,False
20261010-E1-SheffieldUnited-Lincoln-AO25,E1,2026-10-10,15:00,Sheffield United,Lincoln,1X2+OU25,A&O25,客胜 Lincoln + 大于 2.5 球,0.08197001116667015,0.15441118098149145,0.13179925099381357,average,,7.5872965321095664,7.814915428072854,,,,1.0,False,9.246725714414861,英冠,False
20261010-E1-SheffieldUnited-Lincoln-AU25,E1,2026-10-10,15:00,Sheffield United,Lincoln,1X2+OU25,A&U25,客胜 Lincoln + 小于 2.5 球,0.15400737317201565,0.11947863447893481,0.13071683513020932,average,,7.650124018102814,7.879627738645898,,,,1.0,False,6.4779553330259025,英冠,False
20261010-E1-Watford-Burnley-H,E1,2026-10-10,15:00,Watford,Burnley,1X2,H,主胜 Watford,0.23977254079829222,0.31424758464722663,0.2919050714925463,average,market_max,3.4257712443530965,3.5285443816836897,3.1,2.99,-0.09509427837310647,1.0,False,,英冠,False
20261010-E1-Watford-Burnley-D,E1,2026-10-10,15:00,Watford,Burnley,1X2,D,平局,0.3038589093174716,0.270000079912416,0.28015772873393263,average,market_max,3.5694178580013602,3.676500393741401,3.6,3.48,0.008567823442157563,1.0,False,,英冠,False
20261010-E1-Watford-Burnley-A,E1,2026-10-10,15:00,Watford,Burnley,1X2,A,客胜 Burnley,0.45636854988423603,0.4157523354403574,0.42793719977352096,average,market_max,2.336791474378096,2.4068952186094394,2.38,2.26,0.018490535460979896,1.0,False,,英冠,False
20261010-E1-Watford-Burnley-O25,E1,2026-10-10,15:00,Watford,Burnley,OU25,O25,大于 2.5 球,0.3675059422364953,0.528,0.4798517826709486,average,market_max,2.083976836417706,2.1464961415102373,1.8,1.77,-0.13626679119229257,1.0,False,,英冠,False
20261010-E1-Watford-Burnley-U25,E1,2026-10-10,15:00,Watford,Burnley,OU25,U25,小于 2.5 球,0.6324940577635048,0.47200000000000003,0.5201482173290515,average,market_max,1.9225289382610515,1.980204806408883,2.05,1.98,0.06630384552455548,1.0,True,,英冠,False
20261010-E1-Watford-Burnley-HO25,E1,2026-10-10,15:00,Watford,Burnley,1X2+OU25,H&O25,主胜 Watford + 大于 2.5 球,0.10643514243679812,0.1932125001489485,0.16504039366327555,average,,6.059122726283935,6.240896408072453,,,,1.0,False,7.139227920097714,英冠,False
20261010-E1-Watford-Burnley-HU25,E1,2026-10-10,15:00,Watford,Burnley,1X2+OU25,H&U25,主胜 Watford + 小于 2.5 球,0.13333739836149408,0.121035084498492,0.1268646778293574,average,,7.88241468870536,8.118887129366522,,,,1.0,False,6.586144353131401,英冠,False
20261010-E1-Watford-Burnley-DO25,E1,2026-10-10,15:00,Watford,Burnley,1X2+OU25,D&O25,平局 + 大于 2.5 球,0.04114728479952816,0.06439889096141253,0.056970255726587114,average,,17.553019329932827,18.079609909830815,,,,1.0,False,7.438584135570539,英冠,False
20261010-E1-Watford-Burnley-DU25,E1,2026-10-10,15:00,Watford,Burnley,1X2+OU25,D&U25,平局 + 小于 2.5 球,0.2627116245179435,0.20560118895039084,0.22318747300707686,average,,4.480538206408618,4.6149543526008765,,,,1.0,False,6.862309124753391,英冠,False
20261010-E1-Watford-Burnley-AO25,E1,2026-10-10,15:00,Watford,Burnley,1X2+OU25,A&O25,客胜 Burnley + 大于 2.5 球,0.21992351500016905,0.27038860888963895,0.25784113328108593,average,,3.878357139044407,3.994707853215739,,,,1.0,False,4.869819304142332,英冠,False
20261010-E1-Watford-Burnley-AU25,E1,2026-10-10,15:00,Watford,Burnley,1X2+OU25,A&U25,客胜 Burnley + 小于 2.5 球,0.23644503488406704,0.14536372655111718,0.17009606649261716,average,,5.879030718464051,6.055401640017973,,,,1.0,False,4.492549232173599,英冠,False
20261010-E2-Plymouth-AFCWimbledon-H,E2,2026-10-10,12:30,Plymouth,AFC Wimbledon,1X2,H,主胜 Plymouth,0.6560423139941844,0.6231735261732583,0.6330341625195361,average,market_max,1.5796935761253468,1.627084383409107,1.53,1.5,-0.03145773134510965,1.0,False,,英甲,False
20261010-E2-Plymouth-AFCWimbledon-D,E2,2026-10-10,12:30,Plymouth,AFC Wimbledon,1X2,D,平局,0.1981707635805338,0.21538255512900634,0.21021901766446455,average,market_max,4.756943549208869,4.899651855685136,4.5,4.34,-0.054014420509909566,1.0,False,,英甲,False
20261010-E2-Plymouth-AFCWimbledon-A,E2,2026-10-10,12:30,Plymouth,AFC Wimbledon,1X2,A,客胜 AFC Wimbledon,0.14578692242528174,0.1614439186977353,0.15674681981599922,average,market_max,6.379714760234832,6.571106203041878,6.0,5.79,-0.05951908110400472,1.0,False,,英甲,False
20261010-E2-Plymouth-AFCWimbledon-O25,E2,2026-10-10,12:30,Plymouth,AFC Wimbledon,OU25,O25,大于 2.5 球,0.5771690915518759,0.5732984293193717,0.574459627989123,average,market_max,1.7407663676914373,1.7929893587221806,1.65,1.63,-0.05214161381794713,1.0,False,,英甲,False
20261010-E2-Plymouth-AFCWimbledon-U25,E2,2026-10-10,12:30,Plymouth,AFC Wimbledon,OU25,U25,小于 2.5 球,0.4228309084481241,0.4267015706806283,0.425540372010877,average,market_max,2.3499532964981276,2.4204518953930716,2.25,2.19,-0.0425341629755267,1.0,False,,英甲,False
20261010-E2-Plymouth-AFCWimbledon-HO25,E2,2026-10-10,12:30,Plymouth,AFC Wimbledon,1X2+OU25,H&O25,主胜 Plymouth + 大于 2.5 球,0.44030944275745704,0.42112117752301237,0.4269107559994768,average,,2.3424099438741375,2.4126822421903613,,,,1.0,False,2.749877448577217,英甲,False
20261010-E2-Plymouth-AFCWimbledon-HU25,E2,2026-10-10,12:30,Plymouth,AFC Wimbledon,1X2+OU25,H&U25,主胜 Plymouth + 小于 2.5 球,0.21573287123672732,0.20205234865043226,0.2061234065201719,average,,4.85146261107487,4.9970064894071164,,,,1.0,False,3.7122061266726747,英甲,False
20261010-E2-Plymouth-AFCWimbledon-DO25,E2,2026-10-10,12:30,Plymouth,AFC Wimbledon,1X2+OU25,D&O25,平局 + 大于 2.5 球,0.05388239895516373,0.05946011432297388,0.05777057732461668,average,,17.309849517011646,17.829145002521997,,,,1.0,False,8.280727343469538,英甲,False
20261010-E2-Plymouth-AFCWimbledon-DU25,E2,2026-10-10,12:30,Plymouth,AFC Wimbledon,1X2+OU25,D&U25,平局 + 小于 2.5 球,0.14428836462537004,0.15592244080584583,0.15244844033973595,average,,6.559594822823177,6.756382667507873,,,,1.0,False,11.178595174718886,英甲,False
20261010-E2-Plymouth-AFCWimbledon-AO25,E2,2026-10-10,12:30,Plymouth,AFC Wimbledon,1X2+OU25,A&O25,客胜 AFC Wimbledon + 大于 2.5 球,0.08297724983925517,0.09271713747338556,0.08977829466502954,average,,11.13854973221629,11.47270622418278,,,,1.0,False,11.10559289008144,英甲,False
20261010-E2-Plymouth-AFCWimbledon-AU25,E2,2026-10-10,12:30,Plymouth,AFC Wimbledon,1X2+OU25,A&U25,客胜 AFC Wimbledon + 小于 2.5 球,0.06280967258602659,0.06872678122435023,0.06696852515096924,average,,14.93238797996027,15.380359619359078,,,,1.0,False,14.992031731531606,英甲,False
20261010-E2-Bradford-LeytonOrient-H,E2,2026-10-10,15:00,Bradford,Leyton Orient,1X2,H,主胜 Bradford,0.45925566939321827,0.5497847249403417,0.5226260082762046,average,market_max,1.9134141511600895,1.970816575694892,1.75,1.7,-0.08540448551664181,1.0,False,,英甲,False
20261010-E2-Bradford-LeytonOrient-D,E2,2026-10-10,15:00,Bradford,Leyton Orient,1X2,D,平局,0.2805033243804507,0.2479135364452469,0.25769047282580804,average,market_max,3.8806246464376417,3.997043385830771,4.0,3.77,0.030761891303232147,1.0,True,,英甲,False
20261010-E2-Bradford-LeytonOrient-A,E2,2026-10-10,15:00,Bradford,Leyton Orient,1X2,A,客胜 Leyton Orient,0.2602410062263312,0.20230173861441142,0.21968351889798732,average,market_max,4.55200283123816,4.688562916175305,5.0,4.62,0.09841759448993659,1.0,True,,英甲,False
20261010-E2-Bradford-LeytonOrient-O25,E2,2026-10-10,15:00,Bradford,Leyton Orient,OU25,O25,大于 2.5 球,0.39558738412496336,0.5067024128686327,0.4733679042455319,average,market_max,2.1125217637934925,2.175897416707297,1.93,1.84,-0.08639994480612345,1.0,False,,英甲,False
20261010-E2-Bradford-LeytonOrient-U25,E2,2026-10-10,15:00,Bradford,Leyton Orient,OU25,U25,小于 2.5 球,0.6044126158750367,0.4932975871313674,0.5266320957544681,average,market_max,1.89885882015484,1.955824584759485,1.95,1.89,0.026932586721212903,1.0,False,,英甲,False
20261010-E2-Bradford-LeytonOrient-HO25,E2,2026-10-10,15:00,Bradford,Leyton Orient,1X2+OU25,H&O25,主胜 Bradford + 大于 2.5 球,0.2296694742487187,0.3338418172232856,0.3010806122275228,average,,3.3213696245718825,3.4210107133090393,,,,1.0,False,4.0421290374761405,英甲,False
20261010-E2-Bradford-LeytonOrient-HU25,E2,2026-10-10,15:00,Bradford,Leyton Orient,1X2+OU25,H&U25,主胜 Bradford + 小于 2.5 球,0.22958619514449957,0.21594290771724103,0.221545396048778,average,,4.513747601326044,4.6491600293658255,,,,1.0,False,3.6333033375394224,英甲,False
20261010-E2-Bradford-LeytonOrient-DO25,E2,2026-10-10,15:00,Bradford,Leyton Orient,1X2+OU25,D&O25,平局 + 大于 2.5 球,0.046158785711346045,0.057854010031593045,0.05439804545777049,average,,18.383013426030274,18.93450382881118,,,,1.0,False,8.197904022712944,英甲,False
20261010-E2-Bradford-LeytonOrient-DU25,E2,2026-10-10,15:00,Bradford,Leyton Orient,1X2+OU25,D&U25,平局 + 小于 2.5 球,0.2343445386691047,0.1900595264134271,0.20329242736791647,average,,4.919022380455965,5.066593051869645,,,,1.0,False,7.368758337598373,英甲,False
20261010-E2-Bradford-LeytonOrient-AO25,E2,2026-10-10,15:00,Bradford,Leyton Orient,1X2+OU25,A&O25,客胜 Leyton Orient + 大于 2.5 球,0.11975912416489855,0.11500658561375399,0.11788924656023857,average,,8.482537883461864,8.737014019965722,,,,1.0,False,9.616205049840207,英甲,False
20261010-E2-Bradford-LeytonOrient-AU25,E2,2026-10-10,15:00,Bradford,Leyton Orient,1X2+OU25,A&U25,客胜 Leyton Orient + 小于 2.5 球,0.14048188206143258,0.08729515300069926,0.10179427233777363,average,,9.823735432596848,10.118447495574754,,,,1.0,False,8.643610725466383,英甲,False
20261010-E2-Cambridge-Blackpool-H,E2,2026-10-10,15:00,Cambridge,Blackpool,1X2,H,主胜 Cambridge,0.37028501925402385,0.46496815286624205,0.4365632127825766,average,market_max,2.2906190231333903,2.359337593827392,2.05,2.01,-0.10504541379571808,1.0,False,,英甲,False
20261010-E2-Cambridge-Blackpool-D,E2,2026-10-10,15:00,Cambridge,Blackpool,1X2,D,平局,0.2569051336751512,0.2560509554140127,0.25630720889235425,average,market_max,3.9015679828965997,4.018615022383497,3.75,3.65,-0.03884796665367152,1.0,False,,英甲,False
20261010-E2-Cambridge-Blackpool-A,E2,2026-10-10,15:00,Cambridge,Blackpool,1X2,A,客胜 Blackpool,0.372809847070825,0.27898089171974516,0.3071295783250691,average,market_max,3.2559547193516796,3.3536333609322297,3.65,3.35,0.1210229608865021,1.0,True,,英甲,False
20261010-E2-Cambridge-Blackpool-O25,E2,2026-10-10,15:00,Cambridge,Blackpool,OU25,O25,大于 2.5 球,0.5203059180957685,0.5555555555555556,0.5449806643176195,average,market_max,1.8349274854588076,1.8899753100225718,1.7,1.68,-0.07353287066004688,1.0,False,,英甲,False
20261010-E2-Cambridge-Blackpool-U25,E2,2026-10-10,15:00,Cambridge,Blackpool,OU25,U25,小于 2.5 球,0.47969408190423146,0.4444444444444444,0.4550193356823805,average,market_max,2.1977088039573665,2.2636400680760875,2.12,2.1,-0.03535900835335326,1.0,False,,英甲,False
20261010-E2-Cambridge-Blackpool-HO25,E2,2026-10-10,15:00,Cambridge,Blackpool,1X2+OU25,H&O25,主胜 Cambridge + 大于 2.5 球,0.22382138806316307,0.2978507584925992,0.27496347189149595,average,,3.6368467168417653,3.7459521183470184,,,,1.0,False,4.203119804262262,英甲,False
20261010-E2-Cambridge-Blackpool-HU25,E2,2026-10-10,15:00,Cambridge,Blackpool,1X2+OU25,H&U25,主胜 Cambridge + 小于 2.5 球,0.14646363119086078,0.16711739437375547,0.16159974089114823,average,,6.188128733904275,6.3737725959214035,,,,1.0,False,5.034113593652475,英甲,False
20261010-E2-Cambridge-Blackpool-DO25,E2,2026-10-10,15:00,Cambridge,Blackpool,1X2+OU25,D&O25,平局 + 大于 2.5 球,0.0709729861594899,0.0788761651163921,0.07644401007983574,average,,13.081469678992915,13.473913769362703,,,,1.0,False,7.159094328203049,英甲,False
20261010-E2-Cambridge-Blackpool-DU25,E2,2026-10-10,15:00,Cambridge,Blackpool,1X2+OU25,D&U25,平局 + 小于 2.5 球,0.18593214751566126,0.1771747902974403,0.1798631988124033,average,,5.559781025817274,5.726574456591792,,,,1.0,False,8.574510305250042,英甲,False
20261010-E2-Cambridge-Blackpool-AO25,E2,2026-10-10,15:00,Cambridge,Blackpool,1X2+OU25,A&O25,客胜 Blackpool + 大于 2.5 球,0.2255115438731157,0.17882863194656434,0.19357318234628793,average,,5.166004856039795,5.320985001720988,,,,1.0,False,5.974440805947714,英甲,False
20261010-E2-Cambridge-Blackpool-AU25,E2,2026-10-10,15:00,Cambridge,Blackpool,1X2+OU25,A&U25,客胜 Blackpool + 小于 2.5 球,0.14729830319770928,0.1001522597732487,0.113556395978829,average,,8.806197056363395,9.070382968054297,,,,1.0,False,7.155640352005722,英甲,False
20261010-E2-Doncaster-Burton-H,E2,2026-10-10,15:00,Doncaster,Burton,1X2,H,主胜 Doncaster,0.3864029805135914,0.560210677519751,0.508068368417903,average,market_max,1.968239044508803,2.027286215844067,1.7,1.67,-0.1362837736895649,1.0,False,,英甲,False
20261010-E2-Doncaster-Burton-D,E2,2026-10-10,15:00,Doncaster,Burton,1X2,D,平局,0.27688434413814067,0.2398850849892267,0.25098486273390086,average,market_max,3.9843040297622245,4.103833150655092,4.25,3.9,0.06668566661907871,1.0,True,,英甲,False
20261010-E2-Doncaster-Burton-A,E2,2026-10-10,15:00,Doncaster,Burton,1X2,A,客胜 Burton,0.3367126753482679,0.19990423749102226,0.24094676884819594,average,market_max,4.150294294380148,4.274803123211552,5.0,4.68,0.20473384424097962,1.0,True,,英甲,False
20261010-E2-Doncaster-Burton-O25,E2,2026-10-10,15:00,Doncaster,Burton,OU25,O25,大于 2.5 球,0.4352015017614352,0.5333333333333333,0.5038937838617639,average,market_max,1.984545219701174,2.0440815762922093,1.83,1.75,-0.07787437553297205,1.0,False,,英甲,False
20261010-E2-Doncaster-Burton-U25,E2,2026-10-10,15:00,Doncaster,Burton,OU25,U25,小于 2.5 球,0.5647984982385648,0.4666666666666667,0.4961062161382361,average,market_max,2.0156973798557645,2.0761683012514376,2.1,2.0,0.041823053890295725,1.0,True,,英甲,False
20261010-E2-Doncaster-Burton-HO25,E2,2026-10-10,15:00,Doncaster,Burton,1X2+OU25,H&O25,主胜 Doncaster + 大于 2.5 球,0.20439018808204193,0.3469797703166114,0.30124818954684546,average,,3.319522024362226,3.419107685093093,,,,1.0,False,3.906059387009151,英甲,False
20261010-E2-Doncaster-Burton-HU25,E2,2026-10-10,15:00,Doncaster,Burton,1X2+OU25,H&U25,主胜 Doncaster + 小于 2.5 球,0.1820127924315496,0.2132309072036247,0.20682017887135853,average,,4.8351181468709425,4.9801716912770715,,,,1.0,False,3.9673742849462075,英甲,False
20261010-E2-Doncaster-Burton-DO25,E2,2026-10-10,15:00,Doncaster,Burton,1X2+OU25,D&O25,平局 + 大于 2.5 球,0.05588609279334809,0.06433115363667598,0.0619917926888663,average,,16.131167637286275,16.615102666404862,,,,1.0,False,7.907031516100747,英甲,False
20261010-E2-Doncaster-Burton-DU25,E2,2026-10-10,15:00,Doncaster,Burton,1X2+OU25,D&U25,平局 + 小于 2.5 球,0.22099825134479256,0.1755539313519106,0.1889930700446058,average,,5.291199300397532,5.449935279409458,,,,1.0,False,8.031151193340479,英甲,False
20261010-E2-Doncaster-Burton-AO25,E2,2026-10-10,15:00,Doncaster,Burton,1X2+OU25,A&O25,客胜 Burton + 大于 2.5 球,0.1749252208860452,0.12202240938004591,0.14065380162605212,average,,7.109654971563729,7.322944620710641,,,,1.0,False,8.23644670226518,英甲,False
20261010-E2-Doncaster-Burton-AU25,E2,2026-10-10,15:00,Doncaster,Burton,1X2+OU25,A&U25,客胜 Burton + 小于 2.5 球,0.16178745446222265,0.07788182811113141,0.10029296722227181,average,,9.970788856847507,10.269912522552932,,,,1.0,False,8.365737334812392,英甲,False
20261010-E2-Stevenage-Wigan-H,E2,2026-10-10,15:00,Stevenage,Wigan,1X2,H,主胜 Stevenage,0.4435736359256558,0.44726058167470756,0.44615449794999207,average,market_max,2.2413760358683787,2.30861731694443,2.15,2.09,-0.04076782940751711,1.0,False,,英甲,False
20261010-E2-Stevenage-Wigan-D,E2,2026-10-10,15:00,Stevenage,Wigan,1X2,D,平局,0.3289656717353008,0.2841260230091607,0.2975779176270027,average,market_max,3.3604644053375097,3.461278337497635,3.4,3.29,0.01176491993180906,1.0,False,,英甲,False
20261010-E2-Stevenage-Wigan-A,E2,2026-10-10,15:00,Stevenage,Wigan,1X2,A,客胜 Wigan,0.2274606923390433,0.2686133953161318,0.25626758442300523,average,market_max,3.9021712490541183,4.0192363865257414,3.65,3.48,-0.06462331685603095,1.0,False,,英甲,False
20261010-E2-Stevenage-Wigan-O25,E2,2026-10-10,15:00,Stevenage,Wigan,OU25,O25,大于 2.5 球,0.2512561057088039,0.4379947229551451,0.38197313778124276,average,market_max,2.617985143690139,2.696524698000843,2.2,2.13,-0.1596590968812659,1.0,False,,英甲,False
20261010-E2-Stevenage-Wigan-U25,E2,2026-10-10,15:00,Stevenage,Wigan,OU25,U25,小于 2.5 球,0.7487438942911961,0.5620052770448549,0.6180268622187572,average,market_max,1.6180526464657765,1.66659422585975,1.7,1.66,0.05064566577188723,1.0,True,,英甲,False
20261010-E2-Stevenage-Wigan-HO25,E2,2026-10-10,15:00,Stevenage,Wigan,1X2+OU25,H&O25,主胜 Stevenage + 大于 2.5 球,0.15676402224423439,0.25361328173500614,0.22619010685083116,average,,4.421059850594988,4.553691646112838,,,,1.0,False,5.867889163326512,英甲,False
20261010-E2-Stevenage-Wigan-HU25,E2,2026-10-10,15:00,Stevenage,Wigan,1X2+OU25,H&U25,主胜 Stevenage + 小于 2.5 球,0.28680961368142144,0.19364729994025945,0.21996439109930463,average,,4.546190385645385,4.6825760972147465,,,,1.0,False,3.6266644265618018,英甲,False
20261010-E2-Stevenage-Wigan-DO25,E2,2026-10-10,15:00,Stevenage,Wigan,1X2+OU25,D&O25,平局 + 大于 2.5 球,0.024239465906334846,0.04548482402177846,0.038736124907279096,average,,25.815695359142264,26.590166219916533,,,,1.0,False,8.797645889073117,英甲,False
20261010-E2-Stevenage-Wigan-DU25,E2,2026-10-10,15:00,Stevenage,Wigan,1X2+OU25,D&U25,平局 + 小于 2.5 球,0.3047262058289659,0.23864119898661879,0.2588417927195305,average,,3.8633637539497174,3.979264666568209,,,,1.0,False,5.437408324410399,英甲,False
20261010-E2-Stevenage-Wigan-AO25,E2,2026-10-10,15:00,Stevenage,Wigan,1X2+OU25,A&O25,客胜 Wigan + 大于 2.5 球,0.0702526175582347,0.13889661719836055,0.11704690602313254,average,,8.543583371630218,8.799890872779125,,,,1.0,False,10.215826358158473,英甲,False
20261010-E2-Stevenage-Wigan-AU25,E2,2026-10-10,15:00,Stevenage,Wigan,1X2+OU25,A&U25,客胜 Wigan + 小于 2.5 球,0.15720807478080864,0.1297167781179767,0.1392206783999221,average,,7.18284102256292,7.398326253239808,,,,1.0,False,6.31391851649468,英甲,False
20261010-E2-Stockport-Barnsley-H,E2,2026-10-10,15:00,Stockport,Barnsley,1X2,H,主胜 Stockport,0.628733960006221,0.6642286103078754,0.653580215217379,average,market_max,1.5300340749565113,1.5759350972052066,1.44,1.41,-0.058844490086974344,1.0,False,,英甲,False
20261010-E2-Stockport-Barnsley-D,E2,2026-10-10,15:00,Stockport,Barnsley,1X2,D,平局,0.19585806177474763,0.189204513239213,0.19120057779987337,average,market_max,5.2301097177995155,5.387013009333501,5.25,4.95,0.0038030334493353024,1.0,False,,英甲,False
20261010-E2-Stockport-Barnsley-A,E2,2026-10-10,15:00,Stockport,Barnsley,1X2,A,客胜 Barnsley,0.17540797821903154,0.14656687645291147,0.1552192069827475,average,market_max,6.442501668695868,6.635776718756744,7.5,6.39,0.16414405237060614,1.0,False,,英甲,False
20261010-E2-Stockport-Barnsley-O25,E2,2026-10-10,15:00,Stockport,Barnsley,OU25,O25,大于 2.5 球,0.6465843813699499,0.6713947990543735,0.6639516737490464,average,market_max,1.5061337135479076,1.5513177249543448,1.42,1.39,-0.05718862327635421,1.0,False,,英甲,False
20261010-E2-Stockport-Barnsley-U25,E2,2026-10-10,15:00,Stockport,Barnsley,OU25,U25,小于 2.5 球,0.3534156186300501,0.32860520094562645,0.33604832625095354,average,market_max,2.9757624778443974,3.0650353521797293,3.0,2.84,0.008144978752860688,1.0,False,,英甲,False
20261010-E2-Stockport-Barnsley-HO25,E2,2026-10-10,15:00,Stockport,Barnsley,1X2+OU25,H&O25,主胜 Stockport + 大于 2.5 球,0.46051613939883995,0.4990751877191693,0.487375742929714,average,,2.051805028269971,2.1133591791180706,,,,1.0,False,2.3044359031690878,英甲,False
20261010-E2-Stockport-Barnsley-HU25,E2,2026-10-10,15:00,Stockport,Barnsley,1X2+OU25,H&U25,主胜 Stockport + 小于 2.5 球,0.16821782060738094,0.16515342258886198,0.16620447228777543,average,,6.016685268664406,6.197185826724339,,,,1.0,False,4.553017990078948,英甲,False
20261010-E2-Stockport-Barnsley-DO25,E2,2026-10-10,15:00,Stockport,Barnsley,1X2+OU25,D&O25,平局 + 大于 2.5 球,0.07095726878612939,0.07292128596631497,0.0723337229068863,average,,13.824810334832057,14.239554644877018,,,,1.0,False,7.877244571532382,英甲,False
20261010-E2-Stockport-Barnsley-DU25,E2,2026-10-10,15:00,Stockport,Barnsley,1X2+OU25,D&U25,平局 + 小于 2.5 球,0.12490079298861827,0.11628322727273936,0.11886685489287421,average,,8.41277411521677,8.665157338673273,,,,1.0,False,15.563564253237148,英甲,False
20261010-E2-Stockport-Barnsley-AO25,E2,2026-10-10,15:00,Stockport,Barnsley,1X2+OU25,A&O25,客胜 Barnsley + 大于 2.5 球,0.11511097318498054,0.09939832536888929,0.10424220791244605,average,,9.593043163858432,9.880834458774185,,,,1.0,False,9.703268962811498,英甲,False
20261010-E2-Stockport-Barnsley-AU25,E2,2026-10-10,15:00,Stockport,Barnsley,1X2+OU25,A&U25,客胜 Barnsley + 小于 2.5 球,0.060297005034051034,0.047168551084025116,0.050976999070303904,average,,19.616690237510255,20.205190944635564,,,,1.0,False,19.17135472915508,英甲,False
20261010-E2-Wycombe-Luton-H,E2,2026-10-10,15:00,Wycombe,Luton,1X2,H,主胜 Wycombe,0.46363378290836943,0.3593028379326664,0.39060212142537726,average,market_max,2.5601499458088464,2.636954444183112,2.7,2.6,0.05462572784851871,1.0,True,,英甲,False
20261010-E2-Wycombe-Luton-D,E2,2026-10-10,15:00,Wycombe,Luton,1X2,D,平局,0.2330701833714546,0.2609461951466292,0.2525833916140768,average,market_max,3.9590884959209993,4.077861150798629,3.75,3.58,-0.05281228144721206,1.0,False,,英甲,False
20261010-E2-Wycombe-Luton-A,E2,2026-10-10,15:00,Wycombe,Luton,1X2,A,客胜 Luton,0.3032960337201761,0.3797509669207043,0.3568144869605458,average,market_max,2.8025767914254374,2.8866540951682005,2.55,2.46,-0.09012305825060829,1.0,False,,英甲,False
20261010-E2-Wycombe-Luton-O25,E2,2026-10-10,15:00,Wycombe,Luton,OU25,O25,大于 2.5 球,0.612597576815286,0.5684210526315789,0.581674009886691,average,market_max,1.719176004089985,1.7707512842126847,1.67,1.64,-0.028604403489225994,1.0,False,,英甲,False
20261010-E2-Wycombe-Luton-U25,E2,2026-10-10,15:00,Wycombe,Luton,OU25,U25,小于 2.5 球,0.38740242318471396,0.431578947368421,0.4183259901133089,average,market_max,2.3904802083397625,2.462194614589955,2.25,2.16,-0.058766522245054964,1.0,False,,英甲,False
20261010-E2-Wycombe-Luton-HO25,E2,2026-10-10,15:00,Wycombe,Luton,1X2+OU25,H&O25,主胜 Wycombe + 大于 2.5 球,0.323507827116913,0.23916481732202052,0.26378972362770337,average,,3.7908982436758554,3.904625190986131,,,,1.0,False,4.401348353706845,英甲,False
20261010-E2-Wycombe-Luton-HU25,E2,2026-10-10,15:00,Wycombe,Luton,1X2+OU25,H&U25,主胜 Wycombe + 小于 2.5 球,0.14012595579145642,0.12013802061058268,0.12681239779713904,average,,7.8856643149330985,8.122234244381092,,,,1.0,False,6.119987775838162,英甲,False
20261010-E2-Wycombe-Luton-DO25,E2,2026-10-10,15:00,Wycombe,Luton,1X2+OU25,D&O25,平局 + 大于 2.5 球,0.08497423115940896,0.08637223193598546,0.0860793251680486,average,,11.617191445771063,11.965707189144196,,,,1.0,False,6.806369940256093,英甲,False
20261010-E2-Wycombe-Luton-DU25,E2,2026-10-10,15:00,Wycombe,Luton,1X2+OU25,D&U25,平局 + 小于 2.5 球,0.14809595221204563,0.17457396321075594,0.16650406644691773,average,,6.00585932427545,6.186035104003714,,,,1.0,False,9.464122692564787,英甲,False
20261010-E2-Wycombe-Luton-AO25,E2,2026-10-10,15:00,Wycombe,Luton,1X2+OU25,A&O25,客胜 Luton + 大于 2.5 球,0.20411551853896412,0.24288400337357297,0.23180496109093904,average,,4.313971518528853,4.443390664084719,,,,1.0,False,4.818122769438115,英甲,False
20261010-E2-Wycombe-Luton-AU25,E2,2026-10-10,15:00,Wycombe,Luton,1X2+OU25,A&U25,客胜 Luton + 小于 2.5 球,0.09918051518121199,0.13686696354708244,0.12500952586925212,average,,7.999390390824322,8.239372102549053,,,,1.0,False,6.699504352254862,英甲,False
20261010-E3-Oldham-Accrington-H,E3,2026-10-10,12:30,Oldham,Accrington,1X2,H,主胜 Oldham,0.5297482573423313,0.569065011175762,0.5572699850257328,average,market_max,1.7944623375935518,1.8482962077213583,1.67,1.64,-0.06935912500702635,1.0,False,,英乙,False
20261010-E3-Oldham-Accrington-D,E3,2026-10-10,12:30,Oldham,Accrington,1X2,D,平局,0.2576612861916057,0.23929913290467947,0.24480777889075733,average,market_max,4.084837518362677,4.207382643913557,4.0,3.9,-0.02076888443697067,1.0,False,,英乙,False
20261010-E3-Oldham-Accrington-A,E3,2026-10-10,12:30,Oldham,Accrington,1X2,A,客胜 Accrington,0.2125904564660628,0.19163585591955848,0.19792223608350978,average,market_max,5.052489400827443,5.204064082852266,5.0,4.87,-0.010388819582451081,1.0,False,,英乙,False
20261010-E3-Oldham-Accrington-O25,E3,2026-10-10,12:30,Oldham,Accrington,OU25,O25,大于 2.5 球,0.4415466543987951,0.5320855614973262,0.5049238893677668,average,market_max,1.9804965085968416,2.039911403854747,1.8,1.75,-0.09113699913801976,1.0,False,,英乙,False
20261010-E3-Oldham-Accrington-U25,E3,2026-10-10,12:30,Oldham,Accrington,OU25,U25,小于 2.5 球,0.5584533456012049,0.4679144385026738,0.4950761106322331,average,market_max,2.0198914440104123,2.0804881873307246,2.0,1.99,-0.009847778735533774,1.0,False,,英乙,False
20261010-E3-Oldham-Accrington-HO25,E3,2026-10-10,12:30,Oldham,Accrington,1X2+OU25,H&O25,主胜 Oldham + 大于 2.5 球,0.29037290362216917,0.36215069722870236,0.34025876235533964,average,,2.9389397442046716,3.0271079365308116,,,,1.0,False,3.553926394412556,英乙,False
20261010-E3-Oldham-Accrington-HU25,E3,2026-10-10,12:30,Oldham,Accrington,1X2+OU25,H&U25,主胜 Oldham + 小于 2.5 球,0.23937535372016217,0.20691431394731388,0.21701122267053233,average,,4.608056614280293,4.746298312708702,,,,1.0,False,3.6246191223041393,英乙,False
20261010-E3-Oldham-Accrington-DO25,E3,2026-10-10,12:30,Oldham,Accrington,1X2+OU25,D&O25,平局 + 大于 2.5 球,0.048241392381786576,0.05969524808154103,0.05616766990622449,average,,17.80383629353975,18.337951382345945,,,,1.0,False,8.090006443302668,英乙,False
20261010-E3-Oldham-Accrington-DU25,E3,2026-10-10,12:30,Oldham,Accrington,1X2+OU25,D&U25,平局 + 小于 2.5 球,0.20941989380981918,0.1796038848228488,0.18864010898437356,average,,5.301099566703693,5.4601325537048035,,,,1.0,False,8.250928353513496,英乙,False
20261010-E3-Oldham-Accrington-AO25,E3,2026-10-10,12:30,Oldham,Accrington,1X2+OU25,A&O25,客胜 Accrington + 大于 2.5 球,0.10293235839483936,0.11023961618708283,0.10849745710620276,average,,9.21680587427178,9.493310050499932,,,,1.0,False,10.006437618061298,英乙,False
20261010-E3-Oldham-Accrington-AU25,E3,2026-10-10,12:30,Oldham,Accrington,1X2+OU25,A&U25,客胜 Accrington + 小于 2.5 球,0.10965809807122345,0.08139623973251107,0.08942477897732727,average,,11.18258285271848,11.518060338300035,,,,1.0,False,10.205480111684645,英乙,False
20261010-E3-Swindon-Crewe-H,E3,2026-10-10,12:30,Swindon,Crewe,1X2,H,主胜 Swindon,0.42444232793259706,0.3671548117154812,0.38434106658061595,average,market_max,2.6018557134597766,2.67991138486357,2.6,2.54,-0.0007132268903984329,1.0,False,,英乙,False
20261010-E3-Swindon-Crewe-D,E3,2026-10-10,12:30,Swindon,Crewe,1X2,D,平局,0.26476282931318007,0.2656903765690377,0.2654121123922804,average,market_max,3.767725560776198,3.880757327599484,3.6,3.51,-0.04451639538779051,1.0,False,,英乙,False
20261010-E3-Swindon-Crewe-A,E3,2026-10-10,12:30,Swindon,Crewe,1X2,A,客胜 Crewe,0.3107948427542227,0.3671548117154812,0.35024682102710364,average,market_max,2.8551294115032544,2.940783293848352,2.62,2.54,-0.08235332890898839,1.0,False,,英乙,False
20261010-E3-Swindon-Crewe-O25,E3,2026-10-10,12:30,Swindon,Crewe,OU25,O25,大于 2.5 球,0.4800187400718971,0.5439999999999999,0.5248056220215691,average,market_max,1.9054673921898282,1.9626314139555232,1.75,1.71,-0.08159016146225406,1.0,False,,英乙,False
20261010-E3-Swindon-Crewe-U25,E3,2026-10-10,12:30,Swindon,Crewe,OU25,U25,小于 2.5 球,0.5199812599281028,0.45599999999999996,0.4751943779784308,average,market_max,2.1044020012488245,2.1675340612862892,2.1,2.04,-0.002091806245295369,1.0,False,,英乙,False
20261010-E3-Swindon-Crewe-HO25,E3,2026-10-10,12:30,Swindon,Crewe,1X2+OU25,H&O25,主胜 Swindon + 大于 2.5 球,0.24467191227415336,0.23674330631154225,0.24008674093325688,average,,4.165161291759947,4.290116130512746,,,,1.0,False,4.957751221180406,英乙,False
20261010-E3-Swindon-Crewe-HU25,E3,2026-10-10,12:30,Swindon,Crewe,1X2+OU25,H&U25,主胜 Swindon + 小于 2.5 球,0.17977041565844382,0.13041150540436955,0.14425432564762014,average,,6.93220113511721,7.140167169170726,,,,1.0,False,5.475350370365441,英乙,False
20261010-E3-Swindon-Crewe-DO25,E3,2026-10-10,12:30,Swindon,Crewe,1X2+OU25,D&O25,平局 + 大于 2.5 球,0.06262667474977769,0.07769061490036908,0.0729267062351354,average,,13.712397715807016,14.123769647281227,,,,1.0,False,7.17927819877918,英乙,False
20261010-E3-Swindon-Crewe-DU25,E3,2026-10-10,12:30,Swindon,Crewe,1X2+OU25,D&U25,平局 + 小于 2.5 球,0.2021361545634024,0.18799976166789084,0.19248540615669366,average,,5.19519905413476,5.351055025758803,,,,1.0,False,7.928809210253781,英乙,False
20261010-E3-Swindon-Crewe-AO25,E3,2026-10-10,12:30,Swindon,Crewe,1X2+OU25,A&O25,客胜 Crewe + 大于 2.5 球,0.172720153047966,0.22956607878808874,0.21179217485317697,average,,4.721609760574209,4.863258053391435,,,,1.0,False,5.440355994101585,英乙,False
20261010-E3-Swindon-Crewe-AU25,E3,2026-10-10,12:30,Swindon,Crewe,1X2+OU25,A&U25,客胜 Crewe + 小于 2.5 球,0.13807468970625666,0.1375887329277396,0.13845464617411704,average,,7.222581745233926,7.439259197590944,,,,1.0,False,6.008340047391826,英乙,False
20261010-E3-BristolRvs-Barnet-H,E3,2026-10-10,15:00,Bristol Rvs,Barnet,1X2,H,主胜 Bristol Rvs,0.3265524354314041,0.4230583306477602,0.39410656208285333,average,market_max,2.537384799468955,2.6135063434530235,2.3,2.2,-0.09355490720943738,1.0,False,,英乙,False
20261010-E3-BristolRvs-Barnet-D,E3,2026-10-10,15:00,Bristol Rvs,Barnet,1X2,D,平局,0.2350765261084862,0.2614405414115372,0.2535313368206219,average,market_max,3.944285596172746,4.062614164057929,3.7,3.56,-0.06193405376369887,1.0,False,,英乙,False
20261010-E3-BristolRvs-Barnet-A,E3,2026-10-10,15:00,Bristol Rvs,Barnet,1X2,A,客胜 Barnet,0.4383710384601097,0.3155011279407025,0.35236210109652466,average,market_max,2.837989661453585,2.923129351297193,3.1,2.95,0.09232251339922648,1.0,True,,英乙,False
20261010-E3-BristolRvs-Barnet-O25,E3,2026-10-10,15:00,Bristol Rvs,Barnet,OU25,O25,大于 2.5 球,0.6173879544712986,0.557029177718833,0.5751368107445727,average,market_max,1.7387167389014782,1.7908782410685224,1.7,1.67,-0.022267421734226467,1.0,False,,英乙,False
20261010-E3-BristolRvs-Barnet-U25,E3,2026-10-10,15:00,Bristol Rvs,Barnet,OU25,U25,小于 2.5 球,0.3826120455287014,0.44297082228116713,0.42486318925542743,average,market_max,2.353698850099251,2.4243098156022285,2.15,2.1,-0.08654414310083103,1.0,False,,英乙,False
20261010-E3-BristolRvs-Barnet-HO25,E3,2026-10-10,15:00,Bristol Rvs,Barnet,1X2+OU25,H&O25,主胜 Bristol Rvs + 大于 2.5 球,0.22316454067488647,0.2677913859434076,0.2554797293328682,average,,3.914204867099595,4.031631013112583,,,,1.0,False,4.411793423870843,英乙,False
20261010-E3-BristolRvs-Barnet-HU25,E3,2026-10-10,15:00,Bristol Rvs,Barnet,1X2+OU25,H&U25,主胜 Bristol Rvs + 小于 2.5 球,0.10338789475651768,0.15526694470427624,0.1386268327499384,average,,7.213610670914245,7.430018991041673,,,,1.0,False,5.972239684769398,英乙,False
20261010-E3-BristolRvs-Barnet-DO25,E3,2026-10-10,15:00,Bristol Rvs,Barnet,1X2+OU25,D&O25,平局 + 大于 2.5 球,0.08729018077969304,0.08382507656832269,0.0849930361419178,average,,11.765669817115864,12.118639911629339,,,,1.0,False,6.857995389073549,英乙,False
20261010-E3-BristolRvs-Barnet-DU25,E3,2026-10-10,15:00,Bristol Rvs,Barnet,1X2+OU25,D&U25,平局 + 小于 2.5 球,0.14778634532879317,0.17761546484336133,0.16853830067880302,average,,5.933369423878198,6.111370506594544,,,,1.0,False,9.283660472174832,英乙,False
20261010-E3-BristolRvs-Barnet-AO25,E3,2026-10-10,15:00,Bristol Rvs,Barnet,1X2+OU25,A&O25,客胜 Barnet + 大于 2.5 球,0.3069332330167191,0.20541271520710253,0.2346640452697867,average,,4.261411239418156,4.389253576600701,,,,1.0,False,4.934460129198688,英乙,False
20261010-E3-BristolRvs-Barnet-AU25,E3,2026-10-10,15:00,Bristol Rvs,Barnet,1X2+OU25,A&U25,客胜 Barnet + 小于 2.5 球,0.1314378054433907,0.11008841273352954,0.11769805582668602,average,,8.496317062981316,8.751206574870757,,,,1.0,False,6.679773002756866,英乙,False
20261010-E3-Cheltenham-Salford-H,E3,2026-10-10,15:00,Cheltenham,Salford,1X2,H,主胜 Cheltenham,0.3169267015369686,0.24650893619453507,0.2676342657972651,average,market_max,3.73644233118306,3.848535601118552,4.0,3.78,0.0705370631890605,1.0,True,,英乙,False
20261010-E3-Cheltenham-Salford-D,E3,2026-10-10,15:00,Cheltenham,Salford,1X2,D,平局,0.25274951015782104,0.24981334552690146,0.25069419491617734,average,market_max,3.9889236379580395,4.108591347096781,4.0,3.73,0.00277677966470935,1.0,False,,英乙,False
20261010-E3-Cheltenham-Salford-A,E3,2026-10-10,15:00,Cheltenham,Salford,1X2,A,客胜 Salford,0.43032378830521045,0.5036777182785633,0.4816715392865574,average,market_max,2.076103565266033,2.1383866722240144,1.9,1.85,-0.08482407535554093,1.0,False,,英乙,False
20261010-E3-Cheltenham-Salford-O25,E3,2026-10-10,15:00,Cheltenham,Salford,OU25,O25,大于 2.5 球,0.532689933206509,0.5558510638297872,0.5489027246428038,average,market_max,1.8218164259445897,1.8764709187229274,1.7,1.67,-0.06686536810723365,1.0,False,,英乙,False
20261010-E3-Cheltenham-Salford-U25,E3,2026-10-10,15:00,Cheltenham,Salford,OU25,U25,小于 2.5 球,0.46731006679349096,0.4441489361702128,0.45109727535719624,average,market_max,2.216816759108468,2.283321261881722,2.15,2.09,-0.030140857982028146,1.0,False,,英乙,False
20261010-E3-Cheltenham-Salford-HO25,E3,2026-10-10,15:00,Cheltenham,Salford,1X2+OU25,H&O25,主胜 Cheltenham + 大于 2.5 球,0.19188415542625123,0.15459354443887846,0.16610709641452168,average,,6.020212390592221,6.2008187623099875,,,,1.0,False,6.8071120135439935,英乙,False
20261010-E3-Cheltenham-Salford-HU25,E3,2026-10-10,15:00,Cheltenham,Salford,1X2+OU25,H&U25,主胜 Cheltenham + 小于 2.5 球,0.1250425461107174,0.09191539175568939,0.10152716938301667,average,,9.849580226426353,10.145067633219144,,,,1.0,False,8.283007979208922,英乙,False
20261010-E3-Cheltenham-Salford-DO25,E3,2026-10-10,15:00,Cheltenham,Salford,1X2+OU25,D&O25,平局 + 大于 2.5 球,0.07189961313466868,0.0758174406558044,0.07462885268048881,average,,13.399643222190965,13.801632518856694,,,,1.0,False,7.267086605470605,英乙,False
20261010-E3-Cheltenham-Salford-DU25,E3,2026-10-10,15:00,Cheltenham,Salford,1X2+OU25,D&U25,平局 + 小于 2.5 球,0.1808498970231524,0.1739959048709796,0.17606534223479245,average,,5.679709517540636,5.850100803066855,,,,1.0,False,8.842712771429301,英乙,False
20261010-E3-Cheltenham-Salford-AO25,E3,2026-10-10,15:00,Cheltenham,Salford,1X2+OU25,A&O25,客胜 Salford + 大于 2.5 球,0.26890616464558914,0.32544007873510444,0.3081667755477932,average,,3.2449961493169184,3.342346033796426,,,,1.0,False,3.7822795771637847,英乙,False
20261010-E3-Cheltenham-Salford-AU25,E3,2026-10-10,15:00,Cheltenham,Salford,1X2+OU25,A&U25,客胜 Salford + 小于 2.5 球,0.16141762365962134,0.17823763954354374,0.17350476373938717,average,,5.763530513214323,5.936436428610753,,,,1.0,False,4.602341177126584,英乙,False
20261010-E3-CrawleyTown-Chesterfield-H,E3,2026-10-10,15:00,Crawley Town,Chesterfield,1X2,H,主胜 Crawley Town,0.21657796660493508,0.20179672193816603,0.20623109533819675,average,market_max,4.848929296331903,4.99439717522186,5.0,4.64,0.03115547669098384,1.0,True,,英乙,False
20261010-E3-CrawleyTown-Chesterfield-D,E3,2026-10-10,15:00,Crawley Town,Chesterfield,1X2,D,平局,0.2461469116420158,0.22726621111482775,0.23293042127298413,average,market_max,4.293127512219816,4.421921337586411,4.33,4.12,0.008588724112021273,1.0,False,,英乙,False
20261010-E3-CrawleyTown-Chesterfield-A,E3,2026-10-10,15:00,Crawley Town,Chesterfield,1X2,A,客胜 Chesterfield,0.5372751217530491,0.5709370669470063,0.5608384833888191,average,market_max,1.7830445477949097,1.8365358842287571,1.67,1.64,-0.06339973274067212,1.0,False,,英乙,False
20261010-E3-CrawleyTown-Chesterfield-O25,E3,2026-10-10,15:00,Crawley Town,Chesterfield,OU25,O25,大于 2.5 球,0.4888109758708585,0.6041131105398457,0.5695224701391495,average,market_max,1.7558569721677064,1.8085326813327376,1.58,1.54,-0.1001544971801438,1.0,False,,英乙,False
20261010-E3-CrawleyTown-Chesterfield-U25,E3,2026-10-10,15:00,Crawley Town,Chesterfield,OU25,U25,小于 2.5 球,0.5111890241291415,0.39588688946015427,0.4304775298608504,average,market_max,2.323001621764659,2.392691670417599,2.4,2.35,0.033146071666041,1.0,True,,英乙,False
20261010-E3-CrawleyTown-Chesterfield-HO25,E3,2026-10-10,15:00,Crawley Town,Chesterfield,1X2+OU25,H&O25,主胜 Crawley Town + 大于 2.5 球,0.11488538126778335,0.13047170385330323,0.12624564477426928,average,,7.921065330911239,8.158697290838576,,,,1.0,False,8.514026312512623,英乙,False
20261010-E3-CrawleyTown-Chesterfield-HU25,E3,2026-10-10,15:00,Crawley Town,Chesterfield,1X2+OU25,H&U25,主胜 Crawley Town + 小于 2.5 球,0.10169258533715175,0.07132501808489992,0.07998545056395027,average,,12.50227376290737,12.877341975794591,,,,1.0,False,11.26407061920118,英乙,False
20261010-E3-CrawleyTown-Chesterfield-DO25,E3,2026-10-10,15:00,Crawley Town,Chesterfield,1X2+OU25,D&O25,平局 + 大于 2.5 球,0.055609286111375195,0.07293309666189311,0.06746778347780247,average,,14.821889032844979,15.266545703830328,,,,1.0,False,7.538117874736164,英乙,False
20261010-E3-CrawleyTown-Chesterfield-DU25,E3,2026-10-10,15:00,Crawley Town,Chesterfield,1X2+OU25,D&U25,平局 + 小于 2.5 球,0.1905376255306406,0.15433311445265557,0.16546263779501263,average,,6.043660450033887,6.224970263534903,,,,1.0,False,9.972942173329109,英乙,False
20261010-E3-CrawleyTown-Chesterfield-AO25,E3,2026-10-10,15:00,Crawley Town,Chesterfield,1X2+OU25,A&O25,客胜 Chesterfield + 大于 2.5 球,0.3183163084917,0.4007083100246494,0.37580904188707787,average,,2.6609258653773353,2.7407536413386557,,,,1.0,False,3.1307712009313073,英乙,False
20261010-E3-CrawleyTown-Chesterfield-AU25,E3,2026-10-10,15:00,Crawley Town,Chesterfield,1X2+OU25,A&U25,客胜 Chesterfield + 小于 2.5 球,0.21895881326134914,0.17022875692259878,0.18502944150188755,average,,5.404545308481616,5.566681667736065,,,,1.0,False,4.142015376206208,英乙,False
20261010-E3-FleetwoodTown-Walsall-H,E3,2026-10-10,15:00,Fleetwood Town,Walsall,1X2,H,主胜 Fleetwood Town,0.3721718326922374,0.4111854676738684,0.3994813771793791,average,market_max,2.5032456007354007,2.578342968757463,2.38,2.27,-0.04923432231307778,1.0,False,,英乙,False
20261010-E3-FleetwoodTown-Walsall-D,E3,2026-10-10,15:00,Fleetwood Town,Walsall,1X2,D,平局,0.28093954330318766,0.2713345964010701,0.27421608047170537,average,market_max,3.646759148040495,3.7561619224817098,3.6,3.44,-0.012822110301860645,1.0,False,,英乙,False
20261010-E3-FleetwoodTown-Walsall-A,E3,2026-10-10,15:00,Fleetwood Town,Walsall,1X2,A,客胜 Walsall,0.34688862400457504,0.31747993592506163,0.32630254234891565,average,market_max,3.0646405412639997,3.1565797575019197,3.1,2.94,0.011537881281638462,1.0,False,,英乙,False
20261010-E3-FleetwoodTown-Walsall-O25,E3,2026-10-10,15:00,Fleetwood Town,Walsall,OU25,O25,大于 2.5 球,0.4246256357999498,0.5161290322580646,0.4886780133206301,average,market_max,2.046337205156563,2.1077273213112604,1.85,1.8,-0.09594567535683429,1.0,False,,英乙,False
20261010-E3-FleetwoodTown-Walsall-U25,E3,2026-10-10,15:00,Fleetwood Town,Walsall,OU25,U25,小于 2.5 球,0.5753743642000502,0.48387096774193555,0.5113219866793699,average,market_max,1.9557148451491506,2.014386290503625,1.95,1.92,-0.0029221259752286732,1.0,False,,英乙,False
20261010-E3-FleetwoodTown-Walsall-HO25,E3,2026-10-10,15:00,Fleetwood Town,Walsall,1X2+OU25,H&O25,主胜 Fleetwood Town + 大于 2.5 球,0.19255829959738818,0.25206661568220684,0.2336876517361554,average,,4.279216263977217,4.407592751896534,,,,1.0,False,5.122484606429342,英乙,False
20261010-E3-FleetwoodTown-Walsall-HU25,E3,2026-10-10,15:00,Fleetwood Town,Walsall,1X2+OU25,H&U25,主胜 Fleetwood Town + 小于 2.5 球,0.1796135330948493,0.15911885199175374,0.16579372544371013,average,,6.031591348368111,6.212539088819155,,,,1.0,False,4.8956345824125265,英乙,False
20261010-E3-FleetwoodTown-Walsall-DO25,E3,2026-10-10,15:00,Fleetwood Town,Walsall,1X2+OU25,D&O25,平局 + 大于 2.5 球,0.05425477619693751,0.07088946015612424,0.06563494827773722,average,,15.23578560264046,15.692859170719673,,,,1.0,False,7.462498922880315,英乙,False
20261010-E3-FleetwoodTown-Walsall-DU25,E3,2026-10-10,15:00,Fleetwood Town,Walsall,1X2+OU25,D&U25,平局 + 小于 2.5 球,0.22668476710625013,0.2004451362447859,0.20858113219310348,average,,4.794297497024824,4.938126421935569,,,,1.0,False,7.132021002506265,英乙,False
20261010-E3-FleetwoodTown-Walsall-AO25,E3,2026-10-10,15:00,Fleetwood Town,Walsall,1X2+OU25,A&O25,客胜 Walsall + 大于 2.5 球,0.17781256000562407,0.19317295641973356,0.18935541330673747,average,,5.281074264193845,5.43950649211966,,,,1.0,False,6.271287960019671,英乙,False
20261010-E3-FleetwoodTown-Walsall-AU25,E3,2026-10-10,15:00,Fleetwood Town,Walsall,1X2+OU25,A&U25,客胜 Walsall + 小于 2.5 球,0.16907606399895098,0.12430697950539586,0.1369471290425563,average,,7.302088090428316,7.521150733141165,,,,1.0,False,5.993563001595932,英乙,False
20261010-E3-NewportCounty-Colchester-H,E3,2026-10-10,15:00,Newport County,Colchester,1X2,H,主胜 Newport County,0.2865176247389615,0.3533668466455657,0.3333120800735844,average,market_max,3.000191291534446,3.0901970302804798,2.75,2.64,-0.08339177979764278,1.0,False,,英乙,False
20261010-E3-NewportCounty-Colchester-D,E3,2026-10-10,15:00,Newport County,Colchester,1X2,D,平局,0.2698120847315758,0.27197914727238875,0.27132902851014484,average,market_max,3.685562158575342,3.7961290233326026,3.5,3.43,-0.05034840021449305,1.0,False,,英乙,False
20261010-E3-NewportCounty-Colchester-A,E3,2026-10-10,15:00,Newport County,Colchester,1X2,A,客胜 Colchester,0.44367029052946294,0.3746540060820456,0.3953588914162708,average,market_max,2.5293474402909193,2.605227863499647,2.55,2.49,0.008165173111490454,1.0,False,,英乙,False
20261010-E3-NewportCounty-Colchester-O25,E3,2026-10-10,15:00,Newport County,Colchester,OU25,O25,大于 2.5 球,0.4503899316847341,0.5227882037533512,0.5010687221327661,average,market_max,1.995734229316022,2.055606256195503,1.85,1.78,-0.07302286405438263,1.0,False,,英乙,False
20261010-E3-NewportCounty-Colchester-U25,E3,2026-10-10,15:00,Newport County,Colchester,OU25,U25,小于 2.5 球,0.5496100683152658,0.47721179624664883,0.4989312778672339,average,market_max,2.004284045439422,2.0644125668026048,2.0,1.95,-0.0021374442655321957,1.0,False,,英乙,False
20261010-E3-NewportCounty-Colchester-HO25,E3,2026-10-10,15:00,Newport County,Colchester,1X2+OU25,H&O25,主胜 Newport County + 大于 2.5 球,0.14939781502219945,0.2130461748629786,0.192924131345039,average,,5.183384748336796,5.338886290786901,,,,1.0,False,5.987584455011139,英乙,False
20261010-E3-NewportCounty-Colchester-HU25,E3,2026-10-10,15:00,Newport County,Colchester,1X2+OU25,H&U25,主胜 Newport County + 小于 2.5 球,0.137119809716762,0.14032067178264257,0.14038794872883512,average,,7.12311853727231,7.3368120933904795,,,,1.0,False,6.013235538888785,英乙,False
20261010-E3-NewportCounty-Colchester-DO25,E3,2026-10-10,15:00,Newport County,Colchester,1X2+OU25,D&O25,平局 + 大于 2.5 球,0.05646602273111586,0.07328260749113502,0.06790684583861102,average,,14.726055784959046,15.167837458507819,,,,1.0,False,7.355402554140656,英乙,False
20261010-E3-NewportCounty-Colchester-DU25,E3,2026-10-10,15:00,Newport County,Colchester,1X2+OU25,D&U25,平局 + 小于 2.5 球,0.21334606200045997,0.19869653978111879,0.20342218267077292,average,,4.915884722456461,5.063361264130155,,,,1.0,False,7.386913432907836,英乙,False
20261010-E3-NewportCounty-Colchester-AO25,E3,2026-10-10,15:00,Newport County,Colchester,1X2+OU25,A&O25,客胜 Colchester + 大于 2.5 球,0.24452609393141883,0.2364594213992376,0.2402377449491161,average,,4.162543234876795,4.287419531923098,,,,1.0,False,5.047905264421451,英乙,False
20261010-E3-NewportCounty-Colchester-AU25,E3,2026-10-10,15:00,Newport County,Colchester,1X2+OU25,A&U25,客胜 Colchester + 小于 2.5 球,0.19914419659804405,0.1381945846828875,0.15512114646762587,average,,6.446574324466472,6.639971554200467,,,,1.0,False,5.069530719948131,英乙,False
20261010-E3-PortVale-Grimsby-H,E3,2026-10-10,15:00,Port Vale,Grimsby,1X2,H,主胜 Port Vale,0.37249093718249526,0.37248733470270545,0.3724884154466424,average,market_max,2.6846472495014986,2.7651866669865433,2.55,2.5,-0.05015454061106195,1.0,False,,英乙,False
20261010-E3-PortVale-Grimsby-D,E3,2026-10-10,15:00,Port Vale,Grimsby,1X2,D,平局,0.28189667640003446,0.2813348449416204,0.2815033943791446,average,market_max,3.552355033606251,3.6589256846144385,3.4,3.31,-0.04288845911090833,1.0,False,,英乙,False
20261010-E3-PortVale-Grimsby-A,E3,2026-10-10,15:00,Port Vale,Grimsby,1X2,A,客胜 Grimsby,0.34561238641747016,0.34617782035567424,0.34600819017421297,average,market_max,2.8901049986605987,2.976808148620417,2.75,2.69,-0.04847747702091432,1.0,False,,英乙,False
20261010-E3-PortVale-Grimsby-O25,E3,2026-10-10,15:00,Port Vale,Grimsby,OU25,O25,大于 2.5 球,0.42097920066064687,0.4865591397849462,0.46688515804765635,average,market_max,2.1418543356178548,2.20610996568639,1.95,1.91,-0.08957394180707012,1.0,False,,英乙,False
20261010-E3-PortVale-Grimsby-U25,E3,2026-10-10,15:00,Port Vale,Grimsby,OU25,U25,小于 2.5 球,0.5790207993393531,0.5134408602150538,0.5331148419523435,average,market_max,1.8757684485726485,1.9320415020298278,1.85,1.81,-0.013737542388164492,1.0,False,,英乙,False
20261010-E3-PortVale-Grimsby-HO25,E3,2026-10-10,15:00,Port Vale,Grimsby,1X2+OU25,H&O25,主胜 Port Vale + 大于 2.5 球,0.19146544224083464,0.21821488628948568,0.21031096009254852,average,,4.754863938426911,4.897509856579718,,,,1.0,False,5.750123350949332,英乙,False
20261010-E3-PortVale-Grimsby-HU25,E3,2026-10-10,15:00,Port Vale,Grimsby,1X2+OU25,H&U25,主胜 Port Vale + 小于 2.5 球,0.1810254949416606,0.15427244841327814,0.16217745535441058,average,,6.1660851553915075,6.351067710053252,,,,1.0,False,5.035776606162253,英乙,False
20261010-E3-PortVale-Grimsby-DO25,E3,2026-10-10,15:00,Port Vale,Grimsby,1X2+OU25,D&O25,平局 + 大于 2.5 球,0.05363204794511518,0.06726470020024525,0.06295769226412434,average,,15.883682581704754,16.360193059155897,,,,1.0,False,7.608627030383457,英乙,False
20261010-E3-PortVale-Grimsby-DU25,E3,2026-10-10,15:00,Port Vale,Grimsby,1X2+OU25,D&U25,平局 + 小于 2.5 球,0.2282646284549193,0.21407014474126523,0.21854570211442464,average,,4.575701971372683,4.712973030513863,,,,1.0,False,6.6633954901668355,英乙,False
20261010-E3-PortVale-Grimsby-AO25,E3,2026-10-10,15:00,Port Vale,Grimsby,1X2+OU25,A&O25,客胜 Grimsby + 大于 2.5 球,0.17588171047469708,0.2010795532952153,0.19361650569098365,average,,5.164848918387272,5.3197943859388905,,,,1.0,False,6.190183921772038,英乙,False
20261010-E3-PortVale-Grimsby-AU25,E3,2026-10-10,15:00,Port Vale,Grimsby,1X2+OU25,A&U25,客胜 Grimsby + 小于 2.5 球,0.16973067594277305,0.14509826706051046,0.15239168448350837,average,,6.562037839461107,6.75889897464494,,,,1.0,False,5.421167769549647,英乙,False
20261010-E3-Rotherham-Gillingham-H,E3,2026-10-10,15:00,Rotherham,Gillingham,1X2,H,主胜 Rotherham,0.4746573243861396,0.493845881028811,0.4880893140360096,average,market_max,2.0488053543541076,2.110269514984731,1.91,1.89,-0.06774941019122172,1.0,False,,英乙,False
20261010-E3-Rotherham-Gillingham-D,E3,2026-10-10,15:00,Rotherham,Gillingham,1X2,D,平局,0.25979061846937107,0.2674408925915337,0.2651458103548849,average,market_max,3.7715097163389015,3.8846550078290685,3.6,3.49,-0.045475082722414406,1.0,False,,英乙,False
20261010-E3-Rotherham-Gillingham-A,E3,2026-10-10,15:00,Rotherham,Gillingham,1X2,A,客胜 Gillingham,0.26555205714448926,0.23871322637965542,0.24676487560910557,average,market_max,4.052440597680833,4.174013815611257,4.1,3.91,0.01173598999733283,1.0,False,,英乙,False
20261010-E3-Rotherham-Gillingham-O25,E3,2026-10-10,15:00,Rotherham,Gillingham,OU25,O25,大于 2.5 球,0.4771833941902238,0.4879356568364612,0.48470997804259,average,market_max,2.063089363330856,2.1249820442307814,1.95,1.91,-0.05481554281694956,1.0,False,,英乙,False
20261010-E3-Rotherham-Gillingham-U25,E3,2026-10-10,15:00,Rotherham,Gillingham,OU25,U25,小于 2.5 球,0.5228166058097762,0.5120643431635389,0.51529002195741,average,market_max,1.9406546942270355,1.9988743350538467,1.91,1.82,-0.015796058061346874,1.0,False,,英乙,False
20261010-E3-Rotherham-Gillingham-HO25,E3,2026-10-10,15:00,Rotherham,Gillingham,1X2+OU25,H&O25,主胜 Rotherham + 大于 2.5 球,0.274662299080101,0.2923111461938694,0.2869655786270616,average,,3.484738499942506,3.589280654940781,,,,1.0,False,4.226868534103264,英乙,False
20261010-E3-Rotherham-Gillingham-HU25,E3,2026-10-10,15:00,Rotherham,Gillingham,1X2+OU25,H&U25,主胜 Rotherham + 小于 2.5 球,0.19999502530603863,0.20153473483505585,0.20112373540970513,average,,4.972063580476566,5.121225487890864,,,,1.0,False,3.976023728484784,英乙,False
20261010-E3-Rotherham-Gillingham-DO25,E3,2026-10-10,15:00,Rotherham,Gillingham,1X2+OU25,D&O25,平局 + 大于 2.5 球,0.05924287122319639,0.06359644134213518,0.06226520966504244,average,,16.060332975340962,16.542142964601194,,,,1.0,False,7.7809615794777605,英乙,False
20261010-E3-Rotherham-Gillingham-DU25,E3,2026-10-10,15:00,Rotherham,Gillingham,1X2+OU25,D&U25,平局 + 小于 2.5 球,0.2005477472461747,0.20384445124924974,0.2028806006888468,average,,4.929007488171215,5.076877712816351,,,,1.0,False,7.3191980353359645,英乙,False
20261010-E3-Rotherham-Gillingham-AO25,E3,2026-10-10,15:00,Rotherham,Gillingham,1X2+OU25,A&O25,客胜 Gillingham + 大于 2.5 球,0.1432782238869264,0.13202806930045669,0.13547918975048592,average,,7.38120741526219,7.602643637720056,,,,1.0,False,8.360547092605461,英乙,False
20261010-E3-Rotherham-Gillingham-AU25,E3,2026-10-10,15:00,Rotherham,Gillingham,1X2+OU25,A&U25,客胜 Gillingham + 小于 2.5 球,0.12227383325756291,0.10668515707923334,0.11128568585885815,average,,8.985881627833825,9.255458076668841,,,,1.0,False,7.864387868965521,英乙,False
20261010-E3-Shrewsbury-Exeter-H,E3,2026-10-10,15:00,Shrewsbury,Exeter,1X2,H,主胜 Shrewsbury,0.2567113554507492,0.4113190749037209,0.36493675906782935,average,market_max,2.7402008023371907,2.8224068264073066,2.3,2.27,-0.16064545414399256,1.0,False,,英乙,False
20261010-E3-Shrewsbury-Exeter-D,E3,2026-10-10,15:00,Shrewsbury,Exeter,1X2,D,平局,0.4568368521726081,0.2855334250860692,0.3369244532120309,average,market_max,2.968024405669027,3.057065137839098,3.4,3.27,0.14554314092090515,1.0,True,,英乙,False
20261010-E3-Shrewsbury-Exeter-A,E3,2026-10-10,15:00,Shrewsbury,Exeter,1X2,A,客胜 Exeter,0.2864517923766427,0.3031475000102099,0.29813878772013974,average,market_max,3.3541425711393553,3.454766848273536,3.25,3.08,-0.031048939909545825,1.0,False,,英乙,False
20261010-E3-Shrewsbury-Exeter-O25,E3,2026-10-10,15:00,Shrewsbury,Exeter,OU25,O25,大于 2.5 球,0.0884299282922432,0.44297082228116713,0.3366085540844899,average,market_max,2.9708098260301385,3.0599341208110427,2.15,2.1,-0.2762916087183467,1.0,False,,英乙,False
20261010-E3-Shrewsbury-Exeter-U25,E3,2026-10-10,15:00,Shrewsbury,Exeter,OU25,U25,小于 2.5 球,0.9115700717077568,0.557029177718833,0.6633914459155101,average,market_max,1.5074056292962217,1.5526277981751084,1.7,1.67,0.1277654580563672,1.0,True,,英乙,False
20261010-E3-Shrewsbury-Exeter-HO25,E3,2026-10-10,15:00,Shrewsbury,Exeter,1X2+OU25,H&O25,主胜 Shrewsbury + 大于 2.5 球,0.037988504730993404,0.23639019673512388,0.170755702906712,average,,5.8563197771867355,6.032009370502338,,,,1.0,False,8.140615468878995,英乙,False
20261010-E3-Shrewsbury-Exeter-HU25,E3,2026-10-10,15:00,Shrewsbury,Exeter,1X2+OU25,H&U25,主胜 Shrewsbury + 小于 2.5 球,0.21872285071975578,0.17492887816911107,0.19418105616141607,average,,5.149832943378031,5.304327931679372,,,,1.0,False,4.130594114845104,英乙,False
20261010-E3-Shrewsbury-Exeter-DO25,E3,2026-10-10,15:00,Shrewsbury,Exeter,1X2+OU25,D&O25,平局 + 大于 2.5 球,0.0066965436576047034,0.029621266866382313,0.023599767747060497,average,,42.373298361148336,43.64449731198279,,,,1.0,False,8.817436068258809,英乙,False
20261010-E3-Shrewsbury-Exeter-DU25,E3,2026-10-10,15:00,Shrewsbury,Exeter,1X2+OU25,D&U25,平局 + 小于 2.5 球,0.4501403085150034,0.2559121582187681,0.3133246854644106,average,,3.191577447904552,3.287324771341688,,,,1.0,False,4.474016696994064,英乙,False
20261010-E3-Shrewsbury-Exeter-AO25,E3,2026-10-10,15:00,Shrewsbury,Exeter,1X2+OU25,A&O25,客胜 Exeter + 大于 2.5 球,0.04374487990364511,0.1769593586796609,0.14225308343071744,average,,7.029724599868075,7.240616337864117,,,,1.0,False,9.96451970824679,英乙,False
20261010-E3-Shrewsbury-Exeter-AU25,E3,2026-10-10,15:00,Shrewsbury,Exeter,1X2+OU25,A&U25,客胜 Exeter + 小于 2.5 球,0.24270691247299758,0.12618814133095385,0.15588570428968343,average,,6.414956423083501,6.6074051157760065,,,,1.0,False,5.056053393197567,英乙,False
20261010-E3-Tranmere-Rochdale-H,E3,2026-10-10,15:00,Tranmere,Rochdale,1X2,H,主胜 Tranmere,0.3895028142596706,0.4711970584229879,0.4466887851739927,average,market_max,2.238695112102453,2.3058559654655264,2.05,1.98,-0.08428799039331503,1.0,False,,英乙,False
20261010-E3-Tranmere-Rochdale-D,E3,2026-10-10,15:00,Tranmere,Rochdale,1X2,D,平局,0.2733554941441912,0.2696445594443688,0.2707578398543155,average,market_max,3.693337192149494,3.804137307913979,3.6,3.46,-0.025271776524464107,1.0,False,,英乙,False
20261010-E3-Tranmere-Rochdale-A,E3,2026-10-10,15:00,Tranmere,Rochdale,1X2,A,客胜 Rochdale,0.33714169159613827,0.25915838213264336,0.2825533749716918,average,market_max,3.5391543282758064,3.6453289581240806,3.8,3.6,0.07370282489242874,1.0,True,,英乙,False
20261010-E3-Tranmere-Rochdale-O25,E3,2026-10-10,15:00,Tranmere,Rochdale,OU25,O25,大于 2.5 球,0.4524820564631945,0.4946236559139785,0.48198117607874325,average,market_max,2.0747698242817387,2.137012919010191,1.98,1.88,-0.04567727136408839,1.0,False,,英乙,False
20261010-E3-Tranmere-Rochdale-U25,E3,2026-10-10,15:00,Tranmere,Rochdale,OU25,U25,小于 2.5 球,0.5475179435368055,0.5053763440860215,0.5180188239212566,average,market_max,1.9304317793517263,1.988344732732278,1.91,1.84,-0.010584046310399886,1.0,False,,英乙,False
20261010-E3-Tranmere-Rochdale-HO25,E3,2026-10-10,15:00,Tranmere,Rochdale,1X2+OU25,H&O25,主胜 Tranmere + 大于 2.5 球,0.2127750611281504,0.2778209426808051,0.2576202340276312,average,,3.8816826782819573,3.998133158630416,,,,1.0,False,4.644777064357194,英乙,False
20261010-E3-Tranmere-Rochdale-HU25,E3,2026-10-10,15:00,Tranmere,Rochdale,1X2+OU25,H&U25,主胜 Tranmere + 小于 2.5 球,0.17672775313152023,0.19337611574245323,0.18906855114651436,average,,5.289086915491688,5.447759522956439,,,,1.0,False,4.321648188681951,英乙,False
20261010-E3-Tranmere-Rochdale-DO25,E3,2026-10-10,15:00,Tranmere,Rochdale,1X2+OU25,D&O25,平局 + 大于 2.5 球,0.0588152946303095,0.06646670465629173,0.06411353731646173,average,,15.597330015719487,16.06524991619107,,,,1.0,False,7.662824557169217,英乙,False
20261010-E3-Tranmere-Rochdale-DU25,E3,2026-10-10,15:00,Tranmere,Rochdale,1X2+OU25,D&U25,平局 + 小于 2.5 球,0.2145401995138817,0.2031778547876727,0.20664430253761404,average,,4.839233347931172,4.984410348369107,,,,1.0,False,7.129735487587055,英乙,False
20261010-E3-Tranmere-Rochdale-AO25,E3,2026-10-10,15:00,Tranmere,Rochdale,1X2+OU25,A&O25,客胜 Rochdale + 大于 2.5 球,0.18089170070473454,0.15033600857688165,0.16024740473465032,average,,6.2403506731099645,6.427561193303263,,,,1.0,False,7.342930603782751,英乙,False
20261010-E3-Tranmere-Rochdale-AU25,E3,2026-10-10,15:00,Tranmere,Rochdale,1X2+OU25,A&U25,客胜 Rochdale + 小于 2.5 球,0.15624999089140368,0.10882237355589554,0.12230597023712833,average,,8.176215748595,8.421502221052851,,,,1.0,False,6.832095987333829,英乙,False
20261009-EC-Sutton-BorehamWood-H,EC,2026-10-09,19:45,Sutton,Boreham Wood,1X2,H,主胜 Sutton,0.18880759661477087,0.20866588333293823,0.202708397317488,average,market_max,4.933194742957638,5.081190585246367,4.6,4.36,-0.06754137233955526,1.0,False,,英格兰国家联赛,False
20261009-EC-Sutton-BorehamWood-D,EC,2026-10-09,19:45,Sutton,Boreham Wood,1X2,D,平局,0.19825734947058452,0.24655372664813302,0.23206481349486846,average,market_max,4.309140989278466,4.438415218956819,3.8,3.69,-0.11815370871949993,1.0,False,,英格兰国家联赛,False
20261009-EC-Sutton-BorehamWood-A,EC,2026-10-09,19:45,Sutton,Boreham Wood,1X2,A,客胜 Boreham Wood,0.6129350539146446,0.5447803900189286,0.5652267891876435,average,market_max,1.7692013526769004,1.8222773932572074,1.7,1.67,-0.039114458381006134,1.0,False,,英格兰国家联赛,False
20261009-EC-Sutton-BorehamWood-O25,EC,2026-10-09,19:45,Sutton,Boreham Wood,OU25,O25,大于 2.5 球,0.6501139627431972,0.5349462365591399,0.5694965544143571,average,market_max,1.7559368748566915,1.8086149811023924,1.8,1.73,0.025093797945842766,1.0,False,,英格兰国家联赛,False
20261009-EC-Sutton-BorehamWood-U25,EC,2026-10-09,19:45,Sutton,Boreham Wood,OU25,U25,小于 2.5 球,0.3498860372568028,0.46505376344086025,0.430503445585643,average,market_max,2.322861780210916,2.3925476336172435,2.05,1.99,-0.11746793654943188,1.0,False,,英格兰国家联赛,False
20261009-EC-Sutton-BorehamWood-HO25,EC,2026-10-09,19:45,Sutton,Boreham Wood,1X2+OU25,H&O25,主胜 Sutton + 大于 2.5 球,0.1253404712973496,0.1168720324739531,0.11987438376999401,average,,8.342065823827092,8.592327798541904,,,,1.0,False,8.662378560008495,英格兰国家联赛,False
20261009-EC-Sutton-BorehamWood-HU25,EC,2026-10-09,19:45,Sutton,Boreham Wood,1X2+OU25,H&U25,主胜 Sutton + 小于 2.5 球,0.06346712531742127,0.09179385085890994,0.08283401354745203,average,,12.072335471552917,12.434505535699506,,,,1.0,False,11.459129522753713,英格兰国家联赛,False
20261009-EC-Sutton-BorehamWood-DO25,EC,2026-10-09,19:45,Sutton,Boreham Wood,1X2+OU25,D&O25,平局 + 大于 2.5 球,0.07445038519310637,0.0688807382343456,0.07098177718932865,average,,14.08812289008649,14.510766576789086,,,,1.0,False,7.566579562030501,英格兰国家联赛,False
20261009-EC-Sutton-BorehamWood-DU25,EC,2026-10-09,19:45,Sutton,Boreham Wood,1X2+OU25,D&U25,平局 + 小于 2.5 球,0.12380696427747812,0.17767298841469104,0.16108303630611945,average,,6.207978337952465,6.3942176880910395,,,,1.0,False,10.009538909535204,英格兰国家联赛,False
20261009-EC-Sutton-BorehamWood-AO25,EC,2026-10-09,19:45,Sutton,Boreham Wood,1X2+OU25,A&O25,客胜 Boreham Wood + 大于 2.5 球,0.45032310625274125,0.34919346585084116,0.3786403934550345,average,,2.6410283141615087,2.720259163586354,,,,1.0,False,3.106605894211708,英格兰国家联赛,False
20261009-EC-Sutton-BorehamWood-AU25,EC,2026-10-09,19:45,Sutton,Boreham Wood,1X2+OU25,A&U25,客胜 Boreham Wood + 小于 2.5 球,0.16261194766190346,0.19558692416725929,0.18658639573207156,average,,5.359447542123855,5.520230968387572,,,,1.0,False,4.109610203630626,英格兰国家联赛,False
20261010-EC-Altrincham-Aldershot-H,EC,2026-10-10,12:30,Altrincham,Aldershot,1X2,H,主胜 Altrincham,0.4698308772726162,0.49368602186801774,0.48652947848939726,average,market_max,2.0553739171259537,2.1170351346397327,1.88,1.84,-0.08532458043993318,1.0,False,,英格兰国家联赛,False
20261010-EC-Altrincham-Aldershot-D,EC,2026-10-10,12:30,Altrincham,Aldershot,1X2,D,平局,0.23735998132205213,0.24751560769404707,0.24446891978244856,average,market_max,4.090499523988138,4.2132145097077816,3.8,3.67,-0.07101810482669557,1.0,False,,英格兰国家联赛,False
20261010-EC-Altrincham-Aldershot-A,EC,2026-10-10,12:30,Altrincham,Aldershot,1X2,A,客胜 Aldershot,0.29280914140533193,0.25879837043793524,0.26900160172815424,average,market_max,3.7174499838501815,3.8289734833656874,3.6,3.51,-0.031594233778644676,1.0,False,,英格兰国家联赛,False
20261010-EC-Altrincham-Aldershot-O25,EC,2026-10-10,12:30,Altrincham,Aldershot,OU25,O25,大于 2.5 球,0.577754546916521,0.59375,0.5889513640749562,average,market_max,1.6979330739316012,1.7488710661495495,1.58,1.56,-0.06945684476156921,1.0,False,,英格兰国家联赛,False
20261010-EC-Altrincham-Aldershot-U25,EC,2026-10-10,12:30,Altrincham,Aldershot,OU25,U25,小于 2.5 球,0.42224545308347905,0.40625000000000006,0.41104863592504376,average,market_max,2.432802137269113,2.5057862013871866,2.38,2.28,-0.021704246498395863,1.0,False,,英格兰国家联赛,False
20261010-EC-Altrincham-Aldershot-HO25,EC,2026-10-10,12:30,Altrincham,Aldershot,1X2+OU25,H&O25,主胜 Altrincham + 大于 2.5 球,0.31321670438252114,0.3380622431521771,0.3305295237394648,average,,3.025448343271858,3.1162117935700135,,,,1.0,False,3.489887353184508,英格兰国家联赛,False
20261010-EC-Altrincham-Aldershot-HU25,EC,2026-10-10,12:30,Altrincham,Aldershot,1X2+OU25,H&U25,主胜 Altrincham + 小于 2.5 球,0.15661417289009505,0.1556237787164988,0.15599995475033382,average,,6.410258269628505,6.60256601771736,,,,1.0,False,5.00031805847121,英格兰国家联赛,False
20261010-EC-Altrincham-Aldershot-DO25,EC,2026-10-10,12:30,Altrincham,Aldershot,1X2+OU25,D&O25,平局 + 大于 2.5 球,0.07806379846155599,0.08598284221694381,0.0835470742765275,average,,11.969300046224951,12.328379047611701,,,,1.0,False,6.94539443068093,英格兰国家联赛,False
20261010-EC-Altrincham-Aldershot-DU25,EC,2026-10-10,12:30,Altrincham,Aldershot,1X2+OU25,D&U25,平局 + 小于 2.5 球,0.15929618286049613,0.16153276547621015,0.1609218455053695,average,,6.214196691937844,6.40062259269598,,,,1.0,False,9.95137598445663,英格兰国家联赛,False
20261010-EC-Altrincham-Aldershot-AO25,EC,2026-10-10,12:30,Altrincham,Aldershot,1X2+OU25,A&O25,客胜 Aldershot + 大于 2.5 球,0.18647404407244392,0.16970491463087908,0.17487476605896388,average,,5.7183779143002385,5.889929251729246,,,,1.0,False,6.311981278265721,英格兰国家联赛,False
20261010-EC-Altrincham-Aldershot-AU25,EC,2026-10-10,12:30,Altrincham,Aldershot,1X2+OU25,A&U25,客胜 Aldershot + 小于 2.5 球,0.10633509733288796,0.08909345580729114,0.09412683566934046,average,,10.623962793277302,10.942681677075623,,,,1.0,False,9.043820265901752,英格兰国家联赛,False
20261010-EC-Carlisle-Kidderminster-H,EC,2026-10-10,12:30,Carlisle,Kidderminster,1X2,H,主胜 Carlisle,0.4790238098479709,0.6095689787062407,0.5704054280487597,average,market_max,1.753138996977633,1.805733166886962,1.58,1.49,-0.09875942368295965,1.0,False,,英格兰国家联赛,False
20261010-EC-Carlisle-Kidderminster-D,EC,2026-10-10,12:30,Carlisle,Kidderminster,1X2,D,平局,0.26722511342904487,0.21676796617477292,0.2319051103510545,average,market_max,4.312108510615462,4.441471765933926,4.33,4.19,0.004149127820066045,1.0,False,,英格兰国家联赛,False
20261010-EC-Carlisle-Kidderminster-A,EC,2026-10-10,12:30,Carlisle,Kidderminster,1X2,A,客胜 Kidderminster,0.2537510767229843,0.17366305511898633,0.1976894616001857,average,market_max,5.058438582944984,5.210191740433333,5.5,5.23,0.08729203880102121,1.0,False,,英格兰国家联赛,False
20261010-EC-Carlisle-Kidderminster-O25,EC,2026-10-10,12:30,Carlisle,Kidderminster,OU25,O25,大于 2.5 球,0.42962245023986273,0.5890052356020942,0.5411903999934247,average,market_max,1.8477785267664573,1.903211882569451,1.6,1.57,-0.13409536001052047,1.0,False,,英格兰国家联赛,False
20261010-EC-Carlisle-Kidderminster-U25,EC,2026-10-10,12:30,Carlisle,Kidderminster,OU25,U25,小于 2.5 球,0.5703775497601373,0.4109947643979057,0.45880960000657517,average,market_max,2.1795533484601655,2.2449399489139705,2.3,2.25,0.055262080015122894,1.0,True,,英格兰国家联赛,False
20261010-EC-Carlisle-Kidderminster-HO25,EC,2026-10-10,12:30,Carlisle,Kidderminster,1X2+OU25,H&O25,主胜 Carlisle + 大于 2.5 球,0.25522774766578316,0.4130680657980555,0.3627473854822265,average,,2.7567393729678495,2.839441554156885,,,,1.0,False,3.239412593052155,英格兰国家联赛,False
20261010-EC-Carlisle-Kidderminster-HU25,EC,2026-10-10,12:30,Carlisle,Kidderminster,1X2+OU25,H&U25,主胜 Carlisle + 小于 2.5 球,0.2237960621821877,0.19650091290834734,0.2076580425666369,average,,4.815609295166609,4.960077574021607,,,,1.0,False,3.8210599711786952,英格兰国家联赛,False
20261010-EC-Carlisle-Kidderminster-DO25,EC,2026-10-10,12:30,Carlisle,Kidderminster,1X2+OU25,D&O25,平局 + 大于 2.5 球,0.05070492596231598,0.06535685089091464,0.06122354402261492,average,,16.33358564853118,16.823593217987117,,,,1.0,False,7.967821511002142,英格兰国家联赛,False
20261010-EC-Carlisle-Kidderminster-DU25,EC,2026-10-10,12:30,Carlisle,Kidderminster,1X2+OU25,D&U25,平局 + 小于 2.5 球,0.2165201874667289,0.15141111528367138,0.17068156632831627,average,,5.858863505367884,6.03462941052892,,,,1.0,False,9.398470543235506,英格兰国家联赛,False
20261010-EC-Carlisle-Kidderminster-AO25,EC,2026-10-10,12:30,Carlisle,Kidderminster,1X2+OU25,A&O25,客胜 Kidderminster + 大于 2.5 球,0.1236897766117636,0.11058031891312417,0.11721947048858326,average,,8.531005948345383,8.786936126795746,,,,1.0,False,9.346874192532686,英格兰国家联赛,False
20261010-EC-Carlisle-Kidderminster-AU25,EC,2026-10-10,12:30,Carlisle,Kidderminster,1X2+OU25,A&U25,客胜 Kidderminster + 小于 2.5 球,0.13006130011122072,0.0630827362058871,0.08046999111162206,average,,12.426992798009303,12.799802581949582,,,,1.0,False,11.025136751437833,英格兰国家联赛,False
20261010-EC-BostonUtd-Southend-H,EC,2026-10-10,15:00,Boston Utd,Southend,1X2,H,主胜 Boston Utd,0.2558688275409532,0.2553687364741135,0.2555187637941654,average,market_max,3.913606911489114,4.031015118833787,3.7,3.55,-0.054580573961588,1.0,False,,英格兰国家联赛,False
20261010-EC-BostonUtd-Southend-D,EC,2026-10-10,15:00,Boston Utd,Southend,1X2,D,平局,0.23858847572676725,0.2324510293546418,0.2342922632662794,average,market_max,4.26817337482234,4.396218576067011,4.0,3.9,-0.06283094693488245,1.0,False,,英格兰国家联赛,False
20261010-EC-BostonUtd-Southend-A,EC,2026-10-10,15:00,Boston Utd,Southend,1X2,A,客胜 Southend,0.5055426967322795,0.5121802341712446,0.510188972939555,average,market_max,1.9600580432742432,2.0188597845724705,1.83,1.77,-0.06635417952061429,1.0,False,,英格兰国家联赛,False
20261010-EC-BostonUtd-Southend-O25,EC,2026-10-10,15:00,Boston Utd,Southend,OU25,O25,大于 2.5 球,0.5454784708126508,0.6528117359413204,0.6206117564027195,average,market_max,1.6113133366927272,1.6596527367935092,1.45,1.42,-0.10011295321605673,1.0,False,,英格兰国家联赛,False
20261010-EC-BostonUtd-Southend-U25,EC,2026-10-10,15:00,Boston Utd,Southend,OU25,U25,小于 2.5 球,0.4545215291873492,0.34718826405867975,0.37938824359728057,average,market_max,2.6358223188947756,2.7148969884616188,2.8,2.67,0.062287082072385536,1.0,True,,英格兰国家联赛,False
20261010-EC-BostonUtd-Southend-HO25,EC,2026-10-10,15:00,Boston Utd,Southend,1X2+OU25,H&O25,主胜 Boston Utd + 大于 2.5 球,0.15241045830958774,0.17992234418838499,0.17183363729335122,average,,5.819582334120173,5.994169804143778,,,,1.0,False,6.3060470110552425,英格兰国家联赛,False
20261010-EC-BostonUtd-Southend-HU25,EC,2026-10-10,15:00,Boston Utd,Southend,1X2+OU25,H&U25,主胜 Boston Utd + 小于 2.5 球,0.10345836923136545,0.07544639228588655,0.0836851265009201,average,,11.949554739443517,12.308041381626824,,,,1.0,False,10.315572444683855,英格兰国家联赛,False
20261010-EC-BostonUtd-Southend-DO25,EC,2026-10-10,15:00,Boston Utd,Southend,1X2+OU25,D&O25,平局 + 大于 2.5 球,0.06914417390791022,0.09246928603648624,0.08494485504010948,average,,11.772343357673838,12.125513658404055,,,,1.0,False,6.877364682168044,英格兰国家联赛,False
20261010-EC-BostonUtd-Southend-DU25,EC,2026-10-10,15:00,Boston Utd,Southend,1X2+OU25,D&U25,平局 + 小于 2.5 球,0.16944430181885703,0.139981743317447,0.14934740822568698,average,,6.695797482396518,6.896671406868414,,,,1.0,False,11.250146642269161,英格兰国家联赛,False
20261010-EC-BostonUtd-Southend-AO25,EC,2026-10-10,15:00,Boston Utd,Southend,1X2+OU25,A&O25,客胜 Southend + 大于 2.5 球,0.3239238385951527,0.3804201057164491,0.36383326406925875,average,,2.7485117463301583,2.830967098720063,,,,1.0,False,3.158267665819639,英格兰国家联赛,False
20261010-EC-BostonUtd-Southend-AU25,EC,2026-10-10,15:00,Boston Utd,Southend,1X2+OU25,A&U25,客胜 Southend + 小于 2.5 球,0.18161885813712675,0.13176012845534618,0.14635570887067345,average,,6.8326682144230215,7.037648260855713,,,,1.0,False,5.166364736791471,英格兰国家联赛,False
20261010-EC-Fylde-Scunthorpe-H,EC,2026-10-10,15:00,Fylde,Scunthorpe,1X2,H,主胜 Fylde,0.3785505796694077,0.524842707613417,0.48095506923021414,average,market_max,2.0791962991481427,2.141572188122587,1.78,1.73,-0.14389997677021882,1.0,False,,英格兰国家联赛,False
20261010-EC-Fylde-Scunthorpe-D,EC,2026-10-10,15:00,Fylde,Scunthorpe,1X2,D,平局,0.23321388961032558,0.22363987294857426,0.22651207794709965,average,market_max,4.414775622841371,4.547218891526612,4.5,4.06,0.019304350761948363,1.0,False,,英格兰国家联赛,False
20261010-EC-Fylde-Scunthorpe-A,EC,2026-10-10,15:00,Fylde,Scunthorpe,1X2,A,客胜 Scunthorpe,0.3882355307202668,0.2515174194380087,0.2925328528226861,average,market_max,3.418419471012828,3.5209720551432127,3.8,3.61,0.11162484072620704,1.0,True,,英格兰国家联赛,False
20261010-EC-Fylde-Scunthorpe-O25,EC,2026-10-10,15:00,Fylde,Scunthorpe,OU25,O25,大于 2.5 球,0.6248452280871782,0.7013574660633485,0.6784037946704974,average,market_max,1.4740483585969664,1.5182698093548752,1.36,1.32,-0.07737083924812349,1.0,False,,英格兰国家联赛,False
20261010-EC-Fylde-Scunthorpe-U25,EC,2026-10-10,15:00,Fylde,Scunthorpe,OU25,U25,小于 2.5 球,0.37515477191282176,0.2986425339366516,0.3215962053295026,average,market_max,3.109489426267997,3.202774109056037,3.3,3.1,0.06126747758735851,1.0,True,,英格兰国家联赛,False
20261010-EC-Fylde-Scunthorpe-HO25,EC,2026-10-10,15:00,Fylde,Scunthorpe,1X2+OU25,H&O25,主胜 Fylde + 大于 2.5 球,0.26375106244666285,0.40235725259332417,0.3588218957508788,average,,2.786897934161396,2.8705048721862383,,,,1.0,False,3.0648358919602066,英格兰国家联赛,False
20261010-EC-Fylde-Scunthorpe-HU25,EC,2026-10-10,15:00,Fylde,Scunthorpe,1X2+OU25,H&U25,主胜 Fylde + 小于 2.5 球,0.11479951722274473,0.12248545502065225,0.12213317347975763,average,,8.187783642302065,8.433417151571128,,,,1.0,False,6.465238907336701,英格兰国家联赛,False
20261010-EC-Fylde-Scunthorpe-DO25,EC,2026-10-10,15:00,Fylde,Scunthorpe,1X2+OU25,D&O25,平局 + 大于 2.5 球,0.09002428415627674,0.10586777090451188,0.10094890395624419,average,,9.906001559298208,10.203181606077155,,,,1.0,False,6.507592760423222,英格兰国家联赛,False
20261010-EC-Fylde-Scunthorpe-DU25,EC,2026-10-10,15:00,Fylde,Scunthorpe,1X2+OU25,D&U25,平局 + 小于 2.5 球,0.14318960545404882,0.11777210204322991,0.12556317399017156,average,,7.964118524737794,8.203042080479928,,,,1.0,False,13.72769811857095,英格兰国家联赛,False
20261010-EC-Fylde-Scunthorpe-AO25,EC,2026-10-10,15:00,Fylde,Scunthorpe,1X2+OU25,A&O25,客胜 Scunthorpe + 大于 2.5 球,0.2710698814842386,0.19313244256551246,0.2186329949633745,average,,4.57387504647924,4.711091297873618,,,,1.0,False,5.038915610242368,英格兰国家联赛,False
20261010-EC-Fylde-Scunthorpe-AU25,EC,2026-10-10,15:00,Fylde,Scunthorpe,1X2+OU25,A&U25,客胜 Scunthorpe + 小于 2.5 球,0.11716564923602821,0.05838497687276944,0.07389985785957348,average,,13.531825756691267,13.937780529392006,,,,1.0,False,10.629539199663027,英格兰国家联赛,False
20261010-EC-Halifax-Gateshead-H,EC,2026-10-10,15:00,Halifax,Gateshead,1X2,H,主胜 Halifax,0.6064380485319261,0.6666990838892887,0.6486207732820799,average,market_max,1.5417329219042883,1.5879849095614171,1.4,1.36,-0.09193091740508819,1.0,False,,英格兰国家联赛,False
20261010-EC-Halifax-Gateshead-D,EC,2026-10-10,15:00,Halifax,Gateshead,1X2,D,平局,0.21762458410847618,0.20015689935749065,0.2053972047827863,average,market_max,4.868615427641919,5.014673890471177,5.0,4.53,0.026986023913931456,1.0,False,,英格兰国家联赛,False
20261010-EC-Halifax-Gateshead-A,EC,2026-10-10,15:00,Halifax,Gateshead,1X2,A,客胜 Gateshead,0.1759373673595977,0.13314401675322066,0.14598202193513377,average,market_max,6.850158579419759,7.055663336802352,8.0,6.81,0.16785617548107012,1.0,False,,英格兰国家联赛,False
20261010-EC-Halifax-Gateshead-O25,EC,2026-10-10,15:00,Halifax,Gateshead,OU25,O25,大于 2.5 球,0.5394124734392598,0.575197889182058,0.5644622644592185,average,market_max,1.771597612389638,1.8247455407613271,1.65,1.61,-0.0686372636422895,1.0,False,,英格兰国家联赛,False
20261010-EC-Halifax-Gateshead-U25,EC,2026-10-10,15:00,Halifax,Gateshead,OU25,U25,小于 2.5 球,0.4605875265607402,0.42480211081794195,0.43553773554078135,average,market_max,2.296012304785392,2.364892673928954,2.25,2.18,-0.020040095033242,1.0,False,,英格兰国家联赛,False
20261010-EC-Halifax-Gateshead-HO25,EC,2026-10-10,15:00,Halifax,Gateshead,1X2+OU25,H&O25,主胜 Halifax + 大于 2.5 球,0.38673655834946613,0.4424027807829579,0.425405278638066,average,,2.3506995569060583,2.42122054361324,,,,1.0,False,2.731330363388137,英格兰国家联赛,False
20261010-EC-Halifax-Gateshead-HU25,EC,2026-10-10,15:00,Halifax,Gateshead,1X2+OU25,H&U25,主胜 Halifax + 小于 2.5 球,0.21970149018245996,0.22429630310663826,0.22321549464423707,average,,4.479975736423716,4.6143750085164275,,,,1.0,False,3.539837759384982,英格兰国家联赛,False
20261010-EC-Halifax-Gateshead-DO25,EC,2026-10-10,15:00,Halifax,Gateshead,1X2+OU25,D&O25,平局 + 大于 2.5 球,0.05569893544768392,0.055684066653573956,0.05573609348969091,average,,17.9416951815068,18.479946036952004,,,,1.0,False,8.62522746725378,英格兰国家联赛,False
20261010-EC-Halifax-Gateshead-DU25,EC,2026-10-10,15:00,Halifax,Gateshead,1X2+OU25,D&U25,平局 + 小于 2.5 球,0.16192564866079226,0.14447283270360645,0.14966111129286866,average,,6.681762492349272,6.882215367119751,,,,1.0,False,11.17840092913384,英格兰国家联赛,False
20261010-EC-Halifax-Gateshead-AO25,EC,2026-10-10,15:00,Halifax,Gateshead,1X2+OU25,A&O25,客胜 Gateshead + 大于 2.5 球,0.09697697964210986,0.07711104174552615,0.08332089233146169,average,,12.001791771766749,12.361845524919751,,,,1.0,False,12.13572458379044,英格兰国家联赛,False
20261010-EC-Halifax-Gateshead-AU25,EC,2026-10-10,15:00,Halifax,Gateshead,1X2+OU25,A&U25,客胜 Gateshead + 小于 2.5 球,0.07896038771748784,0.056032975007697265,0.06266112960367554,average,,15.958856891423526,16.437622598166232,,,,1.0,False,15.728048388078989,英格兰国家联赛,False
20261010-EC-Hornchurch-Eastleigh-H,EC,2026-10-10,15:00,Hornchurch,Eastleigh,1X2,H,主胜 Hornchurch,0.4309253717054397,0.45379391792146445,0.446933354056657,average,market_max,2.2374700633178333,2.3045941652173685,2.05,2.0,-0.08378662418385319,1.0,False,,英格兰国家联赛,False
20261010-EC-Hornchurch-Eastleigh-D,EC,2026-10-10,15:00,Hornchurch,Eastleigh,1X2,D,平局,0.26774022447726376,0.26080110225371517,0.26288283892077974,average,market_max,3.80397596170723,3.918095240558447,3.6,3.48,-0.0536217798851929,1.0,False,,英格兰国家联赛,False
20261010-EC-Hornchurch-Eastleigh-A,EC,2026-10-10,15:00,Hornchurch,Eastleigh,1X2,A,客胜 Eastleigh,0.3013344038172965,0.2854049798248204,0.2901838070225632,average,market_max,3.446091669485352,3.5494744195699126,3.3,3.18,-0.04239343682554153,1.0,False,,英格兰国家联赛,False
20261010-EC-Hornchurch-Eastleigh-O25,EC,2026-10-10,15:00,Hornchurch,Eastleigh,OU25,O25,大于 2.5 球,0.4526104637920831,0.5442359249329759,0.516748286590708,average,market_max,1.9351781630425664,1.9932335079338435,1.73,1.7,-0.10602546419807513,1.0,False,,英格兰国家联赛,False
20261010-EC-Hornchurch-Eastleigh-U25,EC,2026-10-10,15:00,Hornchurch,Eastleigh,OU25,U25,小于 2.5 球,0.5473895362079169,0.4557640750670242,0.48325171340929196,average,market_max,2.069314959992798,2.131394408792582,2.1,2.03,0.014828598159513096,1.0,False,,英格兰国家联赛,False
20261010-EC-Hornchurch-Eastleigh-HO25,EC,2026-10-10,15:00,Hornchurch,Eastleigh,1X2+OU25,H&O25,主胜 Hornchurch + 大于 2.5 球,0.2369194411267255,0.29205991440430074,0.2753669304424074,average,,3.631518128895832,3.740463672762707,,,,1.0,False,4.32990320699414,英格兰国家联赛,False
20261010-EC-Hornchurch-Eastleigh-HU25,EC,2026-10-10,15:00,Hornchurch,Eastleigh,1X2+OU25,H&U25,主胜 Hornchurch + 小于 2.5 球,0.19400593057871418,0.16173400351723646,0.17156642361466648,average,,5.828646298800124,6.003505687764128,,,,1.0,False,4.630030274559625,英格兰国家联赛,False
20261010-EC-Hornchurch-Eastleigh-DO25,EC,2026-10-10,15:00,Hornchurch,Eastleigh,1X2+OU25,D&O25,平局 + 大于 2.5 球,0.057559023342849416,0.07517131365882189,0.06957612962979477,average,,14.372745441875907,14.803927805132183,,,,1.0,False,7.361371213834677,英格兰国家联赛,False
20261010-EC-Hornchurch-Eastleigh-DU25,EC,2026-10-10,15:00,Hornchurch,Eastleigh,1X2+OU25,D&U25,平局 + 小于 2.5 球,0.21018120113441432,0.18562978859478552,0.19330670929036303,average,,5.173126187244311,5.32831997286164,,,,1.0,False,7.871624365013762,英格兰国家联赛,False
20261010-EC-Hornchurch-Eastleigh-AO25,EC,2026-10-10,15:00,Hornchurch,Eastleigh,1X2+OU25,A&O25,客胜 Eastleigh + 大于 2.5 球,0.15813199932250818,0.17700469686985315,0.17180522651850585,average,,5.820544696248143,5.9951610371355875,,,,1.0,False,6.6688013466309535,英格兰国家联赛,False
20261010-EC-Hornchurch-Eastleigh-AU25,EC,2026-10-10,15:00,Hornchurch,Eastleigh,1X2+OU25,A&U25,客胜 Eastleigh + 小于 2.5 球,0.14320240449478833,0.10840028295500215,0.11837858050426246,average,,8.447474160783614,8.700898385607122,,,,1.0,False,7.131049045172595,英格兰国家联赛,False
20261010-EC-Tamworth-Barrow-H,EC,2026-10-10,15:00,Tamworth,Barrow,1X2,H,主胜 Tamworth,0.2907191430439054,0.35767708252831515,0.3375897006829922,average,market_max,2.9621756764997778,3.0510409467947714,2.6,2.54,-0.12226677822422027,1.0,False,,英格兰国家联赛,False
20261010-EC-Tamworth-Barrow-D,EC,2026-10-10,15:00,Tamworth,Barrow,1X2,D,平局,0.23153553374384678,0.25736537949629473,0.2496164257705603,average,market_max,4.006146618408714,4.126331016960975,3.6,3.53,-0.10138086722598283,1.0,False,,英格兰国家联赛,False
20261010-EC-Tamworth-Barrow-A,EC,2026-10-10,15:00,Tamworth,Barrow,1X2,A,客胜 Barrow,0.4777453232122477,0.38495753797539006,0.4127938735464473,average,market_max,2.4225165732443474,2.4951920704416777,2.4,2.36,-0.009294703488526457,1.0,False,,英格兰国家联赛,False
20261010-EC-Tamworth-Barrow-O25,EC,2026-10-10,15:00,Tamworth,Barrow,OU25,O25,大于 2.5 球,0.6038363083578568,0.5778364116094987,0.5856363806340061,average,market_max,1.7075441913588199,1.7587705170995844,1.62,1.6,-0.05126906337291004,1.0,False,,英格兰国家联赛,False
20261010-EC-Tamworth-Barrow-U25,EC,2026-10-10,15:00,Tamworth,Barrow,OU25,U25,小于 2.5 球,0.39616369164214316,0.42216358839050133,0.41436361936599386,average,market_max,2.413339282850343,2.485739461335853,2.25,2.19,-0.06768185642651381,1.0,False,,英格兰国家联赛,False
20261010-EC-Tamworth-Barrow-HO25,EC,2026-10-10,15:00,Tamworth,Barrow,1X2+OU25,H&O25,主胜 Tamworth + 大于 2.5 球,0.19180261131714557,0.23039436932337104,0.21903656253235673,average,,4.565447834090608,4.702411269113326,,,,1.0,False,5.058045870191578,英格兰国家联赛,False
20261010-EC-Tamworth-Barrow-HU25,EC,2026-10-10,15:00,Tamworth,Barrow,1X2+OU25,H&U25,主胜 Tamworth + 小于 2.5 球,0.09891653172675988,0.12728271320471884,0.11855313815050447,average,,8.435036099428169,8.688087182411014,,,,1.0,False,7.1487349228007036,英格兰国家联赛,False
20261010-EC-Tamworth-Barrow-DO25,EC,2026-10-10,15:00,Tamworth,Barrow,1X2+OU25,D&O25,平局 + 大于 2.5 球,0.08237813126925439,0.08755063784578902,0.08606666346903721,average,,11.618900509135614,11.967467524409683,,,,1.0,False,6.840672387995578,英格兰国家联赛,False
20261010-EC-Tamworth-Barrow-DU25,EC,2026-10-10,15:00,Tamworth,Barrow,1X2+OU25,D&U25,平局 + 小于 2.5 球,0.14915740247459242,0.16981474165108698,0.16354976230189264,average,,6.114347009285918,6.297777419564496,,,,1.0,False,9.668191007063811,英格兰国家联赛,False
20261010-EC-Tamworth-Barrow-AO25,EC,2026-10-10,15:00,Tamworth,Barrow,1X2+OU25,A&O25,客胜 Barrow + 大于 2.5 球,0.3296555657714568,0.2598914044403387,0.2805331546326123,average,,3.5646410539588635,3.6715802855776296,,,,1.0,False,4.136554103113858,英格兰国家联赛,False
20261010-EC-Tamworth-Barrow-AU25,EC,2026-10-10,15:00,Tamworth,Barrow,1X2+OU25,A&U25,客胜 Barrow + 小于 2.5 球,0.14808975744079095,0.1250661335346956,0.13226071891359684,average,,7.560823865272342,7.7876485812305125,,,,1.0,False,5.846354409566583,英格兰国家联赛,False
20261010-EC-Wealdstone-Yeovil-H,EC,2026-10-10,15:00,Wealdstone,Yeovil,1X2,H,主胜 Wealdstone,0.416291512007938,0.36978786136413744,0.3837389565572776,average,market_max,2.6059381850920786,2.6841163306448412,2.5,2.45,-0.040652608606806084,1.0,False,,英格兰国家联赛,False
20261010-EC-Wealdstone-Yeovil-D,EC,2026-10-10,15:00,Wealdstone,Yeovil,1X2,D,平局,0.2517021781390548,0.25738075577901615,0.25567718248702775,average,market_max,3.911182023647092,4.028517484356505,3.6,3.52,-0.07956214304670006,1.0,False,,英格兰国家联赛,False
20261010-EC-Wealdstone-Yeovil-A,EC,2026-10-10,15:00,Wealdstone,Yeovil,1X2,A,客胜 Yeovil,0.3320063098530072,0.37283138285684636,0.3605838609556946,average,market_max,2.773279972513443,2.8564783716888464,2.5,2.43,-0.09854034761076347,1.0,False,,英格兰国家联赛,False
20261010-EC-Wealdstone-Yeovil-O25,EC,2026-10-10,15:00,Wealdstone,Yeovil,OU25,O25,大于 2.5 球,0.5293846805993679,0.5826771653543307,0.5666894199278418,average,market_max,1.7646350272911975,1.8175740781099334,1.62,1.59,-0.08196313971689617,1.0,False,,英格兰国家联赛,False
20261010-EC-Wealdstone-Yeovil-U25,EC,2026-10-10,15:00,Wealdstone,Yeovil,OU25,U25,小于 2.5 球,0.47061531940063206,0.41732283464566927,0.43331058007215806,average,market_max,2.307813485268402,2.377047889826454,2.3,2.22,-0.003385665834036544,1.0,False,,英格兰国家联赛,False
20261010-EC-Wealdstone-Yeovil-HO25,EC,2026-10-10,15:00,Wealdstone,Yeovil,1X2+OU25,H&O25,主胜 Wealdstone + 大于 2.5 球,0.25726918116813113,0.2493518710771617,0.25237608904886805,average,,3.962340504477697,4.081210719612028,,,,1.0,False,4.598529800369134,英格兰国家联赛,False
20261010-EC-Wealdstone-Yeovil-HU25,EC,2026-10-10,15:00,Wealdstone,Yeovil,1X2+OU25,H&U25,主胜 Wealdstone + 小于 2.5 球,0.15902233083980694,0.12043599028712554,0.13136286750850354,average,,7.612501302434395,7.8408763415074265,,,,1.0,False,6.014019285331364,英格兰国家联赛,False
20261010-EC-Wealdstone-Yeovil-DO25,EC,2026-10-10,15:00,Wealdstone,Yeovil,1X2+OU25,D&O25,平局 + 大于 2.5 球,0.07188741429171809,0.08711348451744204,0.08230842468687423,average,,12.149424603912637,12.513907342030016,,,,1.0,False,6.901808797039327,英格兰国家联赛,False
20261010-EC-Wealdstone-Yeovil-DU25,EC,2026-10-10,15:00,Wealdstone,Yeovil,1X2+OU25,D&U25,平局 + 小于 2.5 球,0.17981476384733663,0.17026727126129632,0.17336875779998523,average,,5.768051941363597,5.941093499604505,,,,1.0,False,9.026278617512116,英格兰国家联赛,False
20261010-EC-Wealdstone-Yeovil-AO25,EC,2026-10-10,15:00,Wealdstone,Yeovil,1X2+OU25,A&O25,客胜 Yeovil + 大于 2.5 球,0.2002280851395187,0.24621180975972692,0.23200490619209974,average,,4.310253677014923,4.43956128732537,,,,1.0,False,4.893826979982391,英格兰国家联赛,False
20261010-EC-Wealdstone-Yeovil-AU25,EC,2026-10-10,15:00,Wealdstone,Yeovil,1X2+OU25,A&U25,客胜 Yeovil + 小于 2.5 球,0.1317782247134885,0.12661957309724747,0.12857895476366937,average,,7.777322516254853,8.010642191742498,,,,1.0,False,6.400212918991308,英格兰国家联赛,False
20261010-EC-Woking-Harrogate-H,EC,2026-10-10,15:00,Woking,Harrogate,1X2,H,主胜 Woking,0.34279600317142295,0.35875702536727216,0.35396871870851737,average,market_max,2.825108398416048,2.909861650368529,2.63,2.53,-0.06906226979659935,1.0,False,,英格兰国家联赛,False
20261010-EC-Woking-Harrogate-D,EC,2026-10-10,15:00,Woking,Harrogate,1X2,D,平局,0.2278282160535953,0.2646225289152182,0.25358423505673133,average,market_max,3.943462809414324,4.061766693696754,3.6,3.43,-0.0870967537957672,1.0,False,,英格兰国家联赛,False
20261010-EC-Woking-Harrogate-A,EC,2026-10-10,15:00,Woking,Harrogate,1X2,A,客胜 Harrogate,0.42937578077498173,0.37662044571750974,0.3924470462347513,average,market_max,2.548114477084959,2.624557911397508,2.6,2.41,0.020362320210353335,1.0,False,,英格兰国家联赛,False
20261010-EC-Woking-Harrogate-O25,EC,2026-10-10,15:00,Woking,Harrogate,OU25,O25,大于 2.5 球,0.6462409649343142,0.5442359249329759,0.5748374369333774,average,market_max,1.739622257963512,1.7918109257024175,1.73,1.7,-0.005531234105257132,1.0,False,,英格兰国家联赛,False
20261010-EC-Woking-Harrogate-U25,EC,2026-10-10,15:00,Woking,Harrogate,OU25,U25,小于 2.5 球,0.35375903506568585,0.4557640750670242,0.4251625630666227,average,market_max,2.35204151745435,2.4226027629779803,2.1,2.03,-0.10715861756009226,1.0,False,,英格兰国家联赛,False
20261010-EC-Woking-Harrogate-HO25,EC,2026-10-10,15:00,Woking,Harrogate,1X2+OU25,H&O25,主胜 Woking + 大于 2.5 球,0.24311458887292753,0.2220946794788727,0.2288858764646411,average,,4.368989539441865,4.5000592256251215,,,,1.0,False,4.914621451044207,英格兰国家联赛,False
20261010-EC-Woking-Harrogate-HU25,EC,2026-10-10,15:00,Woking,Harrogate,1X2+OU25,H&U25,主胜 Woking + 小于 2.5 球,0.0996814142984955,0.13666234588833245,0.12508284224383392,average,,7.994701607840191,8.234542656075396,,,,1.0,False,6.644772244383509,英格兰国家联赛,False
20261010-EC-Woking-Harrogate-DO25,EC,2026-10-10,15:00,Woking,Harrogate,1X2+OU25,D&O25,平局 + 大于 2.5 球,0.09316641056512787,0.08349912911876191,0.08665212769048648,average,,11.540397525746961,11.886609451519371,,,,1.0,False,6.860135676708482,英格兰国家联赛,False
20261010-EC-Woking-Harrogate-DU25,EC,2026-10-10,15:00,Woking,Harrogate,1X2+OU25,D&U25,平局 + 小于 2.5 球,0.1346618054884674,0.1811233997966073,0.16693210736634345,average,,5.9904593297048265,6.1701731095959715,,,,1.0,False,9.27518825027966,英格兰国家联赛,False
20261010-EC-Woking-Harrogate-AO25,EC,2026-10-10,15:00,Woking,Harrogate,1X2+OU25,A&O25,客胜 Harrogate + 大于 2.5 球,0.30995996549625887,0.2386421163353413,0.25929943277824985,average,,3.8565452661641166,3.97224162414904,,,,1.0,False,4.43275666017605,英格兰国家联赛,False
20261010-EC-Woking-Harrogate-AU25,EC,2026-10-10,15:00,Woking,Harrogate,1X2+OU25,A&U25,客胜 Harrogate + 小于 2.5 球,0.11941581527872298,0.13797832938208443,0.1331476134564453,average,,7.510461314630441,7.735775154069355,,,,1.0,False,5.9932710413303045,英格兰国家联赛,False
20261010-EC-Worthing-Solihull-H,EC,2026-10-10,15:00,Worthing,Solihull,1X2,H,主胜 Worthing,0.6282678354988497,0.5107890344947004,0.5460326747959452,average,market_max,1.8313922337590958,1.8863340007718687,1.85,1.78,0.010160448372498632,1.0,False,,英格兰国家联赛,False
20261010-EC-Worthing-Solihull-D,EC,2026-10-10,15:00,Worthing,Solihull,1X2,D,平局,0.18499483896849137,0.2301783497216624,0.21662329649571108,average,market_max,4.616308661980864,4.75479792184029,4.33,3.95,-0.06202112617357103,1.0,False,,英格兰国家联赛,False
20261010-EC-Worthing-Solihull-A,EC,2026-10-10,15:00,Worthing,Solihull,1X2,A,客胜 Solihull,0.1867373255326591,0.25903261578363723,0.23734402870834376,average,market_max,4.213293274923016,4.339692073170706,3.7,3.51,-0.12182709377912804,1.0,False,,英格兰国家联赛,False
20261010-EC-Worthing-Solihull-O25,EC,2026-10-10,15:00,Worthing,Solihull,OU25,O25,大于 2.5 球,0.7127821504541547,0.6560975609756098,0.6731029378191732,average,market_max,1.485656864371979,1.5302265703031384,1.44,1.41,-0.030731769540390697,1.0,False,,英格兰国家联赛,False
20261010-EC-Worthing-Solihull-U25,EC,2026-10-10,15:00,Worthing,Solihull,OU25,U25,小于 2.5 球,0.2872178495458453,0.34390243902439027,0.32689706218082676,average,market_max,3.0590669531524846,3.150838961747059,2.75,2.69,-0.1010330790027264,1.0,False,,英格兰国家联赛,False
20261010-EC-Worthing-Solihull-HO25,EC,2026-10-10,15:00,Worthing,Solihull,1X2+OU25,H&O25,主胜 Worthing + 大于 2.5 球,0.49449216566019055,0.3854745726505597,0.4173522781278535,average,,2.3960573654605897,2.4679390864244075,,,,1.0,False,2.720820443441733,英格兰国家联赛,False
20261010-EC-Worthing-Solihull-HU25,EC,2026-10-10,15:00,Worthing,Solihull,1X2+OU25,H&U25,主胜 Worthing + 小于 2.5 球,0.13377566983865918,0.12531446184393505,0.1286803966679746,average,,7.77119146267658,8.004327206556878,,,,1.0,False,5.60235146055256,英格兰国家联赛,False
20261010-EC-Worthing-Solihull-DO25,EC,2026-10-10,15:00,Worthing,Solihull,1X2+OU25,D&O25,平局 + 大于 2.5 球,0.08336606702655809,0.09338151878746646,0.09066109913791617,average,,11.030089084611387,11.360991757149728,,,,1.0,False,6.858250651731697,英格兰国家联赛,False
20261010-EC-Worthing-Solihull-DU25,EC,2026-10-10,15:00,Worthing,Solihull,1X2+OU25,D&U25,平局 + 小于 2.5 球,0.10162877194193326,0.1367968309344314,0.12596219735792438,average,,7.9388897699083305,8.17705646300558,,,,1.0,False,14.121597273417224,英格兰国家联赛,False
20261010-EC-Worthing-Solihull-AO25,EC,2026-10-10,15:00,Worthing,Solihull,1X2+OU25,A&O25,客胜 Solihull + 大于 2.5 球,0.1349239177674062,0.17724146953758374,0.16508956055340343,average,,6.05731820139238,6.239037747434151,,,,1.0,False,6.2595080755016745,英格兰国家联赛,False
20261010-EC-Worthing-Solihull-AU25,EC,2026-10-10,15:00,Worthing,Solihull,1X2+OU25,A&U25,客胜 Solihull + 小于 2.5 球,0.051813407765252936,0.08179114624602377,0.07225446815492781,average,,13.839974544630278,14.255173780969187,,,,1.0,False,12.888746221256605,英格兰国家联赛,False
20261010-EC-ForestGreen-Hartlepool-H,EC,2026-10-10,17:30,Forest Green,Hartlepool,1X2,H,主胜 Forest Green,0.5768822742535964,0.5596797599186566,0.5648405142191385,average,market_max,1.7704112485317134,1.8235235859876648,1.67,1.62,-0.05671634125403879,1.0,False,,英格兰国家联赛,False
20261010-EC-ForestGreen-Hartlepool-D,EC,2026-10-10,17:30,Forest Green,Hartlepool,1X2,D,平局,0.2396421646850413,0.23188777776680916,0.23421409384227881,average,market_max,4.269597886254472,4.397685822842106,4.0,3.91,-0.06314362463088474,1.0,False,,英格兰国家联赛,False
20261010-EC-ForestGreen-Hartlepool-A,EC,2026-10-10,17:30,Forest Green,Hartlepool,1X2,A,客胜 Hartlepool,0.18347556106136248,0.20843246231453422,0.20094539193858268,average,market_max,4.976476396660252,5.12577068856006,4.5,4.35,-0.09574573627637795,1.0,False,,英格兰国家联赛,False
20261010-EC-ForestGreen-Hartlepool-O25,EC,2026-10-10,17:30,Forest Green,Hartlepool,OU25,O25,大于 2.5 球,0.4622897547114609,0.59375,0.5543119264134382,average,market_max,1.8040383985065869,1.8581595504617845,1.58,1.56,-0.12418715626676768,1.0,False,,英格兰国家联赛,False
20261010-EC-ForestGreen-Hartlepool-U25,EC,2026-10-10,17:30,Forest Green,Hartlepool,OU25,U25,小于 2.5 球,0.5377102452885392,0.40625000000000006,0.4456880735865618,average,market_max,2.2437216952043464,2.311033346060477,2.38,2.28,0.060737615136017054,1.0,True,,英格兰国家联赛,False
20261010-EC-ForestGreen-Hartlepool-HO25,EC,2026-10-10,17:30,Forest Green,Hartlepool,1X2+OU25,H&O25,主胜 Forest Green + 大于 2.5 球,0.3269980500082118,0.39279473831852835,0.3744878938290737,average,,2.67031329043824,2.750422689151387,,,,1.0,False,3.193889873499199,英格兰国家联赛,False
20261010-EC-ForestGreen-Hartlepool-HU25,EC,2026-10-10,17:30,Forest Green,Hartlepool,1X2+OU25,H&U25,主胜 Forest Green + 小于 2.5 球,0.24988422424538448,0.16688502160091168,0.19035262039047468,average,,5.253408111475834,5.411010354820109,,,,1.0,False,3.9723101277644193,英格兰国家联赛,False
20261010-EC-ForestGreen-Hartlepool-DO25,EC,2026-10-10,17:30,Forest Green,Hartlepool,1X2+OU25,D&O25,平局 + 大于 2.5 球,0.0466276235912749,0.0702377978479655,0.0624000051423364,average,,16.025639704980282,16.50640889612969,,,,1.0,False,7.702518532985624,英格兰国家联赛,False
20261010-EC-ForestGreen-Hartlepool-DU25,EC,2026-10-10,17:30,Forest Green,Hartlepool,1X2+OU25,D&U25,平局 + 小于 2.5 球,0.19301454109376642,0.1616499799179702,0.17181408869949205,average,,5.820244472204079,5.994851806370202,,,,1.0,False,9.579789407187777,英格兰国家联赛,False
20261010-EC-ForestGreen-Hartlepool-AO25,EC,2026-10-10,17:30,Forest Green,Hartlepool,1X2+OU25,A&O25,客胜 Hartlepool + 大于 2.5 球,0.08866408111197417,0.13071746383350621,0.11742402744202798,average,,8.516144623754267,8.771628962466893,,,,1.0,False,8.97775450883679,英格兰国家联赛,False
20261010-EC-ForestGreen-Hartlepool-AU25,EC,2026-10-10,17:30,Forest Green,Hartlepool,1X2+OU25,A&U25,客胜 Hartlepool + 小于 2.5 球,0.09481147994938832,0.07771499848111817,0.08352136449659497,average,,11.972984469629544,12.33217400371843,,,,1.0,False,11.16582805685896,英格兰国家联赛,False
20261009-F1-Lens-Lyon-H,F1,2026-10-09,19:45,Lens,Lyon,1X2,H,主胜 Lens,0.43242106833425376,0.3955351029442206,0.40660089256123055,average,market_max,2.459414178116711,2.5331966034602127,2.5,2.38,0.016502231403076273,1.0,False,,法甲,False
20261009-F1-Lens-Lyon-D,F1,2026-10-09,19:45,Lens,Lyon,1X2,D,平局,0.2605613259738771,0.25580802853457746,0.25723401776636734,average,market_max,3.8875107137200238,4.004136035131625,3.8,3.68,-0.022510732487804108,1.0,False,,法甲,False
20261009-F1-Lens-Lyon-A,F1,2026-10-09,19:45,Lens,Lyon,1X2,A,客胜 Lyon,0.3070176056918691,0.34865686852120187,0.336165089672402,average,market_max,2.974728877928744,3.0639707442666064,2.8,2.7,-0.05873774891727446,1.0,False,,法甲,False
20261009-F1-Lens-Lyon-O25,F1,2026-10-09,19:45,Lens,Lyon,OU25,O25,大于 2.5 球,0.5401957391256725,0.6196473551637279,0.5958118703523112,average,market_max,1.678382136644386,1.7287336007437177,1.58,1.51,-0.05861724484334829,1.0,False,,法甲,False
20261009-F1-Lens-Lyon-U25,F1,2026-10-09,19:45,Lens,Lyon,OU25,U25,小于 2.5 球,0.45980426087432746,0.380352644836272,0.40418812964768863,average,market_max,2.474095419060555,2.5483182816323713,2.55,2.46,0.030679730601606003,1.0,True,,法甲,False
20261009-F1-Lens-Lyon-HO25,F1,2026-10-09,19:45,Lens,Lyon,1X2+OU25,H&O25,主胜 Lens + 大于 2.5 球,0.2766017229955145,0.28380338611296374,0.28248909351711027,average,,3.5399596761403123,3.6461584664245215,,,,1.0,False,4.127836823161022,法甲,False
20261009-F1-Lens-Lyon-HU25,F1,2026-10-09,19:45,Lens,Lyon,1X2+OU25,H&U25,主胜 Lens + 小于 2.5 球,0.15581934533873926,0.1117317168313848,0.12411179904420631,average,,8.057251669068293,8.298969219140343,,,,1.0,False,6.084825351651134,法甲,False
20261009-F1-Lens-Lyon-DO25,F1,2026-10-09,19:45,Lens,Lyon,1X2+OU25,D&O25,平局 + 大于 2.5 球,0.07294933657553886,0.09144669434188038,0.08557967879470703,average,,11.685016981646447,12.035567491095842,,,,1.0,False,6.524728537921355,法甲,False
20261009-F1-Lens-Lyon-DU25,F1,2026-10-09,19:45,Lens,Lyon,1X2+OU25,D&U25,平局 + 小于 2.5 球,0.18761198939833826,0.16436133419247564,0.17165433897151575,average,,5.825661069749828,6.000430901842323,,,,1.0,False,9.61807244836354,法甲,False
20261009-F1-Lens-Lyon-AO25,F1,2026-10-09,19:45,Lens,Lyon,1X2+OU25,A&O25,客胜 Lyon + 大于 2.5 球,0.1906446795546191,0.24439727470888395,0.22774309804049403,average,,4.390912429856356,4.522639802752047,,,,1.0,False,4.992731810075802,法甲,False
20261009-F1-Lens-Lyon-AU25,F1,2026-10-09,19:45,Lens,Lyon,1X2+OU25,A&U25,客胜 Lyon + 小于 2.5 球,0.11637292613724995,0.10425959381241165,0.10842199163196665,average,,9.223221091477944,9.499917724222282,,,,1.0,False,7.3597630898306505,法甲,False
20261010-F1-Lille-LeHavre-H,F1,2026-10-10,16:15,Lille,Le Havre,1X2,H,主胜 Lille,0.6274776645652578,0.6601617838132361,0.6503565480388426,average,market_max,1.537618100433541,1.5837466434465473,1.44,1.42,-0.06348657082406672,1.0,False,,法甲,False
20261010-F1-Lille-LeHavre-D,F1,2026-10-10,16:15,Lille,Le Havre,1X2,D,平局,0.2413643664500568,0.20116517875853973,0.21322493506599485,average,market_max,4.689883008713272,4.830579498974671,4.8,4.66,0.02347968831677516,1.0,False,,法甲,False
20261010-F1-Lille-LeHavre-A,F1,2026-10-10,16:15,Lille,Le Havre,1X2,A,客胜 Le Havre,0.13115796898468549,0.13867303742822412,0.13641851689516254,average,market_max,7.330383167620116,7.55029466264872,7.9,6.76,0.0777062834717841,1.0,False,,法甲,False
20261010-F1-Lille-LeHavre-O25,F1,2026-10-10,16:15,Lille,Le Havre,OU25,O25,大于 2.5 球,0.4262659161146082,0.5844155844155844,0.5369706839252915,average,market_max,1.8622990601459533,1.9181680319503318,1.62,1.6,-0.13010749204102778,1.0,False,,法甲,False
20261010-F1-Lille-LeHavre-U25,F1,2026-10-10,16:15,Lille,Le Havre,OU25,U25,小于 2.5 球,0.5737340838853918,0.41558441558441556,0.46302931607470843,average,market_max,2.1596904672849115,2.224481181303459,2.3,2.25,0.06496742697182922,1.0,True,,法甲,False
20261010-F1-Lille-LeHavre-HO25,F1,2026-10-10,16:15,Lille,Le Havre,1X2+OU25,H&O25,主胜 Lille + 大于 2.5 球,0.3360532320105836,0.45458517346972543,0.41939848668673163,average,,2.384367211002711,2.4558982273327925,,,,1.0,False,2.863504743300789,法甲,False
20261010-F1-Lille-LeHavre-HU25,F1,2026-10-10,16:15,Lille,Le Havre,1X2+OU25,H&U25,主胜 Lille + 小于 2.5 球,0.29142443255467415,0.20557661034428598,0.2309580613525201,average,,4.3297904136529,4.459684126062488,,,,1.0,False,3.3207791538310523,法甲,False
20261010-F1-Lille-LeHavre-DO25,F1,2026-10-10,16:15,Lille,Le Havre,1X2+OU25,D&O25,平局 + 大于 2.5 球,0.03357881696932772,0.04759124011092782,0.04325479824525678,average,,23.118822432830505,23.81238710581542,,,,1.0,False,8.733964719321202,法甲,False
20261010-F1-Lille-LeHavre-DU25,F1,2026-10-10,16:15,Lille,Le Havre,1X2+OU25,D&U25,平局 + 小于 2.5 球,0.20778554948072908,0.15357393864682314,0.16997013682032266,average,,5.883386450745234,6.059888044267591,,,,1.0,False,10.128695626599534,法甲,False
20261010-F1-Lille-LeHavre-AO25,F1,2026-10-10,16:15,Lille,Le Havre,1X2+OU25,A&O25,客胜 Le Havre + 大于 2.5 球,0.05663386713469682,0.08223917083493117,0.07431739899330306,average,,13.4557992279858,13.859473204825376,,,,1.0,False,13.65136568356866,法甲,False
20261010-F1-Lille-LeHavre-AU25,F1,2026-10-10,16:15,Lille,Le Havre,1X2+OU25,A&U25,客胜 Le Havre + 小于 2.5 球,0.07452410184998869,0.05643386659330646,0.06210111790186569,average,,16.102769705051593,16.58585279620314,,,,1.0,False,15.831358648654938,法甲,False
20261010-F1-Brest-Angers-H,F1,2026-10-10,19:45,Brest,Angers,1X2,H,主胜 Brest,0.49739526181064575,0.4740722828816428,0.48106917656034365,average,market_max,2.078703123633953,2.1410642173429717,2.02,1.98,-0.02824026334810581,1.0,False,,法甲,False
20261010-F1-Brest-Angers-D,F1,2026-10-10,19:45,Brest,Angers,1X2,D,平局,0.27534739492672633,0.26001748479380965,0.26461645783368465,average,market_max,3.7790544404782063,3.8924260736925524,3.75,3.61,-0.007688283123682527,1.0,False,,法甲,False
20261010-F1-Brest-Angers-A,F1,2026-10-10,19:45,Brest,Angers,1X2,A,客胜 Angers,0.22725734326262811,0.2659102323245475,0.25431436560597165,average,market_max,3.9321412206394,4.050105457258582,3.75,3.53,-0.04632112897760632,1.0,False,,法甲,False
20261010-F1-Brest-Angers-O25,F1,2026-10-10,19:45,Brest,Angers,OU25,O25,大于 2.5 球,0.43396775488092926,0.5425531914893618,0.509977560506832,average,market_max,1.9608705900827639,2.019696707785247,1.75,1.72,-0.10753926911304412,1.0,False,,法甲,False
20261010-F1-Brest-Angers-U25,F1,2026-10-10,19:45,Brest,Angers,OU25,U25,小于 2.5 球,0.5660322451190707,0.4574468085106383,0.49002243949316804,average,market_max,2.0407228718633856,2.1019445580192873,2.1,2.04,0.029047122935652814,1.0,False,,法甲,False
20261010-F1-Brest-Angers-HO25,F1,2026-10-10,19:45,Brest,Angers,1X2+OU25,H&O25,主胜 Brest + 大于 2.5 球,0.2714258043066799,0.3119387827471553,0.300895155073246,average,,3.323416755436202,3.423119258099288,,,,1.0,False,4.076067820646994,法甲,False
20261010-F1-Brest-Angers-HU25,F1,2026-10-10,19:45,Brest,Angers,1X2+OU25,H&U25,主胜 Brest + 小于 2.5 球,0.2259694575039658,0.16213350013459607,0.1801740214876055,average,,5.5501897096124475,5.716695400900821,,,,1.0,False,4.2420570082136715,法甲,False
20261010-F1-Brest-Angers-DO25,F1,2026-10-10,19:45,Brest,Angers,1X2+OU25,D&O25,平局 + 大于 2.5 球,0.049463302971379824,0.0675183100224393,0.06176007084447668,average,,16.19169127118046,16.677442009315875,,,,1.0,False,7.41023671065539,法甲,False
20261010-F1-Brest-Angers-DU25,F1,2026-10-10,19:45,Brest,Angers,1X2+OU25,D&U25,平局 + 小于 2.5 球,0.22588409195534648,0.19249917477122463,0.20285638698853906,average,,4.92959583301904,5.077483708009612,,,,1.0,False,7.712002830700765,法甲,False
20261010-F1-Brest-Angers-AO25,F1,2026-10-10,19:45,Brest,Angers,1X2+OU25,A&O25,客胜 Angers + 大于 2.5 球,0.11307864760286955,0.16309609871976724,0.14732233458910937,average,,6.787837043100482,6.991472154393496,,,,1.0,False,7.710420075603939,法甲,False
20261010-F1-Brest-Angers-AU25,F1,2026-10-10,19:45,Brest,Angers,1X2+OU25,A&U25,客胜 Angers + 小于 2.5 球,0.11417869565975855,0.1028141336048176,0.10699203101702344,average,,9.346490486201636,9.626885200787687,,,,1.0,False,8.024410524355636,法甲,False
20261010-F1-Lorient-ParisFC-H,F1,2026-10-10,19:45,Lorient,Paris FC,1X2,H,主胜 Lorient,0.3695322486844468,0.2977517953159395,0.3192859313264917,average,market_max,3.131988922422741,3.2259485900954235,3.25,3.15,0.03767927681109806,1.0,True,,法甲,False
20261010-F1-Lorient-ParisFC-D,F1,2026-10-10,19:45,Lorient,Paris FC,1X2,D,平局,0.28138169415157266,0.28165710367724006,0.28157448081953984,average,market_max,3.5514582042003187,3.6580019503263284,3.5,3.33,-0.014489317131610502,1.0,False,,法甲,False
20261010-F1-Lorient-ParisFC-A,F1,2026-10-10,19:45,Lorient,Paris FC,1X2,A,客胜 Paris FC,0.3490860571639805,0.4205911010068204,0.3991395878539684,average,market_max,2.505389168177089,2.580550843222402,2.3,2.23,-0.08197894793587268,1.0,False,,法甲,False
20261010-F1-Lorient-ParisFC-O25,F1,2026-10-10,19:45,Lorient,Paris FC,OU25,O25,大于 2.5 球,0.46562474112147495,0.4959785522788205,0.4868724089316168,average,market_max,2.053926206651102,2.1155439928506357,1.98,1.88,-0.03599263031539868,1.0,False,,法甲,False
20261010-F1-Lorient-ParisFC-U25,F1,2026-10-10,19:45,Lorient,Paris FC,OU25,U25,小于 2.5 球,0.5343752588785251,0.5040214477211796,0.5131275910683832,average,market_max,1.948833033744881,2.0072980247572274,1.91,1.85,-0.019926301059388085,1.0,False,,法甲,False
20261010-F1-Lorient-ParisFC-HO25,F1,2026-10-10,19:45,Lorient,Paris FC,1X2+OU25,H&O25,主胜 Lorient + 大于 2.5 球,0.20851221095394298,0.17789787555692657,0.1876071709576957,average,,5.330286656395955,5.4901952560878335,,,,1.0,False,6.432874126705014,法甲,False
20261010-F1-Lorient-ParisFC-HU25,F1,2026-10-10,19:45,Lorient,Paris FC,1X2+OU25,H&U25,主胜 Lorient + 小于 2.5 球,0.16102003773050383,0.11985391975941963,0.13167876036906423,average,,7.594239171125533,7.822066346259299,,,,1.0,False,6.103723473340471,法甲,False
20261010-F1-Lorient-ParisFC-DO25,F1,2026-10-10,19:45,Lorient,Paris FC,1X2+OU25,D&O25,平局 + 大于 2.5 球,0.061298556667224204,0.0681591478145809,0.06604643808737433,average,,15.140861929254646,15.595087787132286,,,,1.0,False,7.294433077433097,法甲,False
20261010-F1-Lorient-ParisFC-DU25,F1,2026-10-10,19:45,Lorient,Paris FC,1X2+OU25,D&U25,平局 + 小于 2.5 球,0.22008313748434846,0.21349795586169648,0.21552804273157308,average,,4.639767462860684,4.778960486746505,,,,1.0,False,6.921199066309854,法甲,False
20261010-F1-Lorient-ParisFC-AO25,F1,2026-10-10,19:45,Lorient,Paris FC,1X2+OU25,A&O25,客胜 Paris FC + 大于 2.5 球,0.19581397350030774,0.24992152890731298,0.2332187998865469,average,,4.287818994379811,4.4164535642112055,,,,1.0,False,5.1458844703787285,法甲,False
20261010-F1-Lorient-ParisFC-AU25,F1,2026-10-10,19:45,Lorient,Paris FC,1X2+OU25,A&U25,客胜 Paris FC + 小于 2.5 球,0.15327208366367276,0.1706695721000635,0.1659207879677459,average,,6.026972341732096,6.2077815119840585,,,,1.0,False,4.88258517333012,法甲,False
20261010-F1-Monaco-Toulouse-H,F1,2026-10-10,19:45,Monaco,Toulouse,1X2,H,主胜 Monaco,0.557237792642755,0.5907091036091067,0.5806677103192012,average,market_max,1.722155343286242,1.7738200035848293,1.61,1.59,-0.0651249863860861,1.0,False,,法甲,False
20261010-F1-Monaco-Toulouse-D,F1,2026-10-10,19:45,Monaco,Toulouse,1X2,D,平局,0.22927639815984538,0.2225657523076966,0.22457894606334122,average,market_max,4.452777152663081,4.586360467242973,4.4,4.22,-0.011852637321298487,1.0,False,,法甲,False
20261010-F1-Monaco-Toulouse-A,F1,2026-10-10,19:45,Monaco,Toulouse,1X2,A,客胜 Toulouse,0.21348580919739985,0.18672514408319674,0.19475334361745766,average,market_max,5.134700033516447,5.288741034521941,5.75,5.03,0.1198317258003816,1.0,False,,法甲,False
20261010-F1-Monaco-Toulouse-O25,F1,2026-10-10,19:45,Monaco,Toulouse,OU25,O25,大于 2.5 球,0.5985667777697993,0.6015424164524421,0.6006497248476492,average,market_max,1.6648638276720151,1.7148097425021755,1.58,1.55,-0.05097343474071414,1.0,False,,法甲,False
20261010-F1-Monaco-Toulouse-U25,F1,2026-10-10,19:45,Monaco,Toulouse,OU25,U25,小于 2.5 球,0.4014332222302007,0.39845758354755784,0.39935027515235066,average,market_max,2.5040673870038117,2.579189408613926,2.4,2.34,-0.04155933963435843,1.0,False,,法甲,False
20261010-F1-Monaco-Toulouse-HO25,F1,2026-10-10,19:45,Monaco,Toulouse,1X2+OU25,H&O25,主胜 Monaco + 大于 2.5 球,0.3881669722463212,0.4109442448551254,0.40411777097436324,average,,2.4745261699056504,2.54876195500282,,,,1.0,False,2.8671541366693463,法甲,False
20261010-F1-Monaco-Toulouse-HU25,F1,2026-10-10,19:45,Monaco,Toulouse,1X2+OU25,H&U25,主胜 Monaco + 小于 2.5 球,0.16907082039643367,0.17976485875377554,0.1765499393446908,average,,5.66411975960881,5.8340433523970745,,,,1.0,False,4.312393030477432,法甲,False
20261010-F1-Monaco-Toulouse-DO25,F1,2026-10-10,19:45,Monaco,Toulouse,1X2+OU25,D&O25,平局 + 大于 2.5 球,0.07247491838814553,0.07014645389827845,0.0708437274954739,average,,14.115575723537255,14.539042995243372,,,,1.0,False,7.4132676141531535,法甲,False
20261010-F1-Monaco-Toulouse-DU25,F1,2026-10-10,19:45,Monaco,Toulouse,1X2+OU25,D&U25,平局 + 小于 2.5 球,0.15680147977169986,0.15241929840965399,0.1537352185680376,average,,6.504690397649101,6.699831109578574,,,,1.0,False,11.150054049579312,法甲,False
20261010-F1-Monaco-Toulouse-AO25,F1,2026-10-10,19:45,Monaco,Toulouse,1X2+OU25,A&O25,客胜 Toulouse + 大于 2.5 球,0.13792488713533246,0.12045171769903829,0.12568822637781218,average,,7.956194695548115,8.194880536414558,,,,1.0,False,8.548576351747815,法甲,False
20261010-F1-Monaco-Toulouse-AU25,F1,2026-10-10,19:45,Monaco,Toulouse,1X2+OU25,A&U25,客胜 Toulouse + 小于 2.5 球,0.0755609220620674,0.06627342638412836,0.06906511723962233,average,,14.479089299602386,14.913461978590458,,,,1.0,False,12.857634895975913,法甲,False
20261009-F2-Dunkerque-Annecy-H,F2,2026-10-09,19:00,Dunkerque,Annecy,1X2,H,主胜 Dunkerque,0.39963017547355917,0.4202467605350666,0.41406178501661434,average,market_max,2.415098509899615,2.4875514651966033,2.25,2.18,-0.06836098371261778,1.0,False,,法乙,False
20261009-F2-Dunkerque-Annecy-D,F2,2026-10-09,19:00,Dunkerque,Annecy,1X2,D,平局,0.25467544601817527,0.2702471793411343,0.2655756593442466,average,market_max,3.765405317901412,3.8783674774384544,3.5,3.39,-0.07048519229513694,1.0,False,,法乙,False
20261009-F2-Dunkerque-Annecy-A,F2,2026-10-09,19:00,Dunkerque,Annecy,1X2,A,客胜 Annecy,0.34569437850826557,0.30950606012379905,0.32036255563913896,average,market_max,3.1214634244784043,3.2151073272127566,3.1,2.96,-0.006876077518669255,1.0,False,,法乙,False
20261009-F2-Dunkerque-Annecy-O25,F2,2026-10-09,19:00,Dunkerque,Annecy,OU25,O25,大于 2.5 球,0.5345096902526233,0.5281501340482575,0.5300580009095672,average,market_max,1.8865859930121291,1.943183572802493,1.8,1.76,-0.04589559836277901,1.0,False,,法乙,False
20261009-F2-Dunkerque-Annecy-U25,F2,2026-10-09,19:00,Dunkerque,Annecy,OU25,U25,小于 2.5 球,0.4654903097473767,0.47184986595174266,0.4699419990904329,average,market_max,2.12792217323731,2.1917598384344297,2.0,1.97,-0.060116001819134235,1.0,False,,法乙,False
20261009-F2-Dunkerque-Annecy-HO25,F2,2026-10-09,19:00,Dunkerque,Annecy,1X2+OU25,H&O25,主胜 Dunkerque + 大于 2.5 球,0.24901769389765938,0.2612290563053997,0.2575725810245069,average,,3.8824008208577694,3.9988728454835027,,,,1.0,False,4.556291020521079,法乙,False
20261009-F2-Dunkerque-Annecy-HU25,F2,2026-10-09,19:00,Dunkerque,Annecy,1X2+OU25,H&U25,主胜 Dunkerque + 小于 2.5 球,0.1506124815758998,0.1590177042296008,0.15648920399163413,average,,6.390217181074419,6.581923696506652,,,,1.0,False,5.1391416697677785,法乙,False
20261009-F2-Dunkerque-Annecy-DO25,F2,2026-10-09,19:00,Dunkerque,Annecy,1X2+OU25,D&O25,平局 + 大于 2.5 球,0.0732268122457649,0.07734856917613946,0.07611640341736454,average,,13.137772610152894,13.53190578845748,,,,1.0,False,7.103760930766188,法乙,False
20261009-F2-Dunkerque-Annecy-DU25,F2,2026-10-09,19:00,Dunkerque,Annecy,1X2+OU25,D&U25,平局 + 小于 2.5 球,0.18144863377241044,0.19289861016510504,0.18945925592768534,average,,5.27817970731232,5.436525098531689,,,,1.0,False,8.012489467188098,法乙,False
20261009-F2-Dunkerque-Annecy-AO25,F2,2026-10-09,19:00,Dunkerque,Annecy,1X2+OU25,A&O25,客胜 Annecy + 大于 2.5 球,0.2122651841091991,0.18957250856671826,0.19636901646769567,average,,5.092453066110398,5.24522665809371,,,,1.0,False,5.888909174320632,法乙,False
20261009-F2-Dunkerque-Annecy-AU25,F2,2026-10-09,19:00,Dunkerque,Annecy,1X2+OU25,A&U25,客胜 Annecy + 小于 2.5 球,0.13342919439906653,0.11993355155703676,0.12399353917111341,average,,8.064936340110279,8.306884430313588,,,,1.0,False,6.642231233896862,法乙,False
20261009-F2-Montpellier-Grenoble-H,F2,2026-10-09,19:00,Montpellier,Grenoble,1X2,H,主胜 Montpellier,0.47343522995743004,0.5824613649834474,0.5497535244756422,average,market_max,1.8189969786074682,1.8735668879656924,1.61,1.58,-0.11489682559421599,1.0,False,,法乙,False
20261009-F2-Montpellier-Grenoble-D,F2,2026-10-09,19:00,Montpellier,Grenoble,1X2,D,平局,0.3197835602924,0.24805632255359752,0.26957449387523824,average,market_max,3.709549763498063,3.820836256403005,3.8,3.71,0.02438307672590523,1.0,False,,法乙,False
20261009-F2-Montpellier-Grenoble-A,F2,2026-10-09,19:00,Montpellier,Grenoble,1X2,A,客胜 Grenoble,0.20678120975017,0.16948231246295523,0.18067198164911966,average,market_max,5.5348925210887705,5.700939296721434,6.2,5.43,0.12016628622454184,1.0,False,,法乙,False
20261009-F2-Montpellier-Grenoble-O25,F2,2026-10-09,19:00,Montpellier,Grenoble,OU25,O25,大于 2.5 球,0.26426982553057116,0.47580645161290325,0.4123454637882036,average,market_max,2.4251509664082014,2.4979054954004476,2.0,1.95,-0.17530907242359284,1.0,False,,法乙,False
20261009-F2-Montpellier-Grenoble-U25,F2,2026-10-09,19:00,Montpellier,Grenoble,OU25,U25,小于 2.5 球,0.7357301744694289,0.5241935483870968,0.5876545362117964,average,market_max,1.701680049040905,1.7527304505121322,1.83,1.77,0.0754078012675874,1.0,True,,法乙,False
20261009-F2-Montpellier-Grenoble-HO25,F2,2026-10-09,19:00,Montpellier,Grenoble,1X2+OU25,H&O25,主胜 Montpellier + 大于 2.5 球,0.17486203058952926,0.34393753204127564,0.29086855758979363,average,,3.4379790249115922,3.54111839565894,,,,1.0,False,4.411342280563501,法乙,False
20261009-F2-Montpellier-Grenoble-HU25,F2,2026-10-09,19:00,Montpellier,Grenoble,1X2+OU25,H&U25,主胜 Montpellier + 小于 2.5 球,0.29857319936790083,0.2385238329428113,0.2588849668860515,average,,3.862719461961463,3.978601045820307,,,,1.0,False,3.0953508677620145,法乙,False
20261009-F2-Montpellier-Grenoble-DO25,F2,2026-10-09,19:00,Montpellier,Grenoble,1X2+OU25,D&O25,平局 + 大于 2.5 球,0.024520400504615635,0.04210921044075637,0.03704588243068928,average,,26.99355324767719,27.803359845107508,,,,1.0,False,8.996218193886643,法乙,False
20261009-F2-Montpellier-Grenoble-DU25,F2,2026-10-09,19:00,Montpellier,Grenoble,1X2+OU25,D&U25,平局 + 小于 2.5 球,0.2952631597877844,0.2059471121121142,0.2325286114443145,average,,4.300546043726228,4.429562425038015,,,,1.0,False,6.3124668234690615,法乙,False
20261009-F2-Montpellier-Grenoble-AO25,F2,2026-10-09,19:00,Montpellier,Grenoble,1X2+OU25,A&O25,客胜 Grenoble + 大于 2.5 球,0.06488739443642633,0.08975970913087124,0.08443102376772067,average,,11.843987617053104,12.199307245564698,,,,1.0,False,13.42294994648396,法乙,False
20261009-F2-Montpellier-Grenoble-AU25,F2,2026-10-09,19:00,Montpellier,Grenoble,1X2+OU25,A&U25,客胜 Grenoble + 小于 2.5 球,0.14189381531374365,0.0797226033321713,0.09624095788143038,average,,10.390586523795907,10.702304119509785,,,,1.0,False,9.418616176722477,法乙,False
20261009-F2-Nancy-Guingamp-H,F2,2026-10-09,19:00,Nancy,Guingamp,1X2,H,主胜 Nancy,0.35554466103743887,0.4765490873877801,0.44024775948267775,average,market_max,2.2714482435414793,2.339591690847724,2.0,1.93,-0.1195044810346445,1.0,False,,法乙,False
20261009-F2-Nancy-Guingamp-D,F2,2026-10-09,19:00,Nancy,Guingamp,1X2,D,平局,0.2606265368096507,0.2658207337163051,0.26426247464430874,average,market_max,3.78411653544824,3.8976400315116875,3.6,3.46,-0.048655091280488505,1.0,False,,法乙,False
20261009-F2-Nancy-Guingamp-A,F2,2026-10-09,19:00,Nancy,Guingamp,1X2,A,客胜 Guingamp,0.3838288021529104,0.2576301788959147,0.2954897658730134,average,market_max,3.384211960930483,3.4857383197583975,3.75,3.57,0.10808662202380015,1.0,True,,法乙,False
20261009-F2-Nancy-Guingamp-O25,F2,2026-10-09,19:00,Nancy,Guingamp,OU25,O25,大于 2.5 球,0.509694024170132,0.5215053763440861,0.5179619706918999,average,market_max,1.930643669967098,1.9885629800661109,1.83,1.78,-0.05212959363382319,1.0,False,,法乙,False
20261009-F2-Nancy-Guingamp-U25,F2,2026-10-09,19:00,Nancy,Guingamp,OU25,U25,小于 2.5 球,0.490305975829868,0.47849462365591405,0.4820380293081002,average,market_max,2.074525118765761,2.136760872328734,2.0,1.94,-0.03592394138379962,1.0,False,,法乙,False
20261009-F2-Nancy-Guingamp-HO25,F2,2026-10-09,19:00,Nancy,Guingamp,1X2+OU25,H&O25,主胜 Nancy + 大于 2.5 球,0.21100908776897198,0.2899005228381073,0.26586144338259476,average,,3.7613577481444884,3.874198480588823,,,,1.0,False,4.38535717305124,法乙,False
20261009-F2-Nancy-Guingamp-HU25,F2,2026-10-09,19:00,Nancy,Guingamp,1X2+OU25,H&U25,主胜 Nancy + 小于 2.5 球,0.14453557326846692,0.18664856454972886,0.17438631610047176,average,,5.734394890387244,5.906426737098862,,,,1.0,False,4.7121764372031665,法乙,False
20261009-F2-Nancy-Guingamp-DO25,F2,2026-10-09,19:00,Nancy,Guingamp,1X2+OU25,D&O25,平局 + 大于 2.5 球,0.06900372454761212,0.07363011047659451,0.0722177857554091,average,,13.847004439970664,14.262414573169783,,,,1.0,False,7.3057806355809705,法乙,False
20261009-F2-Nancy-Guingamp-DU25,F2,2026-10-09,19:00,Nancy,Guingamp,1X2+OU25,D&U25,平局 + 小于 2.5 球,0.1916228122620386,0.19219062323962255,0.19204468888823537,average,,5.207121351749394,5.363334992301876,,,,1.0,False,7.85024480512424,法乙,False
20261009-F2-Nancy-Guingamp-AO25,F2,2026-10-09,19:00,Nancy,Guingamp,1X2+OU25,A&O25,客胜 Guingamp + 大于 2.5 球,0.22968121185354784,0.1579747430293842,0.17988274155389603,average,,5.559177002538526,5.725952312614681,,,,1.0,False,6.533707400197377,法乙,False
20261009-F2-Nancy-Guingamp-AU25,F2,2026-10-09,19:00,Nancy,Guingamp,1X2+OU25,A&U25,客胜 Guingamp + 小于 2.5 球,0.15414759029936256,0.09965543586656252,0.11560702431939307,average,,8.649993422867214,8.909493225553229,,,,1.0,False,7.020632720177819,法乙,False
20261009-F2-PauFC-Laval-H,F2,2026-10-09,19:00,Pau FC,Laval,1X2,H,主胜 Pau FC,0.43673752094982476,0.45820495378336207,0.45176472393330086,average,market_max,2.2135415782212364,2.2799478255678736,2.05,2.0,-0.07388231593673333,1.0,False,,法乙,False
20261009-F2-PauFC-Laval-D,F2,2026-10-09,19:00,Pau FC,Laval,1X2,D,平局,0.2546901902344281,0.2776999719899164,0.2707970374632699,average,market_max,3.692802585167266,3.803586662722284,3.4,3.3,-0.07929007262488241,1.0,False,,法乙,False
20261009-F2-PauFC-Laval-A,F2,2026-10-09,19:00,Pau FC,Laval,1X2,A,客胜 Laval,0.30857228881574716,0.2640950742267216,0.2774382386034293,average,market_max,3.6044058131056755,3.7125379874988456,3.6,3.47,-0.0012223410276545055,1.0,False,,法乙,False
20261009-F2-PauFC-Laval-O25,F2,2026-10-09,19:00,Pau FC,Laval,OU25,O25,大于 2.5 球,0.5236534085857388,0.4865591397849462,0.49768742042518394,average,market_max,2.0092933012967875,2.0695721003356913,1.98,1.91,-0.014578907558135845,1.0,False,,法乙,False
20261009-F2-PauFC-Laval-U25,F2,2026-10-09,19:00,Pau FC,Laval,OU25,U25,小于 2.5 球,0.47634659141426117,0.5134408602150538,0.502312579574816,average,market_max,1.990792268922377,2.0505160369900484,1.87,1.81,-0.06067547619509406,1.0,False,,法乙,False
20261009-F2-PauFC-Laval-HO25,F2,2026-10-09,19:00,Pau FC,Laval,1X2+OU25,H&O25,主胜 Pau FC + 大于 2.5 球,0.2698723184751043,0.26859322998917007,0.2691702860293093,average,,3.7151203230920977,3.8265739327848607,,,,1.0,False,4.447654265261849,法乙,False
20261009-F2-PauFC-Laval-HU25,F2,2026-10-09,19:00,Pau FC,Laval,1X2+OU25,H&U25,主胜 Pau FC + 小于 2.5 球,0.16686520247472042,0.1896117237940485,0.18259443790389962,average,,5.476618080372772,5.640916622783955,,,,1.0,False,4.406701460861075,法乙,False
20261009-F2-PauFC-Laval-DO25,F2,2026-10-09,19:00,Pau FC,Laval,1X2+OU25,D&O25,平局 + 大于 2.5 球,0.0699369334044148,0.06914638278945251,0.06946599209992782,average,,14.395533264125643,14.827399262049411,,,,1.0,False,7.419923497388047,法乙,False
20261009-F2-PauFC-Laval-DU25,F2,2026-10-09,19:00,Pau FC,Laval,1X2+OU25,D&U25,平局 + 小于 2.5 球,0.18475325683001328,0.20855358920067127,0.2013310453634774,average,,4.966943862009101,5.115952177869374,,,,1.0,False,7.351602837207561,法乙,False
20261009-F2-PauFC-Laval-AO25,F2,2026-10-09,19:00,Pau FC,Laval,1X2+OU25,A&O25,客胜 Laval + 大于 2.5 球,0.18384415670621973,0.1488195270063237,0.1590511422959468,average,,6.287285872737072,6.4759044489191835,,,,1.0,False,7.242308455428433,法乙,False
20261009-F2-PauFC-Laval-AU25,F2,2026-10-09,19:00,Pau FC,Laval,1X2+OU25,A&U25,客胜 Laval + 小于 2.5 球,0.12472813210952746,0.11527554722033408,0.11838709630743902,average,,8.446866518316352,8.700272513865842,,,,1.0,False,7.175623226789652,法乙,False
20261010-F2-Clermont-RedStar-H,F2,2026-10-10,13:00,Clermont,Red Star,1X2,H,主胜 Clermont,0.3138365466516028,0.2657860824742268,0.28020122172743955,average,market_max,3.56886381092489,3.6759297252526366,3.65,3.44,0.022734459305154386,1.0,False,,法乙,False
20261010-F2-Clermont-RedStar-D,F2,2026-10-10,13:00,Clermont,Red Star,1X2,D,平局,0.29991753392068876,0.2770618556701031,0.2839185591452788,average,market_max,3.5221367810911866,3.6278008845239222,3.4,3.3,-0.03467689890605208,1.0,False,,法乙,False
20261010-F2-Clermont-RedStar-A,F2,2026-10-10,13:00,Clermont,Red Star,1X2,A,客胜 Red Star,0.3862459194277084,0.4571520618556701,0.4358802191272816,average,market_max,2.294208262082179,2.363034509944644,2.08,2.0,-0.09336914421525422,1.0,False,,法乙,False
20261010-F2-Clermont-RedStar-O25,F2,2026-10-10,13:00,Clermont,Red Star,OU25,O25,大于 2.5 球,0.35770524157316513,0.47708894878706204,0.441273836622893,average,market_max,2.266166531995386,2.334151527955248,2.0,1.94,-0.11745232675421402,1.0,False,,法乙,False
20261010-F2-Clermont-RedStar-U25,F2,2026-10-10,13:00,Clermont,Red Star,OU25,U25,小于 2.5 球,0.6422947584268348,0.522911051212938,0.558726163377107,average,market_max,1.7897855256244002,1.8434790913931323,1.8,1.77,0.005707094078792663,1.0,False,,法乙,False
20261010-F2-Clermont-RedStar-HO25,F2,2026-10-10,13:00,Clermont,Red Star,1X2+OU25,H&O25,主胜 Clermont + 大于 2.5 球,0.1386715002033686,0.15094798332003823,0.14882589463940002,average,,6.71926080083688,6.920838624861986,,,,1.0,False,8.087639725567495,法乙,False
20261010-F2-Clermont-RedStar-HU25,F2,2026-10-10,13:00,Clermont,Red Star,1X2+OU25,H&U25,主胜 Clermont + 小于 2.5 球,0.1751650464482342,0.1148380991543415,0.13137532708811012,average,,7.611779336079789,7.840132716162183,,,,1.0,False,6.387500791718105,法乙,False
20261010-F2-Clermont-RedStar-DO25,F2,2026-10-10,13:00,Clermont,Red Star,1X2+OU25,D&O25,平局 + 大于 2.5 球,0.04286358704514335,0.060075589049993765,0.05469507999849429,average,,18.283180132975932,18.83167553696521,,,,1.0,False,7.981748494418807,法乙,False
20261010-F2-Clermont-RedStar-DU25,F2,2026-10-10,13:00,Clermont,Red Star,1X2+OU25,D&U25,平局 + 小于 2.5 球,0.2570539468755454,0.21698626661965273,0.2292234791465867,average,,4.362554847012454,4.493431492422828,,,,1.0,False,6.303869430066323,法乙,False
20261010-F2-Clermont-RedStar-AO25,F2,2026-10-10,13:00,Clermont,Red Star,1X2+OU25,A&O25,客胜 Red Star + 大于 2.5 球,0.1761701543246532,0.26606537641703004,0.23775286198499865,average,,4.206048211790176,4.332229658143881,,,,1.0,False,5.199057980957933,法乙,False
20261010-F2-Clermont-RedStar-AU25,F2,2026-10-10,13:00,Clermont,Red Star,1X2+OU25,A&U25,客胜 Red Star + 小于 2.5 球,0.2100757651030552,0.1910866854389438,0.19812735714241023,average,,5.047258563496705,5.1986763204016055,,,,1.0,False,4.106140740242594,法乙,False
20261010-F2-StEtienne-Rodez-H,F2,2026-10-10,19:00,St Etienne,Rodez,1X2,H,主胜 St Etienne,0.6397195790671811,0.6656979618507994,0.6579044470157139,average,market_max,1.519977565946009,1.5655768929243894,1.42,1.38,-0.06577568523768629,1.0,False,,法乙,False
20261010-F2-StEtienne-Rodez-D,F2,2026-10-10,19:00,St Etienne,Rodez,1X2,D,平局,0.1823745755455393,0.19340277628507432,0.1900943160632138,average,market_max,5.260546557675406,5.418362954405668,5.1,4.75,-0.030518988077609666,1.0,False,,法乙,False
20261010-F2-StEtienne-Rodez-A,F2,2026-10-10,19:00,St Etienne,Rodez,1X2,A,客胜 Rodez,0.17790584538727974,0.14089926186412624,0.15200123692107229,average,market_max,6.578893831760442,6.776260646713255,7.0,6.52,0.06400865844750592,1.0,False,,法乙,False
20261010-F2-StEtienne-Rodez-O25,F2,2026-10-10,19:00,St Etienne,Rodez,OU25,O25,大于 2.5 球,0.7227759138191333,0.6560975609756098,0.6761010668286668,average,market_max,1.4790688094763997,1.523440873760692,1.45,1.41,-0.01965345309843325,1.0,False,,法乙,False
20261010-F2-StEtienne-Rodez-U25,F2,2026-10-10,19:00,St Etienne,Rodez,OU25,U25,小于 2.5 球,0.2772240861808667,0.34390243902439027,0.32389893317133317,average,market_max,3.0873828147838602,3.180004299227376,2.75,2.69,-0.10927793377883377,1.0,False,,法乙,False
20261010-F2-StEtienne-Rodez-HO25,F2,2026-10-10,19:00,St Etienne,Rodez,1X2+OU25,H&O25,主胜 St Etienne + 大于 2.5 球,0.5095539993852912,0.49056187555382064,0.4968645731779359,average,,2.0126208507964654,2.0729994763203594,,,,1.0,False,2.2481514088945995,法乙,False
20261010-F2-StEtienne-Rodez-HU25,F2,2026-10-10,19:00,St Etienne,Rodez,1X2+OU25,H&U25,主胜 St Etienne + 小于 2.5 球,0.13016557968189005,0.1751360862965301,0.16103987383750307,average,,6.209642221957077,6.3959314886157905,,,,1.0,False,4.69275261595871,法乙,False
20261010-F2-StEtienne-Rodez-DO25,F2,2026-10-10,19:00,St Etienne,Rodez,1X2+OU25,D&O25,平局 + 大于 2.5 球,0.08286799806020323,0.0722140158450679,0.07532837860361781,average,,13.275209403643965,13.673465685753284,,,,1.0,False,7.780710334256137,法乙,False
20261010-F2-StEtienne-Rodez-DU25,F2,2026-10-10,19:00,St Etienne,Rodez,1X2+OU25,D&U25,平局 + 小于 2.5 球,0.09950657748533605,0.1211887604404625,0.11476593745987693,average,,8.713386760332158,8.974788363142123,,,,1.0,False,16.24132103853744,法乙,False
20261010-F2-StEtienne-Rodez-AO25,F2,2026-10-10,19:00,St Etienne,Rodez,1X2+OU25,A&O25,客胜 Rodez + 大于 2.5 球,0.13035391637363888,0.09332166957672125,0.10390811504711307,average,,9.623887408087318,9.91260403032994,,,,1.0,False,9.730636667413547,法乙,False
20261010-F2-StEtienne-Rodez-AU25,F2,2026-10-10,19:00,St Etienne,Rodez,1X2+OU25,A&U25,客胜 Rodez + 小于 2.5 球,0.04755192901364087,0.04757759228739767,0.048093121873953176,average,,20.792994112981287,21.416783936370727,,,,1.0,False,20.311563756464725,法乙,False
20261010-G1-AEK-OFICrete-H,G1,2026-10-10,17:30,AEK,OFI Crete,1X2,H,主胜 AEK,0.7812174412183133,0.7536704132636869,0.7619345216500748,average,market_max,1.3124487361910855,1.5,1.25,1.21,-0.047581847937406496,1.0,False,,希超,False
20261010-G1-AEK-OFICrete-D,G1,2026-10-10,17:30,AEK,OFI Crete,1X2,D,平局,0.15856741655199957,0.1580487348438581,0.15820433935630052,average,market_max,6.320939135227171,6.510567309283986,6.0,5.77,-0.0507739638621969,1.0,False,,希超,False
20261010-G1-AEK-OFICrete-A,G1,2026-10-10,17:30,AEK,OFI Crete,1X2,A,客胜 OFI Crete,0.060215142229687324,0.08828085189245509,0.07986113899362476,average,market_max,12.521734758626833,12.89738680138564,12.0,10.33,-0.04166633207650283,1.0,False,,希超,False
20261010-G1-AEK-OFICrete-O25,G1,2026-10-10,17:30,AEK,OFI Crete,OU25,O25,大于 2.5 球,0.6239366997433079,0.6281407035175879,0.6268795023853038,average,market_max,1.5952028997517969,1.6430589867443508,1.5,1.48,-0.05968074642204435,1.0,False,,希超,False
20261010-G1-AEK-OFICrete-U25,G1,2026-10-10,17:30,AEK,OFI Crete,OU25,U25,小于 2.5 球,0.3760633002566921,0.37185929648241206,0.37312049761469607,average,market_max,2.6800993416144423,2.7605023218628757,2.55,2.5,-0.04854273108252505,1.0,False,,希超,False
20261010-G1-AEK-OFICrete-HO25,G1,2026-10-10,17:30,AEK,OFI Crete,1X2+OU25,H&O25,主胜 AEK + 大于 2.5 球,0.5548421825161882,0.5405870665606607,0.5449127860019335,average,,1.835156057425402,1.890210739148164,,,,1.0,False,2.0936220297476007,希超,False
20261010-G1-AEK-OFICrete-HU25,G1,2026-10-10,17:30,AEK,OFI Crete,1X2+OU25,H&U25,主胜 AEK + 小于 2.5 球,0.2263752587021249,0.2130833467040157,0.21702173564883528,average,,4.607833390560052,4.746068392276854,,,,1.0,False,3.5174929937684354,希超,False
20261010-G1-AEK-OFICrete-DO25,G1,2026-10-10,17:30,AEK,OFI Crete,1X2+OU25,D&O25,平局 + 大于 2.5 球,0.03275337585223884,0.033548478822809404,0.03330868819597235,average,,30.02219703509425,30.922862946147077,,,,1.0,False,10.083180437668997,希超,False
20261010-G1-AEK-OFICrete-DU25,G1,2026-10-10,17:30,AEK,OFI Crete,1X2+OU25,D&U25,平局 + 小于 2.5 球,0.1258140406997607,0.1245002560200804,0.12489565115964864,average,,8.006683905444744,8.246884422608087,,,,1.0,False,16.9407448147073,希超,False
20261010-G1-AEK-OFICrete-AO25,G1,2026-10-10,17:30,AEK,OFI Crete,1X2+OU25,A&O25,客胜 OFI Crete + 大于 2.5 球,0.03634114137488076,0.05400515813411783,0.04865802818739806,average,,20.55159317489544,21.168140970142304,,,,1.0,False,19.974707596884393,希超,False
20261010-G1-AEK-OFICrete-AU25,G1,2026-10-10,17:30,AEK,OFI Crete,1X2+OU25,A&U25,客胜 OFI Crete + 小于 2.5 球,0.023874000854806572,0.034275693758315906,0.031203110806212225,average,,32.048086686309176,33.009529286898456,,,,1.0,False,33.55949308246645,希超,False
20261010-G1-AsterasTripolis-Atromitos-H,G1,2026-10-10,17:30,Asteras Tripolis,Atromitos,1X2,H,主胜 Asteras Tripolis,0.30619422402821517,0.39836740347034977,0.3707154496377094,average,market_max,2.697486713805087,2.77841131521924,2.35,2.29,-0.12881869335138285,1.0,False,,希超,False
20261010-G1-AsterasTripolis-Atromitos-D,G1,2026-10-10,17:30,Asteras Tripolis,Atromitos,1X2,D,平局,0.3212395935875887,0.2923914595984297,0.3010458997951774,average,market_max,3.321752598790982,3.4214051767547113,3.25,3.12,-0.021600825665673562,1.0,False,,希超,False
20261010-G1-AsterasTripolis-Atromitos-A,G1,2026-10-10,17:30,Asteras Tripolis,Atromitos,1X2,A,客胜 Atromitos,0.37256618238419614,0.30924113693122063,0.32823865056711327,average,market_max,3.0465638287028454,3.137960743563931,3.1,2.95,0.017539816758051163,1.0,False,,希超,False
20261010-G1-AsterasTripolis-Atromitos-O25,G1,2026-10-10,17:30,Asteras Tripolis,Atromitos,OU25,O25,大于 2.5 球,0.4082707522812878,0.41732283464566927,0.4146072099363548,average,market_max,2.4119213945978104,2.4842790364357445,2.25,2.22,-0.06713377764320172,1.0,False,,希超,False
20261010-G1-AsterasTripolis-Atromitos-U25,G1,2026-10-10,17:30,Asteras Tripolis,Atromitos,OU25,U25,小于 2.5 球,0.5917292477187122,0.5826771653543307,0.5853927900636451,average,market_max,1.7082547256710798,1.7595023674412122,1.65,1.59,-0.03410189639498562,1.0,False,,希超,False
20261010-G1-AsterasTripolis-Atromitos-HO25,G1,2026-10-10,17:30,Asteras Tripolis,Atromitos,1X2+OU25,H&O25,主胜 Asteras Tripolis + 大于 2.5 球,0.15971187783719915,0.20738312095549394,0.19310027770290958,average,,5.178656457131197,5.334016150845133,,,,1.0,False,6.506125916669831,希超,False
20261010-G1-AsterasTripolis-Atromitos-HU25,G1,2026-10-10,17:30,Asteras Tripolis,Atromitos,1X2+OU25,H&U25,主胜 Asteras Tripolis + 小于 2.5 球,0.146482346191016,0.19098428251438443,0.17761517193441761,average,,5.630149660690241,5.799054150510948,,,,1.0,False,4.607994426292492,希超,False
20261010-G1-AsterasTripolis-Atromitos-DO25,G1,2026-10-10,17:30,Asteras Tripolis,Atromitos,1X2+OU25,D&O25,平局 + 大于 2.5 球,0.05118568832361601,0.046429128893414794,0.04785219821760051,average,,20.897681553784714,21.524612000398257,,,,1.0,False,8.011806160584845,希超,False
20261010-G1-AsterasTripolis-Atromitos-DU25,G1,2026-10-10,17:30,Asteras Tripolis,Atromitos,1X2+OU25,D&U25,平局 + 小于 2.5 球,0.2700539052639727,0.2459623307058811,0.2531937015783235,average,,3.9495453234671314,4.068031683171146,,,,1.0,False,5.674399574394886,希超,False
20261010-G1-AsterasTripolis-Atromitos-AO25,G1,2026-10-10,17:30,Asteras Tripolis,Atromitos,1X2+OU25,A&O25,客胜 Atromitos + 大于 2.5 球,0.1973731861204726,0.1635105847967606,0.17365473401584477,average,,5.7585530602854575,5.931309652094021,,,,1.0,False,7.348072478456212,希超,False
20261010-G1-AsterasTripolis-Atromitos-AU25,G1,2026-10-10,17:30,Asteras Tripolis,Atromitos,1X2+OU25,A&U25,客胜 Atromitos + 小于 2.5 球,0.17519299626372356,0.14573055213406522,0.15458391655090403,average,,6.468978289023379,6.66304763769408,,,,1.0,False,5.2043070574402135,希超,False
20261010-I1-Genoa-Fiorentina-H,I1,2026-10-10,14:00,Genoa,Fiorentina,1X2,H,主胜 Genoa,0.324625508187091,0.2961785988729508,0.30471267166719285,average,market_max,3.2817801587595277,3.3802335635223137,3.3,3.18,0.005551816501736306,1.0,False,,意甲,False
20261010-I1-Genoa-Fiorentina-D,I1,2026-10-10,14:00,Genoa,Fiorentina,1X2,D,平局,0.27261565449815117,0.288910412397541,0.284021985027724,average,market_max,3.520854203953218,3.6264798300718146,3.4,3.26,-0.03432525090573835,1.0,False,,意甲,False
20261010-I1-Genoa-Fiorentina-A,I1,2026-10-10,14:00,Genoa,Fiorentina,1X2,A,客胜 Fiorentina,0.4027588373147577,0.41491098872950816,0.41126534330508296,average,market_max,2.431520224786324,2.5044658315299135,2.35,2.27,-0.03352644323305498,1.0,False,,意甲,False
20261010-I1-Genoa-Fiorentina-O25,I1,2026-10-10,14:00,Genoa,Fiorentina,OU25,O25,大于 2.5 球,0.44172508503612723,0.46419098143236076,0.4574512125134907,average,market_max,2.186025465984548,2.2516062299640844,2.1,2.02,-0.03935245372166951,1.0,False,,意甲,False
20261010-I1-Genoa-Fiorentina-U25,I1,2026-10-10,14:00,Genoa,Fiorentina,OU25,U25,小于 2.5 球,0.5582749149638728,0.5358090185676393,0.5425487874865094,average,market_max,1.843152216103451,1.8984467825865545,1.78,1.75,-0.03426315827401327,1.0,False,,意甲,False
20261010-I1-Genoa-Fiorentina-HO25,I1,2026-10-10,14:00,Genoa,Fiorentina,1X2+OU25,H&O25,主胜 Genoa + 大于 2.5 球,0.16913568297876985,0.16325646384985595,0.165204090786869,average,,6.053118873975749,6.234712440195022,,,,1.0,False,7.174055000811141,意甲,False
20261010-I1-Genoa-Fiorentina-HU25,I1,2026-10-10,14:00,Genoa,Fiorentina,1X2+OU25,H&U25,主胜 Genoa + 小于 2.5 球,0.15548982520832122,0.13292213502320097,0.13950858088038245,average,,7.168017864488355,7.383058400423006,,,,1.0,False,6.048820372381958,意甲,False
20261010-I1-Genoa-Fiorentina-DO25,I1,2026-10-10,14:00,Genoa,Fiorentina,1X2+OU25,D&O25,平局 + 大于 2.5 球,0.05667149621654393,0.06604098322628658,0.06311349562202126,average,,15.8444717749255,16.319805928173267,,,,1.0,False,7.696676951860487,意甲,False
20261010-I1-Genoa-Fiorentina-DU25,I1,2026-10-10,14:00,Genoa,Fiorentina,1X2+OU25,D&U25,平局 + 小于 2.5 球,0.21594415828160718,0.22286942917097413,0.22090848940555127,average,,4.5267612969104425,4.662564135817756,,,,1.0,False,6.489470228593525,意甲,False
20261010-I1-Genoa-Fiorentina-AO25,I1,2026-10-10,14:00,Genoa,Fiorentina,1X2+OU25,A&O25,客胜 Fiorentina + 大于 2.5 球,0.21591790584081336,0.23489353435621824,0.2291336261046004,average,,4.364265590348124,4.495193558058567,,,,1.0,False,5.315365132439377,意甲,False
20261010-I1-Genoa-Fiorentina-AU25,I1,2026-10-10,14:00,Genoa,Fiorentina,1X2+OU25,A&U25,客胜 Fiorentina + 小于 2.5 球,0.18684093147394443,0.18001745437346414,0.18213171720057558,average,,5.4905318819277005,5.655247838385532,,,,1.0,False,4.481661890815274,意甲,False
20261010-I1-Inter-Parma-H,I1,2026-10-10,17:00,Inter,Parma,1X2,H,主胜 Inter,0.7647634668473542,0.8327705123169913,0.8123683986761001,average,market_max,1.2309686118141463,1.5,1.16,1.13,-0.057652657535723906,1.0,False,,意甲,False
20261010-I1-Inter-Parma-D,I1,2026-10-10,17:00,Inter,Parma,1X2,D,平局,0.15172596048803763,0.11229483041983294,0.12412416944029435,average,market_max,8.056448671594257,8.298142131742086,9.0,8.38,0.11711752496264904,1.0,False,,意甲,False
20261010-I1-Inter-Parma-A,I1,2026-10-10,17:00,Inter,Parma,1X2,A,客胜 Parma,0.08351057266460828,0.05493465726317572,0.06350743188360548,average,market_max,15.746188600930518,16.218574258958434,21.0,17.13,0.33365606955571514,1.0,False,,意甲,False
20261010-I1-Inter-Parma-O25,I1,2026-10-10,17:00,Inter,Parma,OU25,O25,大于 2.5 球,0.6125831265848463,0.7037861915367484,0.6764252720511778,average,market_max,1.4783599036263402,1.5227107007351304,1.36,1.33,-0.08006163001039823,1.0,False,,意甲,False
20261010-I1-Inter-Parma-U25,I1,2026-10-10,17:00,Inter,Parma,OU25,U25,小于 2.5 球,0.38741687341515374,0.2962138084632517,0.3235747279488223,average,market_max,3.0904762134518844,3.1831904998554412,3.3,3.16,0.06779660223111361,1.0,True,,意甲,False
20261010-I1-Inter-Parma-HO25,I1,2026-10-10,17:00,Inter,Parma,1X2+OU25,H&O25,主胜 Inter + 大于 2.5 球,0.5309660514033481,0.6346499621406115,0.6027660972987617,average,,1.6590183231628384,1.7087888728577236,,,,1.0,False,1.8198146383286111,意甲,False
20261010-I1-Inter-Parma-HU25,I1,2026-10-10,17:00,Inter,Parma,1X2+OU25,H&U25,主胜 Inter + 小于 2.5 球,0.23379741544400612,0.19812055017648408,0.20960230137747274,average,,4.770939982186074,4.914068181651657,,,,1.0,False,3.8042792143175057,意甲,False
20261010-I1-Inter-Parma-DO25,I1,2026-10-10,17:00,Inter,Parma,1X2+OU25,D&O25,平局 + 大于 2.5 球,0.037309079815197266,0.03537745436327669,0.036273841055139526,average,,27.568075806471924,28.395118080666084,,,,1.0,False,11.910330681708643,意甲,False
20261010-I1-Inter-Parma-DU25,I1,2026-10-10,17:00,Inter,Parma,1X2+OU25,D&U25,平局 + 小于 2.5 球,0.11441688067284034,0.07691737605646269,0.08785032838503465,average,,11.382996721618978,11.724486623267547,,,,1.0,False,24.89826298445809,意甲,False
20261010-I1-Inter-Parma-AO25,I1,2026-10-10,17:00,Inter,Parma,1X2+OU25,A&O25,客胜 Parma + 大于 2.5 球,0.044307995366300874,0.033758775032860226,0.037385333697276514,average,,26.74845724522312,27.550910962579813,,,,1.0,False,23.278533862553815,意甲,False
20261010-I1-Inter-Parma-AU25,I1,2026-10-10,17:00,Inter,Parma,1X2+OU25,A&U25,客胜 Parma + 小于 2.5 球,0.039202577298307395,0.021175882230305,0.026122098186314925,average,,38.28176407834991,39.43021700070041,,,,1.0,False,48.66322132370297,意甲,False
20261009-I2-Avellino-Sampdoria-H,I2,2026-10-09,19:30,Avellino,Sampdoria,1X2,H,主胜 Avellino,0.4532843138642976,0.35383398384867476,0.3836690828533616,average,market_max,2.6064127778109247,2.6846051611452526,2.7,2.59,0.03590652370407632,1.0,True,,意乙,False
20261009-I2-Avellino-Sampdoria-D,I2,2026-10-09,19:30,Avellino,Sampdoria,1X2,D,平局,0.31077903028997955,0.2881855403044238,0.2949635873000905,average,market_max,3.390248976673241,3.4919564459734387,3.3,3.18,-0.026620161909701512,1.0,False,,意乙,False
20261009-I2-Avellino-Sampdoria-A,I2,2026-10-09,19:30,Avellino,Sampdoria,1X2,A,客胜 Sampdoria,0.23593665584572282,0.3579804758469014,0.3213673298465478,average,market_max,3.1117039820989203,3.205055101561888,2.7,2.56,-0.13230820941432087,1.0,False,,意乙,False
20261009-I2-Avellino-Sampdoria-O25,I2,2026-10-09,19:30,Avellino,Sampdoria,OU25,O25,大于 2.5 球,0.366185598281336,0.4716981132075471,0.4400443587296837,average,market_max,2.272498170154462,2.3406731152590963,2.05,1.96,-0.09790906460414839,1.0,False,,意乙,False
20261009-I2-Avellino-Sampdoria-U25,I2,2026-10-09,19:30,Avellino,Sampdoria,OU25,U25,小于 2.5 球,0.633814401718664,0.5283018867924527,0.559955641270316,average,market_max,1.7858557469505956,1.8394314193591135,1.83,1.75,0.024718823524678468,1.0,False,,意乙,False
20261009-I2-Avellino-Sampdoria-HO25,I2,2026-10-09,19:30,Avellino,Sampdoria,1X2+OU25,H&O25,主胜 Avellino + 大于 2.5 球,0.2194285618880145,0.21261128764256362,0.2175929567927838,average,,4.595736988639349,4.733609098298529,,,,1.0,False,5.9230682682425355,意乙,False
20261009-I2-Avellino-Sampdoria-HU25,I2,2026-10-09,19:30,Avellino,Sampdoria,1X2+OU25,H&U25,主胜 Avellino + 小于 2.5 球,0.23385575197628322,0.14122269620634803,0.1660761260606996,average,,6.021335057120175,6.20197510883378,,,,1.0,False,4.654677238179105,意乙,False
20261009-I2-Avellino-Sampdoria-DO25,I2,2026-10-09,19:30,Avellino,Sampdoria,1X2+OU25,D&O25,平局 + 大于 2.5 球,0.040917307208725655,0.05639056977975479,0.05153770115712957,average,,19.40327134404331,19.98536948436461,,,,1.0,False,7.704334595857978,意乙,False
20261009-I2-Avellino-Sampdoria-DU25,I2,2026-10-09,19:30,Avellino,Sampdoria,1X2+OU25,D&U25,平局 + 小于 2.5 球,0.2698617230812539,0.23179497052425665,0.24342588614276556,average,,4.108026536723853,4.231267332825568,,,,1.0,False,6.054495618585284,意乙,False
20261009-I2-Avellino-Sampdoria-AO25,I2,2026-10-09,19:30,Avellino,Sampdoria,1X2+OU25,A&O25,客胜 Sampdoria + 大于 2.5 球,0.10583972918459586,0.20269625578522876,0.1709137007797705,average,,5.85090601536118,6.026433195822015,,,,1.0,False,7.07134160538215,意乙,False
20261009-I2-Avellino-Sampdoria-AU25,I2,2026-10-09,19:30,Avellino,Sampdoria,1X2+OU25,A&U25,客胜 Sampdoria + 小于 2.5 球,0.130096926661127,0.15528422006184803,0.150453629066851,average,,6.646566162625897,6.8459631475046745,,,,1.0,False,5.55705443924041,意乙,False
20261010-I2-Empoli-Palermo-H,I2,2026-10-10,14:00,Empoli,Palermo,1X2,H,主胜 Empoli,0.25332349007101274,0.26434542238811215,0.26103884269298233,average,market_max,3.830847507917195,3.9457729331547107,3.7,3.47,-0.034156282035965324,1.0,False,,意乙,False
20261010-I2-Empoli-Palermo-D,I2,2026-10-10,14:00,Empoli,Palermo,1X2,D,平局,0.29193445195281736,0.26283054890737795,0.27156171982100974,average,market_max,3.6824041350861765,3.792876259138762,3.6,3.49,-0.022377808644364894,1.0,False,,意乙,False
20261010-I2-Empoli-Palermo-A,I2,2026-10-10,14:00,Empoli,Palermo,1X2,A,客胜 Palermo,0.45474205797616973,0.4728240287045099,0.4673994374860079,average,market_max,2.1394976540380113,2.203682583659152,1.98,1.94,-0.07454911377770446,1.0,False,,意乙,False
20261010-I2-Empoli-Palermo-O25,I2,2026-10-10,14:00,Empoli,Palermo,OU25,O25,大于 2.5 球,0.4373896478967062,0.5335120643431636,0.5046753394092263,average,market_max,1.9814718927431674,2.0409160495254626,1.8,1.74,-0.09158438906339272,1.0,False,,意乙,False
20261010-I2-Empoli-Palermo-U25,I2,2026-10-10,14:00,Empoli,Palermo,OU25,U25,小于 2.5 球,0.5626103521032938,0.46648793565683644,0.4953246605907736,average,market_max,2.0188778786166233,2.079444214975122,2.0,1.99,-0.009350678818452751,1.0,False,,意乙,False
20261010-I2-Empoli-Palermo-HO25,I2,2026-10-10,14:00,Empoli,Palermo,1X2+OU25,H&O25,主胜 Empoli + 大于 2.5 球,0.13263618539346336,0.16335882639655458,0.1540941887489919,average,,6.489537393450486,6.684223515254001,,,,1.0,False,7.590716662323131,意乙,False
20261010-I2-Empoli-Palermo-HU25,I2,2026-10-10,14:00,Empoli,Palermo,1X2+OU25,H&U25,主胜 Empoli + 小于 2.5 球,0.12068730467754944,0.10098659599161632,0.1069446539440251,average,,9.350631033164133,9.631149964159057,,,,1.0,False,7.734013290087644,意乙,False
20261010-I2-Empoli-Palermo-DO25,I2,2026-10-10,14:00,Empoli,Palermo,1X2+OU25,D&O25,平局 + 大于 2.5 球,0.05287389922074949,0.06454952030488505,0.061044636318571016,average,,16.381455608668762,16.872899276928827,,,,1.0,False,7.296580291394473,意乙,False
20261010-I2-Empoli-Palermo-DU25,I2,2026-10-10,14:00,Empoli,Palermo,1X2+OU25,D&U25,平局 + 小于 2.5 球,0.23906055273206783,0.19828102860229382,0.21051708350232107,average,,4.75020831261409,4.892714561992513,,,,1.0,False,7.434324248451862,意乙,False
20261010-I2-Empoli-Palermo-AO25,I2,2026-10-10,14:00,Empoli,Palermo,1X2+OU25,A&O25,客胜 Palermo + 大于 2.5 球,0.2518795632824935,0.3056037176417239,0.28953651434166344,average,,3.453795809740129,3.5574096840323333,,,,1.0,False,4.239354466066264,意乙,False
20261010-I2-Empoli-Palermo-AU25,I2,2026-10-10,14:00,Empoli,Palermo,1X2+OU25,A&U25,客胜 Palermo + 小于 2.5 球,0.20286249469367623,0.16722031106292629,0.1778629231444275,average,,5.622307237062467,5.7909764541743405,,,,1.0,False,4.319384485089503,意乙,False
20261010-I2-VirtusEntella-JuveStabia-H,I2,2026-10-10,14:00,Virtus Entella,Juve Stabia,1X2,H,主胜 Virtus Entella,0.3631934744927269,0.448780977224842,0.42310472640520747,average,market_max,2.363481042852497,2.4343854741380717,2.15,2.05,-0.090324838228804,1.0,False,,意乙,False
20261010-I2-VirtusEntella-JuveStabia-D,I2,2026-10-10,14:00,Virtus Entella,Juve Stabia,1X2,D,平局,0.33488504324224094,0.2920638105748971,0.30491018037510026,average,market_max,3.2796543518809402,3.3780439824373683,3.25,3.15,-0.009041913780924116,1.0,False,,意乙,False
20261010-I2-VirtusEntella-JuveStabia-A,I2,2026-10-10,14:00,Virtus Entella,Juve Stabia,1X2,A,客胜 Juve Stabia,0.3019214822650321,0.2591552122002609,0.2719850932196922,average,market_max,3.676672085820026,3.7869722483946267,4.0,3.55,0.08794037287876888,1.0,True,,意乙,False
20261010-I2-VirtusEntella-JuveStabia-O25,I2,2026-10-10,14:00,Virtus Entella,Juve Stabia,OU25,O25,大于 2.5 球,0.3211580266581817,0.448,0.4099474079974545,average,market_max,2.439337291787949,2.5125174105415873,2.1,2.07,-0.1391104432053455,1.0,False,,意乙,False
20261010-I2-VirtusEntella-JuveStabia-U25,I2,2026-10-10,14:00,Virtus Entella,Juve Stabia,OU25,U25,小于 2.5 球,0.6788419733418183,0.5519999999999999,0.5900525920025455,average,market_max,1.6947641846740436,1.745607110214265,1.7,1.68,0.0030894064043271996,1.0,False,,意乙,False
20261010-I2-VirtusEntella-JuveStabia-HO25,I2,2026-10-10,14:00,Virtus Entella,Juve Stabia,1X2+OU25,H&O25,主胜 Virtus Entella + 大于 2.5 球,0.15668897643267465,0.2531128128231962,0.2225290574106724,average,,4.493795154825657,4.628609009470427,,,,1.0,False,5.765327446263966,意乙,False
20261010-I2-VirtusEntella-JuveStabia-HU25,I2,2026-10-10,14:00,Virtus Entella,Juve Stabia,1X2+OU25,H&U25,主胜 Virtus Entella + 小于 2.5 球,0.20650449806005222,0.1956681644019163,0.20057566899464577,average,,4.985649580591424,5.135219068009167,,,,1.0,False,4.0055430225824695,意乙,False
20261010-I2-VirtusEntella-JuveStabia-DO25,I2,2026-10-10,14:00,Virtus Entella,Juve Stabia,1X2+OU25,D&O25,平局 + 大于 2.5 球,0.03722929846744382,0.051332088850284514,0.04714121423976837,average,,21.212860468842127,21.84924628290739,,,,1.0,False,8.000183164717814,意乙,False
20261010-I2-VirtusEntella-JuveStabia-DU25,I2,2026-10-10,14:00,Virtus Entella,Juve Stabia,1X2+OU25,D&U25,平局 + 小于 2.5 球,0.29765574477479717,0.2407317217241994,0.25776896613515643,average,,3.8794429562000428,3.9958262448860444,,,,1.0,False,5.55824073367818,意乙,False
20261010-I2-VirtusEntella-JuveStabia-AO25,I2,2026-10-10,14:00,Virtus Entella,Juve Stabia,1X2+OU25,A&O25,客胜 Juve Stabia + 大于 2.5 球,0.12723975175806326,0.14355509832651928,0.14027713634701375,average,,7.128745468015738,7.34260783205621,,,,1.0,False,8.968643328616572,意乙,False
20261010-I2-VirtusEntella-JuveStabia-AU25,I2,2026-10-10,14:00,Virtus Entella,Juve Stabia,1X2+OU25,A&U25,客胜 Juve Stabia + 小于 2.5 球,0.17468173050696886,0.11560011387388429,0.13170795687274342,average,,7.592555709950028,7.820332381248528,,,,1.0,False,6.2310921698385915,意乙,False
20261009-N1-PSVEindhoven-Heerenveen-H,N1,2026-10-09,19:00,PSV Eindhoven,Heerenveen,1X2,H,主胜 PSV Eindhoven,0.7662762831077037,0.7351837177294908,0.7445114873429546,average,market_max,1.3431626200541835,1.5,1.3,1.26,-0.03213506645415898,1.0,False,,荷甲,False
20261009-N1-PSVEindhoven-Heerenveen-D,N1,2026-10-09,19:00,PSV Eindhoven,Heerenveen,1X2,D,平局,0.13569115982759128,0.1445134920965926,0.1418667924158922,average,market_max,7.04886593240532,7.26033191037748,7.0,6.41,-0.006932453088754564,1.0,False,,荷甲,False
20261009-N1-PSVEindhoven-Heerenveen-A,N1,2026-10-09,19:00,PSV Eindhoven,Heerenveen,1X2,A,客胜 Heerenveen,0.09803255706470515,0.12030279017391667,0.1136217202411532,average,market_max,8.801134130671304,9.065168154591444,8.5,7.7,-0.0342153779501978,1.0,False,,荷甲,False
20261009-N1-PSVEindhoven-Heerenveen-O25,N1,2026-10-09,19:00,PSV Eindhoven,Heerenveen,OU25,O25,大于 2.5 球,0.8199360900891337,0.8027210884353742,0.807885588931502,average,market_max,1.2377990320666392,1.5,1.19,1.16,-0.03861614917151268,1.0,False,,荷甲,False
20261009-N1-PSVEindhoven-Heerenveen-U25,N1,2026-10-09,19:00,PSV Eindhoven,Heerenveen,OU25,U25,小于 2.5 球,0.1800639099108663,0.19727891156462585,0.19211441106849797,average,market_max,5.205231582775184,5.36138853025844,5.5,4.72,0.05662926087673892,1.0,False,,荷甲,False
20261009-N1-PSVEindhoven-Heerenveen-HO25,N1,2026-10-09,19:00,PSV Eindhoven,Heerenveen,1X2+OU25,H&O25,主胜 PSV Eindhoven + 大于 2.5 球,0.6707690581637166,0.6358653251728366,0.6462589374803607,average,,1.5473673817166966,1.5937884031681975,,,,1.0,False,1.6625653910111597,荷甲,False
20261009-N1-PSVEindhoven-Heerenveen-HU25,N1,2026-10-09,19:00,PSV Eindhoven,Heerenveen,1X2+OU25,H&U25,主胜 PSV Eindhoven + 小于 2.5 球,0.095507224943987,0.0993183925565407,0.09825254986196337,average,,10.177852904631141,10.483188491770077,,,,1.0,False,6.991472490709101,荷甲,False
20261009-N1-PSVEindhoven-Heerenveen-DO25,N1,2026-10-09,19:00,PSV Eindhoven,Heerenveen,1X2+OU25,D&O25,平局 + 大于 2.5 球,0.06881752019689533,0.06994844142829147,0.06962445310095627,average,,14.362769910019807,14.793653007320401,,,,1.0,False,8.725079428298814,荷甲,False
20261009-N1-PSVEindhoven-Heerenveen-DU25,N1,2026-10-09,19:00,PSV Eindhoven,Heerenveen,1X2+OU25,D&U25,平局 + 小于 2.5 球,0.06687363963069595,0.07456505066841548,0.07224233931556949,average,,13.842298151943739,14.25756709650205,,,,1.0,False,36.69097957410422,荷甲,False
20261009-N1-PSVEindhoven-Heerenveen-AO25,N1,2026-10-09,19:00,PSV Eindhoven,Heerenveen,1X2+OU25,A&O25,客胜 Heerenveen + 大于 2.5 球,0.0803495117285217,0.09690732183424614,0.09200219835018511,average,,10.869305494133206,11.195384658957202,,,,1.0,False,10.894035308033603,荷甲,False
20261009-N1-PSVEindhoven-Heerenveen-AU25,N1,2026-10-09,19:00,PSV Eindhoven,Heerenveen,1X2+OU25,A&U25,客胜 Heerenveen + 小于 2.5 球,0.01768304533618345,0.02339546833966971,0.021619521890965176,average,,46.25449189132629,47.64212664806608,,,,1.0,False,45.81194134121088,荷甲,False
20261010-N1-GoAheadEagles-SpartaRotterdam-H,N1,2026-10-10,15:30,Go Ahead Eagles,Sparta Rotterdam,1X2,H,主胜 Go Ahead Eagles,0.567652955569402,0.5340599455040871,0.5441378485236815,average,market_max,1.8377696069353258,1.8929026951433856,1.78,1.74,-0.03143462962784682,1.0,False,,荷甲,False
20261010-N1-GoAheadEagles-SpartaRotterdam-D,N1,2026-10-10,15:30,Go Ahead Eagles,Sparta Rotterdam,1X2,D,平局,0.23258846455030044,0.22888283378746596,0.2299945230163163,average,market_max,4.347929624085257,4.478367512807814,4.2,4.06,-0.03402300333147157,1.0,False,,荷甲,False
20261010-N1-GoAheadEagles-SpartaRotterdam-A,N1,2026-10-10,15:30,Go Ahead Eagles,Sparta Rotterdam,1X2,A,客胜 Sparta Rotterdam,0.19975857988029766,0.23705722070844687,0.22586762846000208,average,market_max,4.427371938237203,4.56019309638432,4.25,3.92,-0.04006257904499111,1.0,False,,荷甲,False
20261010-N1-GoAheadEagles-SpartaRotterdam-O25,N1,2026-10-10,15:30,Go Ahead Eagles,Sparta Rotterdam,OU25,O25,大于 2.5 球,0.6148440264246986,0.6784037558685446,0.6593358370353908,average,market_max,1.5166777593894438,1.5621780921711272,1.42,1.37,-0.06374311140974509,1.0,False,,荷甲,False
20261010-N1-GoAheadEagles-SpartaRotterdam-U25,N1,2026-10-10,15:30,Go Ahead Eagles,Sparta Rotterdam,OU25,U25,小于 2.5 球,0.3851559735753014,0.3215962441314554,0.34066416296460916,average,market_max,2.9354423174353323,3.023505586958392,3.0,2.89,0.021992488893827433,1.0,False,,荷甲,False
20261010-N1-GoAheadEagles-SpartaRotterdam-HO25,N1,2026-10-10,15:30,Go Ahead Eagles,Sparta Rotterdam,1X2+OU25,H&O25,主胜 Go Ahead Eagles + 大于 2.5 球,0.40689615550243663,0.41459974402654715,0.412969321560132,average,,2.4214873788255264,2.4941320001902922,,,,1.0,False,2.7873042897206886,荷甲,False
20261010-N1-GoAheadEagles-SpartaRotterdam-HU25,N1,2026-10-10,15:30,Go Ahead Eagles,Sparta Rotterdam,1X2+OU25,H&U25,主胜 Go Ahead Eagles + 小于 2.5 球,0.16075680006696536,0.11946020147830122,0.13116852696411488,average,,7.623780057189941,7.852493458905639,,,,1.0,False,5.394666673894452,荷甲,False
20261010-N1-GoAheadEagles-SpartaRotterdam-DO25,N1,2026-10-10,15:30,Go Ahead Eagles,Sparta Rotterdam,1X2+OU25,D&O25,平局 + 大于 2.5 球,0.07340441220059081,0.08866064718600156,0.08383478807659471,average,,11.928222435373264,12.286069108434463,,,,1.0,False,6.594408160240614,荷甲,False
20261010-N1-GoAheadEagles-SpartaRotterdam-DU25,N1,2026-10-10,15:30,Go Ahead Eagles,Sparta Rotterdam,1X2+OU25,D&U25,平局 + 小于 2.5 球,0.15918405234970964,0.1402221866004948,0.14615973493901452,average,,6.841829594294572,7.04708448212341,,,,1.0,False,12.763096611770559,荷甲,False
20261010-N1-GoAheadEagles-SpartaRotterdam-AO25,N1,2026-10-10,15:30,Go Ahead Eagles,Sparta Rotterdam,1X2+OU25,A&O25,客胜 Sparta Rotterdam + 大于 2.5 球,0.13454345872167103,0.17514336465599595,0.1625317273986642,average,,6.152644877434673,6.337224223757714,,,,1.0,False,6.714896551269302,荷甲,False
20261010-N1-GoAheadEagles-SpartaRotterdam-AU25,N1,2026-10-10,15:30,Go Ahead Eagles,Sparta Rotterdam,1X2+OU25,A&U25,客胜 Sparta Rotterdam + 小于 2.5 球,0.06521512115862663,0.061913856052659436,0.06333590106147981,average,,15.788833556331749,16.2624985630217,,,,1.0,False,12.996294942527175,荷甲,False
20261010-N1-Feyenoord-AZAlkmaar-H,N1,2026-10-10,17:45,Feyenoord,AZ Alkmaar,1X2,H,主胜 Feyenoord,0.5426599614075709,0.5172586293146573,0.5248790289425314,average,market_max,1.905200903177043,1.9623569302723542,1.84,1.8,-0.0342225867457423,1.0,False,,荷甲,False
20261010-N1-Feyenoord-AZAlkmaar-D,N1,2026-10-10,17:45,Feyenoord,AZ Alkmaar,1X2,D,平局,0.23516271211174813,0.2351175587793897,0.2351311047790972,average,market_max,4.252946461249726,4.380534855087218,4.2,3.96,-0.012449359927791726,1.0,False,,荷甲,False
20261010-N1-Feyenoord-AZAlkmaar-A,N1,2026-10-10,17:45,Feyenoord,AZ Alkmaar,1X2,A,客胜 AZ Alkmaar,0.2221773264806809,0.24762381190595295,0.23998986627837132,average,market_max,4.166842606762698,4.291847884965579,4.0,3.76,-0.04004053488651471,1.0,False,,荷甲,False
20261010-N1-Feyenoord-AZAlkmaar-O25,N1,2026-10-10,17:45,Feyenoord,AZ Alkmaar,OU25,O25,大于 2.5 球,0.6305407808434499,0.669833729216152,0.6580458447043414,average,market_max,1.5196509605638464,1.5652404893807619,1.45,1.39,-0.04583352517870509,1.0,False,,荷甲,False
20261010-N1-Feyenoord-AZAlkmaar-U25,N1,2026-10-10,17:45,Feyenoord,AZ Alkmaar,OU25,U25,小于 2.5 球,0.3694592191565501,0.33016627078384797,0.3419541552956586,average,market_max,2.9243686164169733,3.0120996749094826,3.0,2.82,0.025862465886975716,1.0,False,,荷甲,False
20261010-N1-Feyenoord-AZAlkmaar-HO25,N1,2026-10-10,17:45,Feyenoord,AZ Alkmaar,1X2+OU25,H&O25,主胜 Feyenoord + 大于 2.5 球,0.3963646451140846,0.3971483613238607,0.39721351501268015,average,,2.5175377025327985,2.5930638336087823,,,,1.0,False,2.8952403825801007,荷甲,False
20261010-N1-Feyenoord-AZAlkmaar-HU25,N1,2026-10-10,17:45,Feyenoord,AZ Alkmaar,1X2+OU25,H&U25,主胜 Feyenoord + 小于 2.5 球,0.1462953162934864,0.12011026799115725,0.12766551393010866,average,,7.832968898299792,8.067957965248786,,,,1.0,False,5.571509729220217,荷甲,False
20261010-N1-Feyenoord-AZAlkmaar-DO25,N1,2026-10-10,17:45,Feyenoord,AZ Alkmaar,1X2+OU25,D&O25,平局 + 大于 2.5 球,0.07972714438247044,0.09051748409344948,0.0871601808309441,average,,11.473129019082696,11.817322889655177,,,,1.0,False,6.4629941750647575,荷甲,False
20261010-N1-Feyenoord-AZAlkmaar-DU25,N1,2026-10-10,17:45,Feyenoord,AZ Alkmaar,1X2+OU25,D&U25,平局 + 小于 2.5 球,0.1554355677292777,0.14460007468546357,0.14797092394781738,average,,6.758084448757342,6.960826982220063,,,,1.0,False,12.437183158580325,荷甲,False
20261010-N1-Feyenoord-AZAlkmaar-AO25,N1,2026-10-10,17:45,Feyenoord,AZ Alkmaar,1X2+OU25,A&O25,客胜 AZ Alkmaar + 大于 2.5 球,0.15444899134689485,0.18216788379884183,0.17367214886071708,average,,5.757975625683009,5.930714894453499,,,,1.0,False,6.332146369885295,荷甲,False
20261010-N1-Feyenoord-AZAlkmaar-AU25,N1,2026-10-10,17:45,Feyenoord,AZ Alkmaar,1X2+OU25,A&U25,客胜 AZ Alkmaar + 小于 2.5 球,0.06772833513378607,0.06545592810722713,0.06631771741773249,average,,15.078926702212057,15.531294503278419,,,,1.0,False,12.185383748765926,荷甲,False
20261010-N1-ForSittard-Twente-H,N1,2026-10-10,19:00,For Sittard,Twente,1X2,H,主胜 For Sittard,0.2349693409491131,0.15144027430106394,0.17649899429547866,average,market_max,5.66575466331491,5.835727303214358,6.75,6.16,0.19136821149448102,1.0,False,,荷甲,False
20261010-N1-ForSittard-Twente-D,N1,2026-10-10,19:00,For Sittard,Twente,1X2,D,平局,0.2544357333700595,0.18694831456804684,0.20719454020865063,average,market_max,4.826382003082573,4.971173463175051,5.25,4.99,0.08777133609541576,1.0,True,,荷甲,False
20261010-N1-ForSittard-Twente-A,N1,2026-10-10,19:00,For Sittard,Twente,1X2,A,客胜 Twente,0.5105949256808275,0.6616114111308893,0.6163064654958708,average,market_max,1.6225693806334083,1.6712464620524106,1.45,1.41,-0.10635562503098739,1.0,False,,荷甲,False
20261010-N1-ForSittard-Twente-O25,N1,2026-10-10,19:00,For Sittard,Twente,OU25,O25,大于 2.5 球,0.5671469877794604,0.6896551724137931,0.6529027170234933,average,market_max,1.5316217468949775,1.5775703993018269,1.4,1.35,-0.08593619616710935,1.0,False,,荷甲,False
20261010-N1-ForSittard-Twente-U25,N1,2026-10-10,19:00,For Sittard,Twente,OU25,U25,小于 2.5 球,0.4328530122205396,0.3103448275862069,0.34709728297650666,average,market_max,2.8810366690991502,2.967467769172125,3.1,3.0,0.07600157722717071,1.0,True,,荷甲,False
20261010-N1-ForSittard-Twente-HO25,N1,2026-10-10,19:00,For Sittard,Twente,1X2+OU25,H&O25,主胜 For Sittard + 大于 2.5 球,0.1507403677362218,0.11173116997089744,0.12518279062619642,average,,7.9883184820992055,8.227968036562181,,,,1.0,False,8.677793054904747,荷甲,False
20261010-N1-ForSittard-Twente-HU25,N1,2026-10-10,19:00,For Sittard,Twente,1X2+OU25,H&U25,主胜 For Sittard + 小于 2.5 球,0.08422897321289129,0.03970910433020638,0.051316203669344806,average,,19.48702219757886,20.071632863506228,,,,1.0,False,16.323246943129767,荷甲,False
20261010-N1-ForSittard-Twente-DO25,N1,2026-10-10,19:00,For Sittard,Twente,1X2+OU25,D&O25,平局 + 大于 2.5 球,0.07150862333970329,0.07116257039498321,0.07202477909889818,average,,13.88411061458289,14.300633933020375,,,,1.0,False,7.392191634743811,荷甲,False
20261010-N1-ForSittard-Twente-DU25,N1,2026-10-10,19:00,For Sittard,Twente,1X2+OU25,D&U25,平局 + 小于 2.5 球,0.18292711003035622,0.11578574417274755,0.13516976110935436,average,,7.398104367373891,7.620047498395108,,,,1.0,False,13.904983529961102,荷甲,False
20261010-N1-ForSittard-Twente-AO25,N1,2026-10-10,19:00,For Sittard,Twente,1X2+OU25,A&O25,客胜 Twente + 大于 2.5 球,0.3448979967035352,0.5067614320479125,0.4556951472983987,average,,2.1944495260231047,2.260283011803798,,,,1.0,False,2.4851625492240426,荷甲,False
20261010-N1-ForSittard-Twente-AU25,N1,2026-10-10,19:00,For Sittard,Twente,1X2+OU25,A&U25,客胜 Twente + 小于 2.5 球,0.16569692897729238,0.15484997908325296,0.16061131819780738,average,,6.226211273407329,6.412997611609549,,,,1.0,False,4.674681883762346,荷甲,False
20261010-N1-Ajax-Nijmegen-H,N1,2026-10-10,20:00,Ajax,Nijmegen,1X2,H,主胜 Ajax,0.5756869096770778,0.7171340207516835,0.6746998874293018,average,market_max,1.4821404577524622,1.526604671485036,1.33,1.3,-0.10264914971902861,1.0,False,,荷甲,False
20261010-N1-Ajax-Nijmegen-D,N1,2026-10-10,20:00,Ajax,Nijmegen,1X2,D,平局,0.22127927590063623,0.1624171127137959,0.180075761669848,average,market_max,5.553218216193948,5.719814762679767,6.0,5.74,0.08045457001908796,1.0,False,,荷甲,False
20261010-N1-Ajax-Nijmegen-A,N1,2026-10-10,20:00,Ajax,Nijmegen,1X2,A,客胜 Nijmegen,0.20303381442228594,0.12044886653452049,0.14522435090085012,average,market_max,6.885897535756492,7.0924744618291875,8.5,7.74,0.23440698265722593,1.0,False,,荷甲,False
20261010-N1-Ajax-Nijmegen-O25,N1,2026-10-10,20:00,Ajax,Nijmegen,OU25,O25,大于 2.5 球,0.6642105659703998,0.7249466950959489,0.7067258563582841,average,market_max,1.4149758226661466,1.5,1.33,1.29,-0.06005461104348209,1.0,False,,荷甲,False
20261010-N1-Ajax-Nijmegen-U25,N1,2026-10-10,20:00,Ajax,Nijmegen,OU25,U25,小于 2.5 球,0.33578943402960015,0.2750533049040512,0.2932741436417159,average,market_max,3.4097789446507414,3.512072312990264,3.6,3.4,0.05578691711017725,1.0,True,,荷甲,False
20261010-N1-Ajax-Nijmegen-HO25,N1,2026-10-10,20:00,Ajax,Nijmegen,1X2+OU25,H&O25,主胜 Ajax + 大于 2.5 球,0.4365940928242029,0.566988943610836,0.526864006385485,average,,1.8980229962195225,1.9549636861061084,,,,1.0,False,2.097192913515069,荷甲,False
20261010-N1-Ajax-Nijmegen-HU25,N1,2026-10-10,20:00,Ajax,Nijmegen,1X2+OU25,H&U25,主胜 Ajax + 小于 2.5 球,0.13909281685287483,0.15014507714134812,0.1478358810444727,average,,6.764257722380504,6.9671854540519185,,,,1.0,False,5.0537713258593575,荷甲,False
20261010-N1-Ajax-Nijmegen-DO25,N1,2026-10-10,20:00,Ajax,Nijmegen,1X2+OU25,D&O25,平局 + 大于 2.5 球,0.08154346407975734,0.06699304336323988,0.0717635964572852,average,,13.934641647944938,14.352680897383285,,,,1.0,False,7.857669513903663,荷甲,False
20261010-N1-Ajax-Nijmegen-DU25,N1,2026-10-10,20:00,Ajax,Nijmegen,1X2+OU25,D&U25,平局 + 小于 2.5 球,0.1397358118208789,0.0954240693500168,0.10831216521183519,average,,9.232573257530362,9.509550455256273,,,,1.0,False,18.935246548629078,荷甲,False
20261010-N1-Ajax-Nijmegen-AO25,N1,2026-10-10,20:00,Ajax,Nijmegen,1X2+OU25,A&O25,客胜 Nijmegen + 大于 2.5 球,0.14607300906643952,0.09096470812187289,0.10809825351551379,average,,9.250843260446242,9.52836855825963,,,,1.0,False,9.743378530451833,荷甲,False
20261010-N1-Ajax-Nijmegen-AU25,N1,2026-10-10,20:00,Ajax,Nijmegen,1X2+OU25,A&U25,客胜 Nijmegen + 小于 2.5 球,0.05696080535584638,0.029484158412686336,0.03712609738540795,average,,26.935230752075768,27.74328767463804,,,,1.0,False,23.479388432444914,荷甲,False
20261009-P1-Moreirense-GilVicente-H,P1,2026-10-09,18:45,Moreirense,Gil Vicente,1X2,H,主胜 Moreirense,0.32979318760578213,0.2910072120541977,0.30264300471967304,average,market_max,3.3042230760504867,3.4033497683320015,3.3,3.2,-0.0012780844250790402,1.0,False,,葡超,False
20261009-P1-Moreirense-GilVicente-D,P1,2026-10-09,18:45,Moreirense,Gil Vicente,1X2,D,平局,0.2822278846646408,0.3023451553809846,0.29630997416608146,average,market_max,3.3748442077062886,3.4760895339374773,3.25,3.08,-0.036992583960235303,1.0,False,,葡超,False
20261009-P1-Moreirense-GilVicente-A,P1,2026-10-09,18:45,Moreirense,Gil Vicente,1X2,A,客胜 Gil Vicente,0.387978927729577,0.4066476325648178,0.4010470211142455,average,market_max,2.4934732022735355,2.568277398341742,2.38,2.29,-0.045508089748095726,1.0,False,,葡超,False
20261009-P1-Moreirense-GilVicente-O25,P1,2026-10-09,18:45,Moreirense,Gil Vicente,OU25,O25,大于 2.5 球,0.40346646739902686,0.3994845360824742,0.40067911547743995,average,market_max,2.495762722268225,2.570635603936272,2.4,2.33,-0.038370122854144206,1.0,False,,葡超,False
20261009-P1-Moreirense-GilVicente-U25,P1,2026-10-09,18:45,Moreirense,Gil Vicente,OU25,U25,小于 2.5 球,0.5965335326009731,0.6005154639175257,0.5993208845225599,average,market_max,1.6685552361430473,1.7186118932273389,1.62,1.55,-0.029100167073452865,1.0,False,,葡超,False
20261009-P1-Moreirense-GilVicente-HO25,P1,2026-10-09,18:45,Moreirense,Gil Vicente,1X2+OU25,H&O25,主胜 Moreirense + 大于 2.5 球,0.1601198710701506,0.1419432500271212,0.14741328852535868,average,,6.783648950535254,6.987158419051312,,,,1.0,False,8.24655677926525,葡超,False
20261009-P1-Moreirense-GilVicente-HU25,P1,2026-10-09,18:45,Moreirense,Gil Vicente,1X2+OU25,H&U25,主胜 Moreirense + 小于 2.5 球,0.16967331653563156,0.14906396202713662,0.15522971619435172,average,,6.442065504699973,6.6353274698409725,,,,1.0,False,5.513278714928726,葡超,False
20261009-P1-Moreirense-GilVicente-DO25,P1,2026-10-09,18:45,Moreirense,Gil Vicente,1X2+OU25,D&O25,平局 + 大于 2.5 球,0.05047317967719992,0.054471864379431946,0.05326569485747002,average,,18.773809347194863,19.33702362761071,,,,1.0,False,8.422810367056197,葡超,False
20261009-P1-Moreirense-GilVicente-DU25,P1,2026-10-09,18:45,Moreirense,Gil Vicente,1X2+OU25,D&U25,平局 + 小于 2.5 球,0.23175470498744094,0.24787329100139752,0.24304427930851802,average,,4.114476600087385,4.237910898090007,,,,1.0,False,5.631113973935362,葡超,False
20261009-P1-Moreirense-GilVicente-AO25,P1,2026-10-09,18:45,Moreirense,Gil Vicente,1X2+OU25,A&O25,客胜 Gil Vicente + 大于 2.5 球,0.1928734166516764,0.2030694216759211,0.20000013209461134,average,,4.999996697636898,5.149996598566005,,,,1.0,False,6.223117467209068,葡超,False
20261009-P1-Moreirense-GilVicente-AU25,P1,2026-10-09,18:45,Moreirense,Gil Vicente,1X2+OU25,A&U25,客胜 Gil Vicente + 小于 2.5 球,0.19510551107790053,0.20357821088899164,0.20104688901969026,average,,4.973964058215601,5.123182979962069,,,,1.0,False,4.16049776783588,葡超,False
20261009-P1-SpBraga-SpLisbon-H,P1,2026-10-09,20:15,Sp Braga,Sp Lisbon,1X2,H,主胜 Sp Braga,0.2690932261105453,0.30593034201443364,0.2948792072432671,average,market_max,3.391219100691043,3.4929556737117746,3.1,3.04,-0.08587445754587197,1.0,False,,葡超,False
20261009-P1-SpBraga-SpLisbon-D,P1,2026-10-09,20:15,Sp Braga,Sp Lisbon,1X2,D,平局,0.23668243717850743,0.28616253529965485,0.27131850586331063,average,market_max,3.685705097107518,3.7962762500207434,3.4,3.25,-0.07751708006474389,1.0,False,,葡超,False
20261009-P1-SpBraga-SpLisbon-A,P1,2026-10-09,20:15,Sp Braga,Sp Lisbon,1X2,A,客胜 Sp Lisbon,0.49422433671094723,0.4079071226859115,0.4338022868934222,average,market_max,2.3051976216199224,2.37435355026852,2.38,2.28,0.032449442806344875,1.0,True,,葡超,False
20261009-P1-SpBraga-SpLisbon-O25,P1,2026-10-09,20:15,Sp Braga,Sp Lisbon,OU25,O25,大于 2.5 球,0.5612270160863233,0.46524064171123,0.49403655402375796,average,market_max,2.0241417195860176,2.084865971173598,2.08,2.0,0.027596032369416656,1.0,False,,葡超,False
20261009-P1-SpBraga-SpLisbon-U25,P1,2026-10-09,20:15,Sp Braga,Sp Lisbon,OU25,U25,小于 2.5 球,0.4387729839136767,0.5347593582887701,0.5059634459762421,average,market_max,1.9764273643731878,2.0357201853043834,1.83,1.74,-0.07408689386347689,1.0,False,,葡超,False
20261009-P1-SpBraga-SpLisbon-HO25,P1,2026-10-09,20:15,Sp Braga,Sp Lisbon,1X2+OU25,H&O25,主胜 Sp Braga + 大于 2.5 球,0.16515193426842684,0.1623823883442592,0.16397950602648054,average,,6.098323041895937,6.281272733152816,,,,1.0,False,6.864308061965716,葡超,False
20261009-P1-SpBraga-SpLisbon-HU25,P1,2026-10-09,20:15,Sp Braga,Sp Lisbon,1X2+OU25,H&U25,主胜 Sp Braga + 小于 2.5 球,0.1039412918421185,0.14354795367008347,0.1308997012167266,average,,7.639436841374686,7.868619946615928,,,,1.0,False,6.702498229190811,葡超,False
20261009-P1-SpBraga-SpLisbon-DO25,P1,2026-10-09,20:15,Sp Braga,Sp Lisbon,1X2+OU25,D&O25,平局 + 大于 2.5 球,0.07309896435878246,0.06906681473493789,0.0706854048915383,average,,14.147192076418444,14.571607838710996,,,,1.0,False,7.4603894531461625,葡超,False
20261009-P1-SpBraga-SpLisbon-DU25,P1,2026-10-09,20:15,Sp Braga,Sp Lisbon,1X2+OU25,D&U25,平局 + 小于 2.5 球,0.16358347281972493,0.2170957205650076,0.20063310097198,average,,4.984222419707593,5.133749092298821,,,,1.0,False,7.284528410933037,葡超,False
20261009-P1-SpBraga-SpLisbon-AO25,P1,2026-10-09,20:15,Sp Braga,Sp Lisbon,1X2+OU25,A&O25,客胜 Sp Lisbon + 大于 2.5 球,0.3229761174591139,0.2337914386320329,0.2593716431057391,average,,3.8554715851968666,3.971135732752773,,,,1.0,False,4.666046677811348,葡超,False
20261009-P1-SpBraga-SpLisbon-AU25,P1,2026-10-09,20:15,Sp Braga,Sp Lisbon,1X2+OU25,A&U25,客胜 Sp Lisbon + 小于 2.5 球,0.17124821925183337,0.17411568405367897,0.17443064378753548,average,,5.732937620857754,5.904925749483486,,,,1.0,False,4.556055659657604,葡超,False
20261010-P1-CasaPia-SantaClara-H,P1,2026-10-10,15:30,Casa Pia,Santa Clara,1X2,H,主胜 Casa Pia,0.2316805360817366,0.2153430121760362,0.22024426934774632,average,market_max,4.540413255525337,4.676625653191097,4.5,4.31,-0.008900787935141485,1.0,False,,葡超,False
20261010-P1-CasaPia-SantaClara-D,P1,2026-10-10,15:30,Casa Pia,Santa Clara,1X2,D,平局,0.29983880025460696,0.2829659702679012,0.2880278192639129,average,market_max,3.471886856469667,3.5760434621637573,3.5,3.28,0.008097367423695268,1.0,False,,葡超,False
20261010-P1-CasaPia-SantaClara-A,P1,2026-10-10,15:30,Casa Pia,Santa Clara,1X2,A,客胜 Santa Clara,0.46848066366365626,0.5016910175560626,0.49172791138834065,average,market_max,2.0336449830082004,2.094654332498447,1.93,1.85,-0.050965131020502596,1.0,False,,葡超,False
20261010-P1-CasaPia-SantaClara-O25,P1,2026-10-10,15:30,Casa Pia,Santa Clara,OU25,O25,大于 2.5 球,0.31351649678497157,0.4077922077922079,0.379509494490037,average,market_max,2.634980190268342,2.7140295959763923,2.38,2.28,-0.0967674031137119,1.0,False,,葡超,False
20261010-P1-CasaPia-SantaClara-U25,P1,2026-10-10,15:30,Casa Pia,Santa Clara,OU25,U25,小于 2.5 球,0.6864835032150285,0.5922077922077923,0.6204905055099632,average,market_max,1.6116282056211786,1.659977051789814,1.62,1.57,0.005194618926140482,1.0,False,,葡超,False
20261010-P1-CasaPia-SantaClara-HO25,P1,2026-10-10,15:30,Casa Pia,Santa Clara,1X2+OU25,H&O25,主胜 Casa Pia + 大于 2.5 球,0.08521215268544322,0.10126070378043349,0.09688302112042728,average,,10.321726020052395,10.631377800653967,,,,1.0,False,11.963898983941053,葡超,False
20261010-P1-CasaPia-SantaClara-HU25,P1,2026-10-10,15:30,Casa Pia,Santa Clara,1X2+OU25,H&U25,主胜 Casa Pia + 小于 2.5 球,0.14646838339629337,0.11408230839568342,0.12336124822735182,average,,8.106273358688979,8.349461559449647,,,,1.0,False,7.317458067780912,葡超,False
20261010-P1-CasaPia-SantaClara-DO25,P1,2026-10-10,15:30,Casa Pia,Santa Clara,1X2+OU25,D&O25,平局 + 大于 2.5 球,0.032364830367060865,0.04409764257527275,0.04044169760635252,average,,24.726954089160724,25.46876271183555,,,,1.0,False,9.1483530896506,葡超,False
20261010-P1-CasaPia-SantaClara-DU25,P1,2026-10-10,15:30,Casa Pia,Santa Clara,1X2+OU25,D&U25,平局 + 小于 2.5 球,0.26747396988754607,0.23886832769220032,0.24758612165739075,average,,4.038998605034083,4.160168563185105,,,,1.0,False,5.595390784611963,葡超,False
20261010-P1-CasaPia-SantaClara-AO25,P1,2026-10-10,15:30,Casa Pia,Santa Clara,1X2+OU25,A&O25,客胜 Santa Clara + 大于 2.5 球,0.1959395137324675,0.2624338614365015,0.24218477576325712,average,,4.129078703846893,4.252951064962299,,,,1.0,False,5.358614244265207,葡超,False
20261010-P1-CasaPia-SantaClara-AU25,P1,2026-10-10,15:30,Casa Pia,Santa Clara,1X2+OU25,A&U25,客胜 Santa Clara + 小于 2.5 球,0.2725411499311888,0.23925715611990847,0.24954313562522046,average,,4.0073232128567255,4.127542909242427,,,,1.0,False,3.277479614836018,葡超,False
20261010-SC0-DundeeUnited-Hibernian-H,SC0,2026-10-10,15:00,Dundee United,Hibernian,1X2,H,主胜 Dundee United,0.3127918413443409,0.34968143428656095,0.33861455640389493,average,market_max,2.9532103126931535,3.041806622073948,2.75,2.66,-0.068809969889289,1.0,False,,苏超,False
20261010-SC0-DundeeUnited-Hibernian-D,SC0,2026-10-10,15:00,Dundee United,Hibernian,1X2,D,平局,0.25900359683091856,0.262754976045834,0.26162956228135936,average,market_max,3.8221980393965906,3.9368639805784884,3.75,3.54,-0.01888914144490239,1.0,False,,苏超,False
20261010-SC0-DundeeUnited-Hibernian-A,SC0,2026-10-10,15:00,Dundee United,Hibernian,1X2,A,客胜 Hibernian,0.4282045618247404,0.38756358966760507,0.39975588131474565,average,market_max,2.501526673506663,2.5765724737118627,2.5,2.4,-0.0006102967131358383,1.0,False,,苏超,False
20261010-SC0-DundeeUnited-Hibernian-O25,SC0,2026-10-10,15:00,Dundee United,Hibernian,OU25,O25,大于 2.5 球,0.50303319534936,0.5759162303664922,0.5540513198613526,average,market_max,1.8048869556889475,1.859033564359616,1.67,1.62,-0.07473429583154123,1.0,False,,苏超,False
20261010-SC0-DundeeUnited-Hibernian-U25,SC0,2026-10-10,15:00,Dundee United,Hibernian,OU25,U25,小于 2.5 球,0.49696680465064,0.42408376963350786,0.44594868013864747,average,market_max,2.242410493712181,2.309682808523547,2.25,2.2,0.003384530311956846,1.0,False,,苏超,False
20261010-SC0-DundeeUnited-Hibernian-HO25,SC0,2026-10-10,15:00,Dundee United,Hibernian,1X2+OU25,H&O25,主胜 Dundee United + 大于 2.5 球,0.18050330654999833,0.22913307701545182,0.2140707375242979,average,,4.6713530843350135,4.811493676865064,,,,1.0,False,5.330210770785951,苏超,False
20261010-SC0-DundeeUnited-Hibernian-HU25,SC0,2026-10-10,15:00,Dundee United,Hibernian,1X2+OU25,H&U25,主胜 Dundee United + 小于 2.5 球,0.13228853479434258,0.12054835727145463,0.1245438188797892,average,,8.029302529780374,8.270181605673784,,,,1.0,False,6.62230979532216,苏超,False
20261010-SC0-DundeeUnited-Hibernian-DO25,SC0,2026-10-10,15:00,Dundee United,Hibernian,1X2+OU25,D&O25,平局 + 大于 2.5 球,0.06660530680524372,0.08548718192240834,0.07944815920045059,average,,12.58682403801155,12.964428759151897,,,,1.0,False,6.898635383366776,苏超,False
20261010-SC0-DundeeUnited-Hibernian-DU25,SC0,2026-10-10,15:00,Dundee United,Hibernian,1X2+OU25,D&U25,平局 + 小于 2.5 球,0.19239829002567482,0.17726779412260582,0.18218140308043312,average,,5.489034462856233,5.653705496741919,,,,1.0,False,8.57093699258904,苏超,False
20261010-SC0-DundeeUnited-Hibernian-AO25,SC0,2026-10-10,15:00,Dundee United,Hibernian,1X2+OU25,A&O25,客胜 Hibernian + 大于 2.5 球,0.255924581994118,0.261295971428632,0.260532423136604,average,,3.838293859784483,3.953442675578018,,,,1.0,False,4.514972862320141,苏超,False
20261010-SC0-DundeeUnited-Hibernian-AU25,SC0,2026-10-10,15:00,Dundee United,Hibernian,1X2+OU25,A&U25,客胜 Hibernian + 小于 2.5 球,0.1722799798306225,0.12626761823944743,0.1392234581784252,average,,7.182697607743845,7.39817853597616,,,,1.0,False,5.609449662972266,苏超,False
20261010-SC0-Falkirk-Dundee-H,SC0,2026-10-10,15:00,Falkirk,Dundee,1X2,H,主胜 Falkirk,0.4837162912117016,0.459721681925502,0.4669200647113618,average,market_max,2.1416942118736633,2.2059450382298733,2.1,2.03,-0.019467864106140098,1.0,False,,苏超,False
20261010-SC0-Falkirk-Dundee-D,SC0,2026-10-10,15:00,Falkirk,Dundee,1X2,D,平局,0.24242841757702158,0.2674025828964954,0.2599103333006532,average,market_max,3.847480734223993,3.962905156250713,3.6,3.49,-0.06432280011764835,1.0,False,,苏超,False
20261010-SC0-Falkirk-Dundee-A,SC0,2026-10-10,15:00,Falkirk,Dundee,1X2,A,客胜 Dundee,0.2738552912112767,0.2728757351780026,0.27316960198798484,average,market_max,3.6607294249525766,3.770551307701154,3.5,3.42,-0.043906393042053016,1.0,False,,苏超,False
20261010-SC0-Falkirk-Dundee-O25,SC0,2026-10-10,15:00,Falkirk,Dundee,OU25,O25,大于 2.5 球,0.5537854593750479,0.5386666666666667,0.543202304479181,average,market_max,1.8409347525850313,1.8961627951625823,1.8,1.73,-0.022235851937474127,1.0,False,,苏超,False
20261010-SC0-Falkirk-Dundee-U25,SC0,2026-10-10,15:00,Falkirk,Dundee,OU25,U25,小于 2.5 球,0.44621454062495214,0.4613333333333334,0.45679769552081895,average,market_max,2.189152900300532,2.2548274873095475,2.1,2.02,-0.04072483940628013,1.0,False,,苏超,False
20261010-SC0-Falkirk-Dundee-HO25,SC0,2026-10-10,15:00,Falkirk,Dundee,1X2+OU25,H&O25,主胜 Falkirk + 大于 2.5 球,0.313602329757592,0.2950515420249787,0.30058714087733124,average,,3.3268222888087458,3.426626957473008,,,,1.0,False,3.9427193040484365,苏超,False
20261010-SC0-Falkirk-Dundee-HU25,SC0,2026-10-10,15:00,Falkirk,Dundee,1X2+OU25,H&U25,主胜 Falkirk + 小于 2.5 球,0.17011396145410973,0.16467013990006735,0.16633292383375334,average,,6.012038849262828,6.192400014740713,,,,1.0,False,4.688496095480092,苏超,False
20261010-SC0-Falkirk-Dundee-DO25,SC0,2026-10-10,15:00,Falkirk,Dundee,1X2+OU25,D&O25,平局 + 大于 2.5 球,0.07247137025645801,0.07835186498545986,0.07661720843052884,average,,13.051898137305935,13.443455081425114,,,,1.0,False,7.0829609935343205,苏超,False
20261010-SC0-Falkirk-Dundee-DU25,SC0,2026-10-10,15:00,Falkirk,Dundee,1X2+OU25,D&U25,平局 + 小于 2.5 球,0.16995704732056355,0.1890507179116671,0.18329312487050572,average,,5.455742001815329,5.619414261869789,,,,1.0,False,8.422723608176874,苏超,False
20261010-SC0-Falkirk-Dundee-AO25,SC0,2026-10-10,15:00,Falkirk,Dundee,1X2+OU25,A&O25,客胜 Dundee + 大于 2.5 球,0.16771175936099794,0.16526325965622807,0.16599795517132102,average,,6.024170592751778,6.204895710534331,,,,1.0,False,6.739164018205815,苏超,False
20261010-SC0-Falkirk-Dundee-AU25,SC0,2026-10-10,15:00,Falkirk,Dundee,1X2+OU25,A&U25,客胜 Dundee + 小于 2.5 球,0.10614353185027878,0.10761247552159882,0.1071716468165599,average,,9.33082610656947,9.610750889766555,,,,1.0,False,8.01389643785043,苏超,False
20261010-SC0-Hearts-StMirren-H,SC0,2026-10-10,15:00,Hearts,St Mirren,1X2,H,主胜 Hearts,0.6593072007912317,0.6442937222059397,0.6487977657815273,average,market_max,1.5413123360488494,1.5875517061303148,1.48,1.45,-0.03977930664333962,1.0,False,,苏超,False
20261010-SC0-Hearts-StMirren-D,SC0,2026-10-10,15:00,Hearts,St Mirren,1X2,D,平局,0.21673271809797068,0.19709407113894778,0.20298566522665462,average,market_max,4.926456254353705,5.074249941984316,5.0,4.74,0.014928326133273107,1.0,False,,苏超,False
20261010-SC0-Hearts-StMirren-A,SC0,2026-10-10,15:00,Hearts,St Mirren,1X2,A,客胜 St Mirren,0.12396008111079743,0.15861220665511253,0.14821656899181798,average,market_max,6.746884014399248,6.949290534831226,6.5,5.89,-0.03659230155318316,1.0,False,,苏超,False
20261010-SC0-Hearts-StMirren-O25,SC0,2026-10-10,15:00,Hearts,St Mirren,OU25,O25,大于 2.5 球,0.45825525000325557,0.6265664160401002,0.5760730662290467,average,market_max,1.7358909114532355,1.7879676387968324,1.53,1.49,-0.11860820866955846,1.0,False,,苏超,False
20261010-SC0-Hearts-StMirren-U25,SC0,2026-10-10,15:00,Hearts,St Mirren,OU25,U25,小于 2.5 球,0.5417447499967445,0.37343358395989973,0.42392693377095314,average,market_max,2.358897065361499,2.429663977322344,2.55,2.5,0.08101368111593032,1.0,True,,苏超,False
20261010-SC0-Hearts-StMirren-HO25,SC0,2026-10-10,15:00,Hearts,St Mirren,1X2+OU25,H&O25,主胜 Hearts + 大于 2.5 球,0.36980854765178606,0.4712891742826542,0.44316713814548514,average,,2.2564850006358435,2.324179550654919,,,,1.0,False,2.6755500758579527,苏超,False
20261010-SC0-Hearts-StMirren-HU25,SC0,2026-10-10,15:00,Hearts,St Mirren,1X2+OU25,H&U25,主胜 Hearts + 小于 2.5 球,0.2894986531394458,0.1730045479240144,0.20563062763640383,average,,4.863088789322768,5.008981453002451,,,,1.0,False,3.635797146311108,苏超,False
20261010-SC0-Hearts-StMirren-DO25,SC0,2026-10-10,15:00,Hearts,St Mirren,1X2+OU25,D&O25,平局 + 大于 2.5 球,0.03441998063935763,0.05657535884829798,0.049036571383818395,average,,20.392942895065264,21.004731181917222,,,,1.0,False,8.551790637604544,苏超,False
20261010-SC0-Hearts-StMirren-DU25,SC0,2026-10-10,15:00,Hearts,St Mirren,1X2+OU25,D&U25,平局 + 小于 2.5 球,0.18231273745861304,0.14051871228992815,0.15394909384248245,average,,6.49565369331228,6.690523304111649,,,,1.0,False,11.621003201026758,苏超,False
20261010-SC0-Hearts-StMirren-AO25,SC0,2026-10-10,15:00,Hearts,St Mirren,1X2+OU25,A&O25,客胜 St Mirren + 大于 2.5 球,0.05402672171211189,0.09870188290914801,0.08386935669974324,average,,11.923305952852997,12.281005131438587,,,,1.0,False,11.711854641224775,苏超,False
20261010-SC0-Hearts-StMirren-AU25,SC0,2026-10-10,15:00,Hearts,St Mirren,1X2+OU25,A&U25,客胜 St Mirren + 小于 2.5 球,0.06993335939868553,0.059910323745957166,0.06434721229206686,average,,15.540688778576449,16.006909441933743,,,,1.0,False,15.915204901900795,苏超,False
20261010-SC0-Rangers-Kilmarnock-H,SC0,2026-10-10,15:00,Rangers,Kilmarnock,1X2,H,主胜 Rangers,0.7838905128994603,0.8180335382762887,0.8077906306632401,average,market_max,1.2379445391424577,1.5,1.17,1.14,-0.05488496212400917,1.0,False,,苏超,False
20261010-SC0-Rangers-Kilmarnock-D,SC0,2026-10-10,15:00,Rangers,Kilmarnock,1X2,D,平局,0.13301459619932304,0.12033009466257664,0.12413544512360056,average,market_max,8.055716874453617,8.297388380687226,8.5,7.75,0.055151283550604724,1.0,False,,苏超,False
20261010-SC0-Rangers-Kilmarnock-A,SC0,2026-10-10,15:00,Rangers,Kilmarnock,1X2,A,客胜 Kilmarnock,0.08309489090121673,0.06163636706113476,0.06807392421315935,average,market_max,14.689912643624126,15.130610022932851,17.5,15.13,0.1912936737302886,1.0,False,,苏超,False
20261010-SC0-Rangers-Kilmarnock-O25,SC0,2026-10-10,15:00,Rangers,Kilmarnock,OU25,O25,大于 2.5 球,0.7186384142905857,0.703125,0.7077790242871757,average,market_max,1.4128703531545435,1.5,1.36,1.33,-0.03742052696944109,1.0,False,,苏超,False
20261010-SC0-Rangers-Kilmarnock-U25,SC0,2026-10-10,15:00,Rangers,Kilmarnock,OU25,U25,小于 2.5 球,0.2813615857094143,0.296875,0.29222097571282424,average,market_max,3.422067829185318,3.5247298640608777,3.3,3.15,-0.0356707801476801,1.0,False,,苏超,False
20261010-SC0-Rangers-Kilmarnock-HO25,SC0,2026-10-10,15:00,Rangers,Kilmarnock,1X2+OU25,H&O25,主胜 Rangers + 大于 2.5 球,0.616315121793977,0.6247343489917151,0.6224472722265229,average,,1.606561783816569,1.6547586373310659,,,,1.0,False,1.7490551382039428,苏超,False
20261010-SC0-Rangers-Kilmarnock-HU25,SC0,2026-10-10,15:00,Rangers,Kilmarnock,1X2+OU25,H&U25,主胜 Rangers + 小于 2.5 球,0.16757539110548336,0.1932991892842203,0.18534335843638924,average,,5.3953916041896095,5.557253352315298,,,,1.0,False,4.236330181715049,苏超,False
20261010-SC0-Rangers-Kilmarnock-DO25,SC0,2026-10-10,15:00,Rangers,Kilmarnock,1X2+OU25,D&O25,平局 + 大于 2.5 球,0.048285787348357305,0.040152587430678156,0.04248783819560061,average,,23.536146870930814,24.24223127705874,,,,1.0,False,11.381683545322296,苏超,False
20261010-SC0-Rangers-Kilmarnock-DU25,SC0,2026-10-10,15:00,Rangers,Kilmarnock,1X2+OU25,D&U25,平局 + 小于 2.5 球,0.08472880885096573,0.0801775072322154,0.08164760692829344,average,,12.247756396317218,12.615189088206735,,,,1.0,False,27.567209557093026,苏超,False
20261010-SC0-Rangers-Kilmarnock-AO25,SC0,2026-10-10,15:00,Rangers,Kilmarnock,1X2+OU25,A&O25,客胜 Kilmarnock + 大于 2.5 球,0.05403750514825158,0.03823806357760684,0.04284391386505227,average,,23.340538008496438,24.04075414875133,,,,1.0,False,20.75494206460661,苏超,False
20261010-SC0-Rangers-Kilmarnock-AU25,SC0,2026-10-10,15:00,Rangers,Kilmarnock,1X2+OU25,A&U25,客胜 Kilmarnock + 小于 2.5 球,0.02905738575296514,0.023398303483564288,0.025230010348141603,average,,39.63533847990111,40.82439863429814,,,,1.0,False,50.26987747128877,苏超,False
20261010-SC1-Arbroath-Morton-H,SC1,2026-10-10,15:00,Arbroath,Morton,1X2,H,主胜 Arbroath,0.4974867651106433,0.5152626485334032,0.5099298835065752,average,market_max,1.9610539259307906,2.0198855437087144,1.83,1.76,-0.06682831318296734,1.0,False,,苏冠,False
20261010-SC1-Arbroath-Morton-D,SC1,2026-10-10,15:00,Arbroath,Morton,1X2,D,平局,0.2968020963855647,0.2683024442067425,0.27685233986038915,average,market_max,3.612033766824146,3.72039477982887,3.5,3.38,-0.031016810488637914,1.0,False,,苏冠,False
20261010-SC1-Arbroath-Morton-A,SC1,2026-10-10,15:00,Arbroath,Morton,1X2,A,客胜 Morton,0.2057111385037919,0.21643490725985431,0.2132177766330356,average,market_max,4.69004046375119,4.830741677663727,4.5,4.19,-0.0405200051513398,1.0,False,,苏冠,False
20261010-SC1-Arbroath-Morton-O25,SC1,2026-10-10,15:00,Arbroath,Morton,OU25,O25,大于 2.5 球,0.4322556262833814,0.45187165775401067,0.44598684831282187,average,market_max,2.2422185851063148,2.309485142659504,2.1,2.05,-0.063427618543074,1.0,False,,苏冠,False
20261010-SC1-Arbroath-Morton-U25,SC1,2026-10-10,15:00,Arbroath,Morton,OU25,U25,小于 2.5 球,0.5677443737166186,0.5481283422459893,0.554013151687178,average,market_max,1.8050113015451432,1.8591616405914975,1.75,1.69,-0.030476984547438413,1.0,False,,苏冠,False
20261010-SC1-Arbroath-Morton-HO25,SC1,2026-10-10,15:00,Arbroath,Morton,1X2+OU25,H&O25,主胜 Arbroath + 大于 2.5 球,0.27719498800027165,0.29220079782467545,0.2876807317014269,average,,3.476075697130327,3.580357968044237,,,,1.0,False,4.397111559117721,苏冠,False
20261010-SC1-Arbroath-Morton-HU25,SC1,2026-10-10,15:00,Arbroath,Morton,1X2+OU25,H&U25,主胜 Arbroath + 小于 2.5 球,0.22029177711037162,0.22306185070888798,0.22224915180528404,average,,4.499454742019063,4.634438384279636,,,,1.0,False,3.539724499244549,苏冠,False
20261010-SC1-Arbroath-Morton-DO25,SC1,2026-10-10,15:00,Arbroath,Morton,1X2+OU25,D&O25,平局 + 大于 2.5 球,0.04812869453607403,0.044993508271334026,0.04596775197634886,average,,21.75438121304074,22.407012649431966,,,,1.0,False,8.098969242004667,苏冠,False
20261010-SC1-Arbroath-Morton-DU25,SC1,2026-10-10,15:00,Arbroath,Morton,1X2+OU25,D&U25,平局 + 小于 2.5 球,0.2486734018494907,0.22330893593520254,0.2308845878838658,average,,4.331168265345614,4.4611033133059825,,,,1.0,False,6.519761770680257,苏冠,False
20261010-SC1-Arbroath-Morton-AO25,SC1,2026-10-10,15:00,Arbroath,Morton,1X2+OU25,A&O25,客胜 Morton + 大于 2.5 球,0.10693194374703582,0.11467735165800115,0.11233836463504616,average,,8.901678453738414,9.168728807350568,,,,1.0,False,10.516095892723557,苏冠,False
20261010-SC1-Arbroath-Morton-AU25,SC1,2026-10-10,15:00,Arbroath,Morton,1X2+OU25,A&U25,客胜 Morton + 小于 2.5 球,0.09877919475675609,0.1017575556018987,0.1008794119980283,average,,9.91282542387881,10.210210186595175,,,,1.0,False,8.465576041774924,苏冠,False
20261010-SC1-Ayr-Dunfermline-H,SC1,2026-10-10,15:00,Ayr,Dunfermline,1X2,H,主胜 Ayr,0.36344591543248317,0.2943915496910654,0.31510785941349073,average,market_max,3.173516528154191,3.2687220239988166,3.25,3.09,0.024100543093844795,1.0,False,,苏冠,False
20261010-SC1-Ayr-Dunfermline-D,SC1,2026-10-10,15:00,Ayr,Dunfermline,1X2,D,平局,0.3336209061040769,0.28250617656689186,0.29784059542804736,average,market_max,3.357500674355122,3.4582256945857757,3.3,3.22,-0.017126035087443814,1.0,False,,苏冠,False
20261010-SC1-Ayr-Dunfermline-A,SC1,2026-10-10,15:00,Ayr,Dunfermline,1X2,A,客胜 Dunfermline,0.30293317846343987,0.42310227374204273,0.38705154515846185,average,market_max,2.5836352095961597,2.6611442658840443,2.2,2.15,-0.14848660065138386,1.0,False,,苏冠,False
20261010-SC1-Ayr-Dunfermline-O25,SC1,2026-10-10,15:00,Ayr,Dunfermline,OU25,O25,大于 2.5 球,0.36796330482832634,0.4716981132075471,0.44057767069378084,average,market_max,2.2697473488052466,2.337839769269404,2.0,1.96,-0.11884465861243831,1.0,False,,苏冠,False
20261010-SC1-Ayr-Dunfermline-U25,SC1,2026-10-10,15:00,Ayr,Dunfermline,OU25,U25,小于 2.5 球,0.6320366951716736,0.5283018867924527,0.5594223293062189,average,market_max,1.787558250025833,1.8411849975266081,1.8,1.75,0.006960192751194194,1.0,False,,苏冠,False
20261010-SC1-Ayr-Dunfermline-HO25,SC1,2026-10-10,15:00,Ayr,Dunfermline,1X2+OU25,H&O25,主胜 Ayr + 大于 2.5 球,0.1776467776509172,0.17314355760241623,0.1763128743571333,average,,5.671735564666902,5.841887631606909,,,,1.0,False,7.203080726167606,苏冠,False
20261010-SC1-Ayr-Dunfermline-HU25,SC1,2026-10-10,15:00,Ayr,Dunfermline,1X2+OU25,H&U25,主胜 Ayr + 小于 2.5 球,0.18579913778156598,0.12124799208885303,0.1387949850564929,average,,7.204871268172808,7.4210174062179926,,,,1.0,False,5.672845651495363,苏冠,False
20261010-SC1-Ayr-Dunfermline-DO25,SC1,2026-10-10,15:00,Ayr,Dunfermline,1X2+OU25,D&O25,平局 + 大于 2.5 球,0.04463546343789939,0.05295448226597097,0.05071325522415213,average,,19.718710533962156,20.31027184998102,,,,1.0,False,7.6206782542293645,苏冠,False
20261010-SC1-Ayr-Dunfermline-DU25,SC1,2026-10-10,15:00,Ayr,Dunfermline,1X2+OU25,D&U25,平局 + 小于 2.5 球,0.28898544266617754,0.2295516943004434,0.2471273402036043,average,,4.04649683509771,4.167891740150642,,,,1.0,False,6.001728029910796,苏冠,False
20261010-SC1-Ayr-Dunfermline-AO25,SC1,2026-10-10,15:00,Ayr,Dunfermline,1X2+OU25,A&O25,客胜 Dunfermline + 大于 2.5 球,0.1456810637395097,0.24560007333916,0.2135515411124955,average,,4.682710294622581,4.823191603461258,,,,1.0,False,5.86419916726077,苏冠,False
20261010-SC1-Ayr-Dunfermline-AU25,SC1,2026-10-10,15:00,Ayr,Dunfermline,1X2+OU25,A&U25,客胜 Dunfermline + 小于 2.5 球,0.15725211472393014,0.17750220040315645,0.17350000404612184,average,,5.763688626394314,5.936599285186144,,,,1.0,False,4.618398433970837,苏冠,False
20261010-SC1-InvernessC-Stenhousemuir-H,SC1,2026-10-10,15:00,Inverness C,Stenhousemuir,1X2,H,主胜 Inverness C,0.07177914114772316,0.49575633310593725,0.368563175518473,average,market_max,2.713239049433679,2.79463622091669,1.88,1.83,-0.3071012300252708,1.0,False,,苏冠,False
20261010-SC1-InvernessC-Stenhousemuir-D,SC1,2026-10-10,15:00,Inverness C,Stenhousemuir,1X2,D,平局,0.3197181527742876,0.26920892865990065,0.2843616958942167,average,market_max,3.5166480381802288,3.6221474793256356,3.6,3.37,0.023702105219180147,1.0,False,,苏冠,False
20261010-SC1-InvernessC-Stenhousemuir-A,SC1,2026-10-10,15:00,Inverness C,Stenhousemuir,1X2,A,客胜 Stenhousemuir,0.6085027060779892,0.23503473823416202,0.34707512858731016,average,market_max,2.8812205705152976,2.9676571876307567,4.2,3.86,0.4577155400667028,1.0,True,,苏冠,False
20261010-SC1-InvernessC-Stenhousemuir-O25,SC1,2026-10-10,15:00,Inverness C,Stenhousemuir,OU25,O25,大于 2.5 球,0.2032865518308106,0.45721925133689845,0.3810394414850721,average,market_max,2.6244002355834253,2.7031322426509283,2.1,2.03,-0.1998171728813486,1.0,False,,苏冠,False
20261010-SC1-InvernessC-Stenhousemuir-U25,SC1,2026-10-10,15:00,Inverness C,Stenhousemuir,OU25,U25,小于 2.5 球,0.7967134481691894,0.5427807486631016,0.6189605585149278,average,market_max,1.615611828965807,1.6640801838347814,1.75,1.71,0.08318097740112362,1.0,True,,苏冠,False
20261010-SC1-InvernessC-Stenhousemuir-HO25,SC1,2026-10-10,15:00,Inverness C,Stenhousemuir,1X2+OU25,H&O25,主胜 Inverness C + 大于 2.5 球,0.013738387007257978,0.2690091946345497,0.15980875101061856,average,,6.257479604064702,6.445203992186643,,,,1.0,False,7.120625200527897,苏冠,False
20261010-SC1-InvernessC-Stenhousemuir-HU25,SC1,2026-10-10,15:00,Inverness C,Stenhousemuir,1X2+OU25,H&U25,主胜 Inverness C + 小于 2.5 球,0.058040754140465174,0.22674713847157396,0.20875442450793816,average,,4.7903176297083645,4.934027158599616,,,,1.0,False,4.383541103076994,苏冠,False
20261010-SC1-InvernessC-Stenhousemuir-DO25,SC1,2026-10-10,15:00,Inverness C,Stenhousemuir,1X2+OU25,D&O25,平局 + 大于 2.5 球,0.00721527551905434,0.02792250603677941,0.019758592373378056,average,,50.6108927753052,52.129219558564365,,,,1.0,False,9.229091939864183,苏冠,False
20261010-SC1-InvernessC-Stenhousemuir-DU25,SC1,2026-10-10,15:00,Inverness C,Stenhousemuir,1X2+OU25,D&U25,平局 + 小于 2.5 球,0.3125028772552333,0.24128642262270236,0.26460310352045613,average,,3.779245166422212,3.8926225214148786,,,,1.0,False,5.681538168793377,苏冠,False
20261010-SC1-InvernessC-Stenhousemuir-AO25,SC1,2026-10-10,15:00,Inverness C,Stenhousemuir,1X2+OU25,A&O25,客胜 Stenhousemuir + 大于 2.5 球,0.18233288930449829,0.1602875506655693,0.20147209810107547,average,,4.963466452304057,5.112370445873179,,,,1.0,False,7.5614759440281585,苏冠,False
20261010-SC1-InvernessC-Stenhousemuir-AU25,SC1,2026-10-10,15:00,Inverness C,Stenhousemuir,1X2+OU25,A&U25,客胜 Stenhousemuir + 小于 2.5 球,0.42616981677349086,0.07474718756882527,0.14560303048653364,average,,6.867988919313646,7.074028586893055,,,,1.0,False,4.654934035584126,苏冠,False
20261010-SC1-Livingston-Partick-H,SC1,2026-10-10,15:00,Livingston,Partick,1X2,H,主胜 Livingston,0.4367192698765613,0.4050785973397823,0.41457079910081596,average,market_max,2.4121332283145644,2.484497225164002,2.3,2.24,-0.04648716206812342,1.0,False,,苏冠,False
20261010-SC1-Livingston-Partick-D,SC1,2026-10-10,15:00,Livingston,Partick,1X2,D,平局,0.3335197422160784,0.27085852478839173,0.2896568900166977,average,market_max,3.4523604805062758,3.5559312949214643,3.5,3.35,0.013799115058442002,1.0,False,,苏冠,False
20261010-SC1-Livingston-Partick-A,SC1,2026-10-10,15:00,Livingston,Partick,1X2,A,客胜 Partick,0.22976098790736044,0.32406287787182586,0.29577231088248623,average,market_max,3.3809790950895047,3.48240846794219,2.9,2.8,-0.1422602984407899,1.0,False,,苏冠,False
20261010-SC1-Livingston-Partick-O25,SC1,2026-10-10,15:00,Livingston,Partick,OU25,O25,大于 2.5 球,0.3400579989886348,0.5241935483870968,0.46895288356755815,average,market_max,2.132410387142738,2.19638269875702,1.8,1.77,-0.15588480957839534,1.0,False,,苏冠,False
20261010-SC1-Livingston-Partick-U25,SC1,2026-10-10,15:00,Livingston,Partick,OU25,U25,小于 2.5 球,0.6599420010113652,0.47580645161290325,0.5310471164324418,average,market_max,1.8830720835431123,1.9395642460494056,2.0,1.95,0.06209423286488369,1.0,True,,苏冠,False
20261010-SC1-Livingston-Partick-HO25,SC1,2026-10-10,15:00,Livingston,Partick,1X2+OU25,H&O25,主胜 Livingston + 大于 2.5 球,0.20278314197578984,0.26397203436430006,0.24846142197082918,average,,4.024769688863029,4.145512779528921,,,,1.0,False,5.143657951230123,苏冠,False
20261010-SC1-Livingston-Partick-HU25,SC1,2026-10-10,15:00,Livingston,Partick,1X2+OU25,H&U25,主胜 Livingston + 小于 2.5 球,0.23393612790077148,0.14110656297581758,0.1661093771301442,average,,6.020129731848401,6.2007336238038535,,,,1.0,False,4.54222074402588,苏冠,False
20261010-SC1-Livingston-Partick-DO25,SC1,2026-10-10,15:00,Livingston,Partick,1X2+OU25,D&O25,平局 + 大于 2.5 球,0.037253930643967696,0.05781442704097512,0.051644140241633246,average,,19.363281009639962,19.94417943992916,,,,1.0,False,7.361849348792677,苏冠,False
20261010-SC1-Livingston-Partick-DU25,SC1,2026-10-10,15:00,Livingston,Partick,1X2+OU25,D&U25,平局 + 小于 2.5 球,0.2962658115721107,0.21304409774687005,0.23801274977481923,average,,4.201455598265585,4.327499266213552,,,,1.0,False,6.501043643168853,苏冠,False
20261010-SC1-Livingston-Partick-AO25,SC1,2026-10-10,15:00,Livingston,Partick,1X2+OU25,A&O25,客胜 Partick + 大于 2.5 球,0.10002092636887729,0.20240708698182158,0.16884732135509573,average,,5.92251030087082,6.100185609896944,,,,1.0,False,7.2096349410813145,苏冠,False
20261010-SC1-Livingston-Partick-AU25,SC1,2026-10-10,15:00,Livingston,Partick,1X2+OU25,A&U25,客胜 Partick + 小于 2.5 球,0.12974006153848316,0.12165579089021554,0.12692498952747833,average,,7.8786691550879135,8.115029229740552,,,,1.0,False,6.3666273490059,苏冠,False
20261010-SC1-RaithRvs-QueensPark-H,SC1,2026-10-10,15:00,Raith Rvs,Queens Park,1X2,H,主胜 Raith Rvs,0.600578078742171,0.6131637413019184,0.6093880425339941,average,market_max,1.6409905186877964,1.6902202342484303,1.5,1.48,-0.08591793619900878,1.0,False,,苏冠,False
20261010-SC1-RaithRvs-QueensPark-D,SC1,2026-10-10,15:00,Raith Rvs,Queens Park,1X2,D,平局,0.2613390413919047,0.23328594784751652,0.24170187591083298,average,market_max,4.137328252962808,4.261448100551692,4.0,3.89,-0.0331924963566681,1.0,False,,苏冠,False
20261010-SC1-RaithRvs-QueensPark-A,SC1,2026-10-10,15:00,Raith Rvs,Queens Park,1X2,A,客胜 Queens Park,0.13808287986592432,0.15355031085056503,0.14891008155517282,average,market_max,6.715462039616767,6.91692590080527,6.25,5.91,-0.06931199028016988,1.0,False,,苏冠,False
20261010-SC1-RaithRvs-QueensPark-O25,SC1,2026-10-10,15:00,Raith Rvs,Queens Park,OU25,O25,大于 2.5 球,0.45822179438727056,0.4891891891891892,0.4798989707486136,average,market_max,2.0837719206608423,2.146285078280668,1.93,1.89,-0.07379498645517579,1.0,False,,苏冠,False
20261010-SC1-RaithRvs-QueensPark-U25,SC1,2026-10-10,15:00,Raith Rvs,Queens Park,OU25,U25,小于 2.5 球,0.5417782056127294,0.5108108108108108,0.5201010292513863,average,market_max,1.9227033667658031,1.9803844677687772,1.9,1.81,-0.011808044422365938,1.0,False,,苏冠,False
20261010-SC1-RaithRvs-QueensPark-HO25,SC1,2026-10-10,15:00,Raith Rvs,Queens Park,1X2+OU25,H&O25,主胜 Raith Rvs + 大于 2.5 球,0.3467370470373802,0.36769965948434513,0.3614123570336707,average,,2.7669225485470488,2.8499302250034604,,,,1.0,False,3.4194499649123014,苏冠,False
20261010-SC1-RaithRvs-QueensPark-HU25,SC1,2026-10-10,15:00,Raith Rvs,Queens Park,1X2+OU25,H&U25,主胜 Raith Rvs + 小于 2.5 球,0.2538410317047908,0.24546408181832946,0.24797568550094845,average,,4.032653435274707,4.153633038332948,,,,1.0,False,3.1551379951117875,苏冠,False
20261010-SC1-RaithRvs-QueensPark-DO25,SC1,2026-10-10,15:00,Raith Rvs,Queens Park,1X2+OU25,D&O25,平局 + 大于 2.5 球,0.040754005628640094,0.03930292183700074,0.039800536786674404,average,,25.125289273354962,25.879047951555613,,,,1.0,False,8.621248440080677,苏冠,False
20261010-SC1-RaithRvs-QueensPark-DU25,SC1,2026-10-10,15:00,Raith Rvs,Queens Park,1X2+OU25,D&U25,平局 + 小于 2.5 球,0.2205850357632646,0.19398302600968065,0.20190133912346808,average,,4.952914152731167,5.101501577313102,,,,1.0,False,7.954854961386869,苏冠,False
20261010-SC1-RaithRvs-QueensPark-AO25,SC1,2026-10-10,15:00,Raith Rvs,Queens Park,1X2+OU25,A&O25,客胜 Queens Park + 大于 2.5 球,0.0707307417212503,0.08218660786784339,0.07868607692826844,average,,12.708728647275386,13.089990506693649,,,,1.0,False,13.99349123241721,苏冠,False
20261010-SC1-RaithRvs-QueensPark-AU25,SC1,2026-10-10,15:00,Raith Rvs,Queens Park,1X2+OU25,A&U25,客胜 Queens Park + 小于 2.5 球,0.06735213814467401,0.0713637029828006,0.07022400462696986,average,,14.240144880828192,14.667349227253037,,,,1.0,False,12.911841472959106,苏冠,False
20261010-SC2-Alloa-Hamilton-H,SC2,2026-10-10,15:00,Alloa,Hamilton,1X2,H,主胜 Alloa,0.3010614912971635,0.2292900773219657,0.25082150151452504,average,market_max,3.9868990256486847,4.106505996418146,4.0,3.94,0.003286006058100144,1.0,False,,苏甲,False
20261010-SC2-Alloa-Hamilton-D,SC2,2026-10-10,15:00,Alloa,Hamilton,1X2,D,平局,0.304172540128708,0.25447969145029437,0.2693875460538184,average,market_max,3.7121240927753183,3.823487815558578,3.7,3.55,-0.003266079600871774,1.0,False,,苏甲,False
20261010-SC2-Alloa-Hamilton-A,SC2,2026-10-10,15:00,Alloa,Hamilton,1X2,A,客胜 Hamilton,0.39476596857412855,0.5162302312277399,0.4797909524316565,average,market_max,2.0842410531750164,2.146768284770267,1.8,1.75,-0.1363762856230183,1.0,False,,苏甲,False
20261010-SC2-Alloa-Hamilton-O25,SC2,2026-10-10,15:00,Alloa,Hamilton,OU25,O25,大于 2.5 球,0.42298667377382776,0.5309973045822103,0.49859411533969555,average,market_max,2.005639395319965,2.0658085771795642,1.8,1.74,-0.102530592388548,1.0,False,,苏甲,False
20261010-SC2-Alloa-Hamilton-U25,SC2,2026-10-10,15:00,Alloa,Hamilton,OU25,U25,小于 2.5 球,0.5770133262261723,0.46900269541778977,0.5014058846603044,average,market_max,1.9943922291169083,2.0542239959904154,2.0,1.97,0.0028117693206088923,1.0,False,,苏甲,False
20261010-SC2-Alloa-Hamilton-HO25,SC2,2026-10-10,15:00,Alloa,Hamilton,1X2+OU25,H&O25,主胜 Alloa + 大于 2.5 球,0.1576363191890544,0.14244878438315586,0.14870171306325103,average,,6.72487209057669,6.926618253293991,,,,1.0,False,7.996281751003788,苏甲,False
20261010-SC2-Alloa-Hamilton-HU25,SC2,2026-10-10,15:00,Alloa,Hamilton,1X2+OU25,H&U25,主胜 Alloa + 小于 2.5 球,0.143425172108109,0.08684129293884867,0.10211978845153101,average,,9.79242138241041,10.086194023882724,,,,1.0,False,7.95144043502751,苏甲,False
20261010-SC2-Alloa-Hamilton-DO25,SC2,2026-10-10,15:00,Alloa,Hamilton,1X2+OU25,D&O25,平局 + 大于 2.5 球,0.05326839556363737,0.06123191554942961,0.05913857114155915,average,,16.909437964037284,17.4167211029584,,,,1.0,False,7.445182320786564,苏甲,False
20261010-SC2-Alloa-Hamilton-DU25,SC2,2026-10-10,15:00,Alloa,Hamilton,1X2+OU25,D&U25,平局 + 小于 2.5 球,0.2509041445650706,0.19324777590072614,0.21024897491144223,average,,4.756265757876842,4.898953730613147,,,,1.0,False,7.403431444148747,苏甲,False
20261010-SC2-Alloa-Hamilton-AO25,SC2,2026-10-10,15:00,Alloa,Hamilton,1X2+OU25,A&O25,客胜 Hamilton + 大于 2.5 球,0.2120819590211359,0.3273166046496248,0.29075383113488545,average,,3.4393355922319166,3.5425156599988745,,,,1.0,False,4.180235965590988,苏甲,False
20261010-SC2-Alloa-Hamilton-AU25,SC2,2026-10-10,15:00,Alloa,Hamilton,1X2+OU25,A&U25,客胜 Hamilton + 小于 2.5 球,0.1826840095529926,0.18891362657821492,0.18903712129733122,average,,5.289966294118116,5.4486652829416595,,,,1.0,False,4.156794160058694,苏甲,False
20261010-SC2-CoveRangers-EastFife-H,SC2,2026-10-10,15:00,Cove Rangers,East Fife,1X2,H,主胜 Cove Rangers,0.535570513364915,0.41454801034309213,0.45085476124963897,average,market_max,2.2180091815561385,2.284549457002823,2.25,2.18,0.01442321281168768,1.0,False,,苏甲,False
20261010-SC2-CoveRangers-EastFife-D,SC2,2026-10-10,15:00,Cove Rangers,East Fife,1X2,D,平局,0.28285234035594964,0.27806605001475104,0.2795019371171106,average,market_max,3.57779273487111,3.685126516917243,3.4,3.25,-0.049693413801824016,1.0,False,,苏甲,False
20261010-SC2-CoveRangers-EastFife-A,SC2,2026-10-10,15:00,Cove Rangers,East Fife,1X2,A,客胜 East Fife,0.1815771462791351,0.30738593964215677,0.26964330163325023,average,market_max,3.7086031581089647,3.8198612528522338,3.0,2.94,-0.1910700951002493,1.0,False,,苏甲,False
20261010-SC2-CoveRangers-EastFife-O25,SC2,2026-10-10,15:00,Cove Rangers,East Fife,OU25,O25,大于 2.5 球,0.4105405470243424,0.491891891891892,0.4674864884316271,average,market_max,2.1390992568681617,2.2032722345742064,1.95,1.88,-0.08840134755832718,1.0,False,,苏甲,False
20261010-SC2-CoveRangers-EastFife-U25,SC2,2026-10-10,15:00,Cove Rangers,East Fife,OU25,U25,小于 2.5 球,0.5894594529756576,0.5081081081081081,0.5325135115683729,average,market_max,1.8778866231107894,1.934223221804113,1.87,1.82,-0.004199733367142633,1.0,False,,苏甲,False
20261010-SC2-CoveRangers-EastFife-HO25,SC2,2026-10-10,15:00,Cove Rangers,East Fife,1X2+OU25,H&O25,主胜 Cove Rangers + 大于 2.5 球,0.283569686216751,0.259793965628887,0.26979207781370146,average,,3.7065580579816966,3.8177547997211474,,,,1.0,False,4.744541791993496,苏甲,False
20261010-SC2-CoveRangers-EastFife-HU25,SC2,2026-10-10,15:00,Cove Rangers,East Fife,1X2+OU25,H&U25,主胜 Cove Rangers + 小于 2.5 球,0.2520008271481641,0.15475404471463194,0.18106268343616766,average,,5.522949185454565,5.688637661018203,,,,1.0,False,4.165169771981183,苏甲,False
20261010-SC2-CoveRangers-EastFife-DO25,SC2,2026-10-10,15:00,Cove Rangers,East Fife,1X2+OU25,D&O25,平局 + 大于 2.5 球,0.041364980413716994,0.056595678180235746,0.05167552467526634,average,,19.351520981820507,19.932066611275122,,,,1.0,False,7.6532537803911,苏甲,False
20261010-SC2-CoveRangers-EastFife-DU25,SC2,2026-10-10,15:00,Cove Rangers,East Fife,1X2+OU25,D&U25,平局 + 小于 2.5 球,0.24148735994223272,0.221470371833903,0.22782641244153648,average,,4.389306706291634,4.520985907480384,,,,1.0,False,6.718689117077424,苏甲,False
20261010-SC2-CoveRangers-EastFife-AO25,SC2,2026-10-10,15:00,Cove Rangers,East Fife,1X2+OU25,A&O25,客胜 East Fife + 大于 2.5 球,0.08560588039387444,0.17550224808276915,0.14601888594265933,average,,6.848429184651454,7.053882060190998,,,,1.0,False,7.933070259529804,苏甲,False
20261010-SC2-CoveRangers-EastFife-AU25,SC2,2026-10-10,15:00,Cove Rangers,East Fife,1X2+OU25,A&U25,客胜 East Fife + 小于 2.5 球,0.09597126588526068,0.13188369155957322,0.12362441569066877,average,,8.089016998892722,8.331687508859504,,,,1.0,False,6.964336261039253,苏甲,False
20261010-SC2-EastKilbride-AirdrieUtd-H,SC2,2026-10-10,15:00,East Kilbride,Airdrie Utd,1X2,H,主胜 East Kilbride,0.5944040310767675,0.49028676064934906,0.5215219417775745,average,market_max,1.9174648656038582,1.9749888115719738,1.88,1.84,-0.019538749458160032,1.0,False,,苏甲,False
20261010-SC2-EastKilbride-AirdrieUtd-D,SC2,2026-10-10,15:00,East Kilbride,Airdrie Utd,1X2,D,平局,0.26682417752721266,0.25269681781367015,0.2569350257277329,average,market_max,3.892034560751841,4.008795597574396,3.75,3.57,-0.036493653521001534,1.0,False,,苏甲,False
20261010-SC2-EastKilbride-AirdrieUtd-A,SC2,2026-10-10,15:00,East Kilbride,Airdrie Utd,1X2,A,客胜 Airdrie Utd,0.13877179139601947,0.25701642153698073,0.22154303249469234,average,market_max,4.51379575669552,4.649209629396386,3.6,3.51,-0.20244508301910757,1.0,False,,苏甲,False
20261010-SC2-EastKilbride-AirdrieUtd-O25,SC2,2026-10-10,15:00,East Kilbride,Airdrie Utd,OU25,O25,大于 2.5 球,0.4017662963108982,0.5519999999999999,0.5069298888932694,average,market_max,1.9726593793536271,2.031839160734236,1.7,1.68,-0.13821918888144202,1.0,False,,苏甲,False
20261010-SC2-EastKilbride-AirdrieUtd-U25,SC2,2026-10-10,15:00,East Kilbride,Airdrie Utd,OU25,U25,小于 2.5 球,0.5982337036891018,0.448,0.4930701111067305,average,market_max,2.0281091420354596,2.088952416296524,2.1,2.07,0.03544723332413402,1.0,True,,苏甲,False
20261010-SC2-EastKilbride-AirdrieUtd-HO25,SC2,2026-10-10,15:00,East Kilbride,Airdrie Utd,1X2+OU25,H&O25,主胜 East Kilbride + 大于 2.5 球,0.30782385507113824,0.3371061216693115,0.3335229787689225,average,,2.9982941615931007,3.0882429864408936,,,,1.0,False,3.782505051714493,苏甲,False
20261010-SC2-EastKilbride-AirdrieUtd-HU25,SC2,2026-10-10,15:00,East Kilbride,Airdrie Utd,1X2+OU25,H&U25,主胜 East Kilbride + 小于 2.5 球,0.2865801760056294,0.1531806389806273,0.1879989630088967,average,,5.3191782762795174,5.478753624567903,,,,1.0,False,3.8888280234629784,苏甲,False
20261010-SC2-EastKilbride-AirdrieUtd-DO25,SC2,2026-10-10,15:00,East Kilbride,Airdrie Utd,1X2+OU25,D&O25,平局 + 大于 2.5 球,0.033424913777907676,0.0573245206054327,0.049147777638144534,average,,20.34679995833384,20.957203957083856,,,,1.0,False,7.677658481035594,苏甲,False
20261010-SC2-EastKilbride-AirdrieUtd-DU25,SC2,2026-10-10,15:00,East Kilbride,Airdrie Utd,1X2+OU25,D&U25,平局 + 小于 2.5 球,0.23339926374930503,0.19537229720750846,0.20778724808930157,average,,4.81261487023605,4.956993316343132,,,,1.0,False,7.893470873778774,苏甲,False
20261010-SC2-EastKilbride-AirdrieUtd-AO25,SC2,2026-10-10,15:00,East Kilbride,Airdrie Utd,1X2+OU25,A&O25,客胜 Airdrie Utd + 大于 2.5 球,0.06051752746185223,0.15756935772525568,0.12425913248620245,average,,8.04769822540841,8.289129172170663,,,,1.0,False,8.90418153593202,苏甲,False
20261010-SC2-EastKilbride-AirdrieUtd-AU25,SC2,2026-10-10,15:00,East Kilbride,Airdrie Utd,1X2+OU25,A&U25,客胜 Airdrie Utd + 小于 2.5 球,0.07825426393416723,0.0994470638118643,0.09728390000853225,average,,10.279193164668515,10.587568959608571,,,,1.0,False,9.15447043943505,苏甲,False
20261010-SC2-Montrose-RossCounty-H,SC2,2026-10-10,15:00,Montrose,Ross County,1X2,H,主胜 Montrose,0.03461660556598495,0.15124210197746243,0.11625445305401919,average,market_max,8.601821037645212,8.859875668774569,6.5,5.97,-0.2443460551488753,1.0,False,,苏甲,False
20261010-SC2-Montrose-RossCounty-D,SC2,2026-10-10,15:00,Montrose,Ross County,1X2,D,平局,0.08566450319064002,0.20381836316150131,0.1683722051702429,average,market_max,5.939222563420664,6.117399240323284,4.75,4.43,-0.20023202544134622,1.0,False,,苏甲,False
20261010-SC2-Montrose-RossCounty-A,SC2,2026-10-10,15:00,Montrose,Ross County,1X2,A,客胜 Ross County,0.8797188912433751,0.6449395348610363,0.715373341775738,average,market_max,1.3978714911541805,1.5,1.44,1.4,0.030137612157062676,1.0,False,,苏甲,False
20261010-SC2-Montrose-RossCounty-O25,SC2,2026-10-10,15:00,Montrose,Ross County,OU25,O25,大于 2.5 球,0.8022218560023733,0.6183206106870229,0.673490984281628,average,market_max,1.4848008708930815,1.529344897019874,1.58,1.5,0.06411575516497225,1.0,True,,苏甲,False
20261010-SC2-Montrose-RossCounty-U25,SC2,2026-10-10,15:00,Montrose,Ross County,OU25,U25,小于 2.5 球,0.19777814399762672,0.38167938931297707,0.32650901571837193,average,market_max,3.062702565195146,3.1545836421510005,2.5,2.43,-0.1837274607040702,1.0,False,,苏甲,False
20261010-SC2-Montrose-RossCounty-HO25,SC2,2026-10-10,15:00,Montrose,Ross County,1X2+OU25,H&O25,主胜 Montrose + 大于 2.5 球,0.025041456615881696,0.0882496487482974,0.07239524820315778,average,,13.813061282610278,14.227453121088587,,,,1.0,False,12.771991367962043,苏甲,False
20261010-SC2-Montrose-RossCounty-HU25,SC2,2026-10-10,15:00,Montrose,Ross County,1X2+OU25,H&U25,主胜 Montrose + 小于 2.5 球,0.009575148950103245,0.06299245322919231,0.043859204850917946,average,,22.800230952638227,23.484237881217375,,,,1.0,False,26.344819357345568,苏甲,False
20261010-SC2-Montrose-RossCounty-DO25,SC2,2026-10-10,15:00,Montrose,Ross County,1X2+OU25,D&O25,平局 + 大于 2.5 球,0.02987521473770837,0.04543415906862041,0.0425319329850786,average,,23.51174587693506,24.217098253243112,,,,1.0,False,8.818562834594841,苏甲,False
20261010-SC2-Montrose-RossCounty-DU25,SC2,2026-10-10,15:00,Montrose,Ross County,1X2+OU25,D&U25,平局 + 小于 2.5 球,0.05578928845293166,0.15838420409329818,0.12584027218584307,average,,7.946581667617366,8.184979117645886,,,,1.0,False,18.19007218025336,苏甲,False
20261010-SC2-Montrose-RossCounty-AO25,SC2,2026-10-10,15:00,Montrose,Ross County,1X2+OU25,A&O25,客胜 Ross County + 大于 2.5 球,0.7473051846487833,0.4846368028701051,0.5585638030933917,average,,1.7903057707318,1.844014943853754,,,,1.0,False,2.0755608074623377,苏甲,False
20261010-SC2-Montrose-RossCounty-AU25,SC2,2026-10-10,15:00,Montrose,Ross County,1X2+OU25,A&U25,客胜 Ross County + 小于 2.5 球,0.1324137065945917,0.1603027319904866,0.15680953868161093,average,,6.377163075713264,6.568477967984662,,,,1.0,False,4.281264601771072,苏甲,False
20261010-SC2-Peterhead-QueenofSth-H,SC2,2026-10-10,15:00,Peterhead,Queen of Sth,1X2,H,主胜 Peterhead,0.34548026814983945,0.4663344067056101,0.43007816513887887,average,market_max,2.325158729406978,2.3949134912891874,2.0,1.94,-0.13984366972224227,1.0,False,,苏甲,False
20261010-SC2-Peterhead-QueenofSth-D,SC2,2026-10-10,15:00,Peterhead,Queen of Sth,1X2,D,平局,0.24888218718301341,0.25270635447175516,0.2515591042851326,average,market_max,3.975208938836649,4.094465207001749,3.7,3.58,-0.06923131414500927,1.0,False,,苏甲,False
20261010-SC2-Peterhead-QueenofSth-A,SC2,2026-10-10,15:00,Peterhead,Queen of Sth,1X2,A,客胜 Queen of Sth,0.405637544667147,0.2809592388226346,0.3183627305759883,average,market_max,3.141071186915566,3.2353033225230328,3.4,3.22,0.08243328395836014,1.0,True,,苏甲,False
20261010-SC2-Peterhead-QueenofSth-O25,SC2,2026-10-10,15:00,Peterhead,Queen of Sth,OU25,O25,大于 2.5 球,0.6479347437969425,0.5926892950391646,0.6092629296664979,average,market_max,1.6413274980432278,1.6905673229845246,1.62,1.56,-0.01299405394027342,1.0,False,,苏甲,False
20261010-SC2-Peterhead-QueenofSth-U25,SC2,2026-10-10,15:00,Peterhead,Queen of Sth,OU25,U25,小于 2.5 球,0.3520652562030575,0.40731070496083555,0.39073707033350213,average,market_max,2.5592657465197233,2.636043718915315,2.38,2.27,-0.07004577260626499,1.0,False,,苏甲,False
20261010-SC2-Peterhead-QueenofSth-HO25,SC2,2026-10-10,15:00,Peterhead,Queen of Sth,1X2+OU25,H&O25,主胜 Peterhead + 大于 2.5 球,0.25374287973207066,0.31824402149123454,0.3003176044845544,average,,3.329808126687528,3.4297023704881537,,,,1.0,False,3.816346959890925,苏甲,False
20261010-SC2-Peterhead-QueenofSth-HU25,SC2,2026-10-10,15:00,Peterhead,Queen of Sth,1X2+OU25,H&U25,主胜 Peterhead + 小于 2.5 球,0.09173738841776867,0.14809038521422577,0.12976056065421804,average,,7.706501844306679,7.937696899635879,,,,1.0,False,5.950699091392601,苏甲,False
20261010-SC2-Peterhead-QueenofSth-DO25,SC2,2026-10-10,15:00,Peterhead,Queen of Sth,1X2+OU25,D&O25,平局 + 大于 2.5 球,0.09391359388298709,0.08089510776119994,0.08464074310382429,average,,11.814641073901647,12.169080306118698,,,,1.0,False,6.524619741779833,苏甲,False
20261010-SC2-Peterhead-QueenofSth-DU25,SC2,2026-10-10,15:00,Peterhead,Queen of Sth,1X2+OU25,D&U25,平局 + 小于 2.5 球,0.15496859330002635,0.1718112467108018,0.16691836118149936,average,,5.990952660460438,6.170681240274252,,,,1.0,False,10.173616072423656,苏甲,False
20261010-SC2-Peterhead-QueenofSth-AO25,SC2,2026-10-10,15:00,Peterhead,Queen of Sth,1X2+OU25,A&O25,客胜 Queen of Sth + 大于 2.5 球,0.3002782701818847,0.19355016578672998,0.22430458207811918,average,,4.458223682883693,4.591970393370204,,,,1.0,False,5.155526512395797,苏甲,False
20261010-SC2-Peterhead-QueenofSth-AU25,SC2,2026-10-10,15:00,Peterhead,Queen of Sth,1X2+OU25,A&U25,客胜 Queen of Sth + 小于 2.5 球,0.10535927448526236,0.08740907303580794,0.09405814849778474,average,,10.631721078621402,10.950672710980045,,,,1.0,False,8.038835896053058,苏甲,False
20261010-SC3-AnnanAthletic-Stranraer-H,SC3,2026-10-10,15:00,Annan Athletic,Stranraer,1X2,H,主胜 Annan Athletic,0.32547728105447415,0.3556067722938867,0.3465679249220629,average,market_max,2.8854372493498426,2.972000366830338,2.6,2.54,-0.09892339520263649,1.0,False,,苏乙,False
20261010-SC3-AnnanAthletic-Stranraer-D,SC3,2026-10-10,15:00,Annan Athletic,Stranraer,1X2,D,平局,0.30560204306277194,0.2648801177790241,0.27709669536414844,average,market_max,3.608848523746714,3.7171139794591155,3.5,3.41,-0.030161566225480496,1.0,False,,苏乙,False
20261010-SC3-AnnanAthletic-Stranraer-A,SC3,2026-10-10,15:00,Annan Athletic,Stranraer,1X2,A,客胜 Stranraer,0.3689206758827539,0.3795131099270892,0.37633537971378855,average,market_max,2.6572043286510088,2.7369204585105393,2.45,2.38,-0.07797831970121794,1.0,False,,苏乙,False
20261010-SC3-AnnanAthletic-Stranraer-O25,SC3,2026-10-10,15:00,Annan Athletic,Stranraer,OU25,O25,大于 2.5 球,0.3675710008261565,0.5573333333333332,0.5004046335811801,average,market_max,1.9983827744428169,2.0583342576761017,1.7,1.66,-0.1493121229119938,1.0,False,,苏乙,False
20261010-SC3-AnnanAthletic-Stranraer-U25,SC3,2026-10-10,15:00,Annan Athletic,Stranraer,OU25,U25,小于 2.5 球,0.6324289991738434,0.44266666666666665,0.49959536641881963,average,market_max,2.00161984521226,2.061668440568628,2.1,2.09,0.04915026947952117,1.0,True,,苏乙,False
20261010-SC3-AnnanAthletic-Stranraer-HO25,SC3,2026-10-10,15:00,Annan Athletic,Stranraer,1X2+OU25,H&O25,主胜 Annan Athletic + 大于 2.5 球,0.14995962743070385,0.23294333992166324,0.2078296455611873,average,,4.811633091611029,4.95598208435936,,,,1.0,False,5.766208095836389,苏乙,False
20261010-SC3-AnnanAthletic-Stranraer-HU25,SC3,2026-10-10,15:00,Annan Athletic,Stranraer,1X2+OU25,H&U25,主胜 Annan Athletic + 小于 2.5 球,0.17551765362377036,0.12266343237234617,0.1387382793609303,average,,7.2078160735904815,7.424050555798196,,,,1.0,False,5.775548460413321,苏乙,False
20261010-SC3-AnnanAthletic-Stranraer-DO25,SC3,2026-10-10,15:00,Annan Athletic,Stranraer,1X2+OU25,D&O25,平局 + 大于 2.5 球,0.04471310783144088,0.07306917617032878,0.06402647546903699,average,,15.618538935250262,16.08709510330777,,,,1.0,False,7.211860725428822,苏乙,False
20261010-SC3-AnnanAthletic-Stranraer-DU25,SC3,2026-10-10,15:00,Annan Athletic,Stranraer,1X2+OU25,D&U25,平局 + 小于 2.5 球,0.26088893523133105,0.19181094160843212,0.21307021989499278,average,,4.693288440274897,4.834087093483144,,,,1.0,False,7.22354282349639,苏乙,False
20261010-SC3-AnnanAthletic-Stranraer-AO25,SC3,2026-10-10,15:00,Annan Athletic,Stranraer,1X2+OU25,A&O25,客胜 Stranraer + 大于 2.5 球,0.1728982655640118,0.25132081724134125,0.22854851255095596,average,,4.375438670934449,4.5067018310624825,,,,1.0,False,5.310111358551066,苏乙,False
20261010-SC3-AnnanAthletic-Stranraer-AU25,SC3,2026-10-10,15:00,Annan Athletic,Stranraer,1X2+OU25,A&U25,客胜 Stranraer + 小于 2.5 球,0.19602241031874207,0.12819229268588844,0.14778686716289666,average,,6.766501105255581,6.969496138413249,,,,1.0,False,5.318712917011779,苏乙,False
20261010-SC3-Clyde-Dumbarton-H,SC3,2026-10-10,15:00,Clyde,Dumbarton,1X2,H,主胜 Clyde,0.6293481064602323,0.5860291361756772,0.5990248272610437,average,market_max,1.6693798895988312,1.7194612862867962,1.58,1.54,-0.053540772927550995,1.0,False,,苏乙,False
20261010-SC3-Clyde-Dumbarton-D,SC3,2026-10-10,15:00,Clyde,Dumbarton,1X2,D,平局,0.2053729667125549,0.21904972565789876,0.21494669797429558,average,market_max,4.652316176169336,4.791885661454416,4.33,4.12,-0.06928079777130014,1.0,False,,苏乙,False
20261010-SC3-Clyde-Dumbarton-A,SC3,2026-10-10,15:00,Clyde,Dumbarton,1X2,A,客胜 Dumbarton,0.16527892682721285,0.19492113816642395,0.1860284747646606,average,market_max,5.375521146776437,5.536786781179731,4.75,4.63,-0.11636474486786208,1.0,False,,苏乙,False
20261010-SC3-Clyde-Dumbarton-O25,SC3,2026-10-10,15:00,Clyde,Dumbarton,OU25,O25,大于 2.5 球,0.6199043055504924,0.6535626535626535,0.6434651491590051,average,market_max,1.5540857205817256,1.6007082921991775,1.45,1.41,-0.06697553371944265,1.0,False,,苏乙,False
20261010-SC3-Clyde-Dumbarton-U25,SC3,2026-10-10,15:00,Clyde,Dumbarton,OU25,U25,小于 2.5 球,0.38009569444950764,0.3464373464373464,0.3565348508409948,average,market_max,2.804774898277683,2.8889181452260133,2.75,2.66,-0.01952916018726436,1.0,False,,苏乙,False
20261010-SC3-Clyde-Dumbarton-HO25,SC3,2026-10-10,15:00,Clyde,Dumbarton,1X2+OU25,H&O25,主胜 Clyde + 大于 2.5 球,0.4488196335576956,0.44072424263154397,0.44363894831340006,average,,2.254085228093115,2.3217077849359082,,,,1.0,False,2.5943594486518413,苏乙,False
20261010-SC3-Clyde-Dumbarton-HU25,SC3,2026-10-10,15:00,Clyde,Dumbarton,1X2+OU25,H&U25,主胜 Clyde + 小于 2.5 球,0.1805284729025368,0.14530489354435422,0.15538587894778155,average,,6.435591231144348,6.628658968078678,,,,1.0,False,4.6822348100363715,苏乙,False
20261010-SC3-Clyde-Dumbarton-DO25,SC3,2026-10-10,15:00,Clyde,Dumbarton,1X2+OU25,D&O25,平局 + 大于 2.5 球,0.06546501683130605,0.07960373954391906,0.0751305090174255,average,,13.310172033681598,13.709477194692045,,,,1.0,False,7.230098137016141,苏乙,False
20261010-SC3-Clyde-Dumbarton-DU25,SC3,2026-10-10,15:00,Clyde,Dumbarton,1X2+OU25,D&U25,平局 + 小于 2.5 球,0.13990794988124886,0.13944598611373632,0.1398161889567204,average,,7.152247586361737,7.366815013952589,,,,1.0,False,13.048699629770967,苏乙,False
20261010-SC3-Clyde-Dumbarton-AO25,SC3,2026-10-10,15:00,Clyde,Dumbarton,1X2+OU25,A&O25,客胜 Dumbarton + 大于 2.5 球,0.10561965516149065,0.13323467138719045,0.12469569182817959,average,,8.019523251676713,8.260108949227014,,,,1.0,False,8.354020654890364,苏乙,False
20261010-SC3-Clyde-Dumbarton-AU25,SC3,2026-10-10,15:00,Clyde,Dumbarton,1X2+OU25,A&U25,客胜 Dumbarton + 小于 2.5 球,0.059659271665722234,0.0616864667792559,0.061332782936492865,average,,16.30449414035968,16.79362896457047,,,,1.0,False,15.077126777639416,苏乙,False
20261010-SC3-EdinburghCity-Spartans-H,SC3,2026-10-10,15:00,Edinburgh City,Spartans,1X2,H,主胜 Edinburgh City,0.3384912190282687,0.3546553413917021,0.34980610468267204,average,market_max,2.8587265534063615,2.9444883500085526,2.65,2.55,-0.07301382259091915,1.0,False,,苏乙,False
20261010-SC3-EdinburghCity-Spartans-D,SC3,2026-10-10,15:00,Edinburgh City,Spartans,1X2,D,平局,0.23882621180904265,0.26213655668082325,0.25514345321928905,average,market_max,3.9193637437388076,4.036944656050972,3.6,3.45,-0.08148356841055937,1.0,False,,苏乙,False
20261010-SC3-EdinburghCity-Spartans-A,SC3,2026-10-10,15:00,Edinburgh City,Spartans,1X2,A,客胜 Spartans,0.42268256916268865,0.3832081019274747,0.39505044209803886,average,market_max,2.5313223159280303,2.6072619854058714,2.4,2.36,-0.051878938964706744,1.0,False,,苏乙,False
20261010-SC3-EdinburghCity-Spartans-O25,SC3,2026-10-10,15:00,Edinburgh City,Spartans,OU25,O25,大于 2.5 球,0.6359013340448685,0.5664893617021276,0.5873129534049498,average,market_max,1.7026697507734079,1.75374984329661,1.67,1.63,-0.01918736781373387,1.0,False,,苏乙,False
20261010-SC3-EdinburghCity-Spartans-U25,SC3,2026-10-10,15:00,Edinburgh City,Spartans,OU25,U25,小于 2.5 球,0.3640986659551315,0.4335106382978723,0.41268704659505,average,market_max,2.423143658737736,2.495837968499868,2.2,2.13,-0.09208849749088988,1.0,False,,苏乙,False
20261010-SC3-EdinburghCity-Spartans-HO25,SC3,2026-10-10,15:00,Edinburgh City,Spartans,1X2+OU25,H&O25,主胜 Edinburgh City + 大于 2.5 球,0.2401389887676531,0.22993563915092605,0.2332995296786317,average,,4.2863352591301505,4.414925316904054,,,,1.0,False,4.867467228217733,苏乙,False
20261010-SC3-EdinburghCity-Spartans-HU25,SC3,2026-10-10,15:00,Edinburgh City,Spartans,1X2+OU25,H&U25,主胜 Edinburgh City + 小于 2.5 球,0.09835223026061561,0.12471970224053702,0.11650657500388356,average,,8.583206569815193,8.840702766909649,,,,1.0,False,6.927105119951809,苏乙,False
20261010-SC3-EdinburghCity-Spartans-DO25,SC3,2026-10-10,15:00,Edinburgh City,Spartans,1X2+OU25,D&O25,平局 + 大于 2.5 球,0.09129855068897628,0.0834825815380986,0.08589922636787246,average,,11.641548385050582,11.990794836602099,,,,1.0,False,6.673382088742086,苏乙,False
20261010-SC3-EdinburghCity-Spartans-DU25,SC3,2026-10-10,15:00,Edinburgh City,Spartans,1X2+OU25,D&U25,平局 + 小于 2.5 球,0.1475276611200664,0.17865397514326,0.16924422685177667,average,,5.908621041920653,6.0858796731782725,,,,1.0,False,9.497181401927284,苏乙,False
20261010-SC3-EdinburghCity-Spartans-AO25,SC3,2026-10-10,15:00,Edinburgh City,Spartans,1X2+OU25,A&O25,客胜 Spartans + 大于 2.5 球,0.3044637945882393,0.253071141013103,0.26811419735844577,average,,3.7297539997969054,3.841646619790813,,,,1.0,False,4.310005936788345,苏乙,False
20261010-SC3-EdinburghCity-Spartans-AU25,SC3,2026-10-10,15:00,Edinburgh City,Spartans,1X2+OU25,A&U25,客胜 Spartans + 小于 2.5 球,0.11821877457444938,0.1301369609140753,0.12693624473938991,average,,7.877970567453596,8.114309684477202,,,,1.0,False,6.133757618062327,苏乙,False
20261010-SC3-Forfar-Elgin-H,SC3,2026-10-10,15:00,Forfar,Elgin,1X2,H,主胜 Forfar,0.3766578961778696,0.27938678183269544,0.3085681161362477,average,market_max,3.240775529635252,3.3379987955243093,3.3,3.23,0.018274783249617288,1.0,False,,苏乙,False
20261010-SC3-Forfar-Elgin-D,SC3,2026-10-10,15:00,Forfar,Elgin,1X2,D,平局,0.27416882420080324,0.25783408723417317,0.2627345083241622,average,market_max,3.8061235517878704,3.920307258341507,3.6,3.5,-0.05415577003301619,1.0,False,,苏乙,False
20261010-SC3-Forfar-Elgin-A,SC3,2026-10-10,15:00,Forfar,Elgin,1X2,A,客胜 Elgin,0.34917327962132716,0.4627791309331314,0.4286973755395901,average,market_max,2.332647823517292,2.402627258222811,2.0,1.95,-0.14260524892081983,1.0,False,,苏乙,False
20261010-SC3-Forfar-Elgin-O25,SC3,2026-10-10,15:00,Forfar,Elgin,OU25,O25,大于 2.5 球,0.4839245952983277,0.5481283422459893,0.5288672181616908,average,market_max,1.8908337776652846,1.9475587909952432,1.73,1.69,-0.0850597125802749,1.0,False,,苏乙,False
20261010-SC3-Forfar-Elgin-U25,SC3,2026-10-10,15:00,Forfar,Elgin,OU25,U25,小于 2.5 球,0.5160754047016722,0.45187165775401067,0.4711327818383091,average,market_max,2.1225438741454337,2.186220190369797,2.1,2.05,-0.01062115813955089,1.0,False,,苏乙,False
20261010-SC3-Forfar-Elgin-HO25,SC3,2026-10-10,15:00,Forfar,Elgin,1X2+OU25,H&O25,主胜 Forfar + 大于 2.5 球,0.2184930322359255,0.17939361539251494,0.19249057846230017,average,,5.195059456875459,5.3509112405817225,,,,1.0,False,6.127767837265437,苏乙,False
20261010-SC3-Forfar-Elgin-HU25,SC3,2026-10-10,15:00,Forfar,Elgin,1X2+OU25,H&U25,主胜 Forfar + 小于 2.5 球,0.1581648639419441,0.09999316644022264,0.11607753767426653,average,,8.614931191994884,8.873379127754731,,,,1.0,False,6.878688247907728,苏乙,False
20261010-SC3-Forfar-Elgin-DO25,SC3,2026-10-10,15:00,Forfar,Elgin,1X2+OU25,D&O25,平局 + 大于 2.5 球,0.0644590572456728,0.07355962732111247,0.07081415023109076,average,,14.121471439488554,14.54511558267321,,,,1.0,False,7.196746973687869,苏乙,False
20261010-SC3-Forfar-Elgin-DU25,SC3,2026-10-10,15:00,Forfar,Elgin,1X2+OU25,D&U25,平局 + 小于 2.5 球,0.20970976695513038,0.1842744599129518,0.19192035809232963,average,,5.210494654865728,5.3668094945117,,,,1.0,False,8.078664229088005,苏乙,False
20261010-SC3-Forfar-Elgin-AO25,SC3,2026-10-10,15:00,Forfar,Elgin,1X2+OU25,A&O25,客胜 Elgin + 大于 2.5 球,0.2009725058167294,0.2951750995323618,0.26556248946829997,average,,3.765592053313574,3.878559814912981,,,,1.0,False,4.410649296103905,苏乙,False
20261010-SC3-Forfar-Elgin-AU25,SC3,2026-10-10,15:00,Forfar,Elgin,1X2+OU25,A&U25,客胜 Elgin + 小于 2.5 球,0.1482007738045978,0.16760403140083624,0.16313488607171295,average,,6.1298967013126,6.3137936023519785,,,,1.0,False,4.951147348345307,苏乙,False
20261010-SC3-Stirling-KeltyHearts-H,SC3,2026-10-10,15:00,Stirling,Kelty Hearts,1X2,H,主胜 Stirling,0.4912376736797841,0.3803813574092795,0.41363825229043083,average,market_max,2.4175713790074296,2.4900985203776527,2.4,2.37,-0.007268194502966008,1.0,False,,苏乙,False
20261010-SC3-Stirling-KeltyHearts-D,SC3,2026-10-10,15:00,Stirling,Kelty Hearts,1X2,D,平局,0.2197899279069364,0.25610903893749787,0.24521330562832944,average,market_max,4.078082131137301,4.20042459507142,3.6,3.52,-0.11723209973801396,1.0,False,,苏乙,False
20261010-SC3-Stirling-KeltyHearts-A,SC3,2026-10-10,15:00,Stirling,Kelty Hearts,1X2,A,客胜 Kelty Hearts,0.2889723984132794,0.36350960365322277,0.34114844208123973,average,market_max,2.9312752944123486,3.019213553244719,2.57,2.48,-0.12324850385121389,1.0,False,,苏乙,False
20261010-SC3-Stirling-KeltyHearts-O25,SC3,2026-10-10,15:00,Stirling,Kelty Hearts,OU25,O25,大于 2.5 球,0.7005356096775321,0.5826771653543307,0.6180346986512911,average,market_max,1.6180321302060456,1.666573094112227,1.62,1.59,0.0012162118150917944,1.0,False,,苏乙,False
20261010-SC3-Stirling-KeltyHearts-U25,SC3,2026-10-10,15:00,Stirling,Kelty Hearts,OU25,U25,小于 2.5 球,0.29946439032246785,0.41732283464566927,0.3819653013487088,average,market_max,2.6180388544954947,2.6965800201303596,2.25,2.22,-0.14057807196540517,1.0,False,,苏乙,False
20261010-SC3-Stirling-KeltyHearts-HO25,SC3,2026-10-10,15:00,Stirling,Kelty Hearts,1X2+OU25,H&O25,主胜 Stirling + 大于 2.5 球,0.38269386323224125,0.25947527117073743,0.2945145553993734,average,,3.3954179230427526,3.497280460734035,,,,1.0,False,3.911708168300559,苏乙,False
20261010-SC3-Stirling-KeltyHearts-HU25,SC3,2026-10-10,15:00,Stirling,Kelty Hearts,1X2+OU25,H&U25,主胜 Stirling + 小于 2.5 球,0.10854381044754285,0.120906086238058,0.11912369689071874,average,,8.394635375674886,8.646474436945134,,,,1.0,False,6.329295803757704,苏乙,False
20261010-SC3-Stirling-KeltyHearts-DO25,SC3,2026-10-10,15:00,Stirling,Kelty Hearts,1X2+OU25,D&O25,平局 + 大于 2.5 球,0.09935726204851796,0.08561710375471397,0.0898693815060037,average,,11.127260288680137,11.461078097340542,,,,1.0,False,6.598467917799297,苏乙,False
20261010-SC3-Stirling-KeltyHearts-DU25,SC3,2026-10-10,15:00,Stirling,Kelty Hearts,1X2+OU25,D&U25,平局 + 小于 2.5 球,0.12043266585841844,0.1704919351835977,0.15534392412286324,average,,6.437329336479802,6.630449216574196,,,,1.0,False,10.676577471141243,苏乙,False
20261010-SC3-Stirling-KeltyHearts-AO25,SC3,2026-10-10,15:00,Stirling,Kelty Hearts,1X2+OU25,A&O25,客胜 Kelty Hearts + 大于 2.5 球,0.2184844843967727,0.23758479042887937,0.2336507617459141,average,,4.279891888764567,4.408288645427504,,,,1.0,False,4.742897608838366,苏乙,False
20261010-SC3-Stirling-KeltyHearts-AU25,SC3,2026-10-10,15:00,Stirling,Kelty Hearts,1X2+OU25,A&U25,客胜 Kelty Hearts + 小于 2.5 球,0.0704879140165067,0.12592481322401367,0.10749768033512688,average,,9.302526313893225,9.58160210331002,,,,1.0,False,7.674192613994247,苏乙,False
20261010-SP1-Vallecano-AthBilbao-H,SP1,2026-10-10,13:00,Vallecano,Ath Bilbao,1X2,H,主胜 Vallecano,0.40162252356702854,0.3487714987714987,0.36462680621015764,average,market_max,2.7425301238648823,2.8248060275808284,2.75,2.7,0.0027237170779335074,1.0,False,,西甲,False
20261010-SP1-Vallecano-AthBilbao-D,SP1,2026-10-10,13:00,Vallecano,Ath Bilbao,1X2,D,平局,0.2939750914581716,0.2819410319410319,0.2855512497961738,average,market_max,3.5019983302955215,3.607058280204387,3.4,3.34,-0.029125750693009156,1.0,False,,西甲,False
20261010-SP1-Vallecano-AthBilbao-A,SP1,2026-10-10,13:00,Vallecano,Ath Bilbao,1X2,A,客胜 Ath Bilbao,0.3044023849747999,0.36928746928746925,0.34982194399366845,average,market_max,2.8585971153887915,2.944355028850455,2.6,2.55,-0.09046294561646195,1.0,False,,西甲,False
20261010-SP1-Vallecano-AthBilbao-O25,SP1,2026-10-10,13:00,Vallecano,Ath Bilbao,OU25,O25,大于 2.5 球,0.370251092825254,0.5,0.46107532784757616,average,market_max,2.1688430059102695,2.2339082960875776,1.91,1.86,-0.11934612381112963,1.0,False,,西甲,False
20261010-SP1-Vallecano-AthBilbao-U25,SP1,2026-10-10,13:00,Vallecano,Ath Bilbao,OU25,U25,小于 2.5 球,0.629748907174746,0.5,0.5389246721524238,average,market_max,1.855546891193674,1.9112132979294845,1.91,1.86,0.029346123811129443,1.0,False,,西甲,False
20261010-SP1-Vallecano-AthBilbao-HO25,SP1,2026-10-10,13:00,Vallecano,Ath Bilbao,1X2+OU25,H&O25,主胜 Vallecano + 大于 2.5 球,0.18861790978612433,0.21321521486881134,0.20795549717223766,average,,4.808721161969366,4.952982796828448,,,,1.0,False,5.948117277642575,西甲,False
20261010-SP1-Vallecano-AthBilbao-HU25,SP1,2026-10-10,13:00,Vallecano,Ath Bilbao,1X2+OU25,H&U25,主胜 Vallecano + 小于 2.5 球,0.21300461378090418,0.13555628390301475,0.15667130903806278,average,,6.382789587575688,6.57427327520296,,,,1.0,False,5.088893245342485,西甲,False
20261010-SP1-Vallecano-AthBilbao-DO25,SP1,2026-10-10,13:00,Vallecano,Ath Bilbao,1X2+OU25,D&O25,平局 + 大于 2.5 球,0.04454336613478586,0.0678956351721812,0.060296523259566054,average,,16.58470415773682,17.082245282468925,,,,1.0,False,7.595284585370883,西甲,False
20261010-SP1-Vallecano-AthBilbao-DU25,SP1,2026-10-10,13:00,Vallecano,Ath Bilbao,1X2+OU25,D&U25,平局 + 小于 2.5 球,0.24943172532338576,0.21404539676823472,0.225254726536352,average,,4.4394184991213415,4.5726010540949815,,,,1.0,False,6.498122114745293,西甲,False
20261010-SP1-Vallecano-AthBilbao-AO25,SP1,2026-10-10,13:00,Vallecano,Ath Bilbao,1X2+OU25,A&O25,客胜 Ath Bilbao + 大于 2.5 球,0.1370898169043438,0.21888914995900746,0.19282330741577253,average,,5.186095049411035,5.341677900893366,,,,1.0,False,6.199848360426252,西甲,False
20261010-SP1-Vallecano-AthBilbao-AU25,SP1,2026-10-10,13:00,Vallecano,Ath Bilbao,1X2+OU25,A&U25,客胜 Ath Bilbao + 小于 2.5 球,0.16731256807045614,0.15039831932875053,0.15699863657800894,average,,6.36948206555363,6.560566527520239,,,,1.0,False,5.3042609906348765,西甲,False
20261010-SP1-Alaves-AthMadrid-H,SP1,2026-10-10,15:15,Alaves,Ath Madrid,1X2,H,主胜 Alaves,0.2750264096303926,0.2224030377000271,0.23819004927913673,average,market_max,4.198328196439862,4.3242780423330585,4.5,4.23,0.07185522175611525,1.0,True,,西甲,False
20261010-SP1-Alaves-AthMadrid-D,SP1,2026-10-10,15:15,Alaves,Ath Madrid,1X2,D,平局,0.26263319934225565,0.25494982370490915,0.25725483639611313,average,market_max,3.8871961126523997,4.003811996031971,3.8,3.69,-0.0224316216947702,1.0,False,,西甲,False
20261010-SP1-Alaves-AthMadrid-A,SP1,2026-10-10,15:15,Alaves,Ath Madrid,1X2,A,客胜 Ath Madrid,0.46234039102735164,0.5226471385950637,0.5045551143247501,average,market_max,1.9819440366555545,2.041402357755221,1.85,1.8,-0.06657303849921226,1.0,False,,西甲,False
20261010-SP1-Alaves-AthMadrid-O25,SP1,2026-10-10,15:15,Alaves,Ath Madrid,OU25,O25,大于 2.5 球,0.4694586257401678,0.5187165775401069,0.5039391920001252,average,market_max,1.9843663995074858,2.0438973914927105,1.91,1.8,-0.03747614327976101,1.0,False,,西甲,False
20261010-SP1-Alaves-AthMadrid-U25,SP1,2026-10-10,15:15,Alaves,Ath Madrid,OU25,U25,小于 2.5 球,0.5305413742598322,0.48128342245989303,0.49606080799987473,average,market_max,2.015881891641503,2.076358348390748,2.0,1.94,-0.007878384000250538,1.0,False,,西甲,False
20261010-SP1-Alaves-AthMadrid-HO25,SP1,2026-10-10,15:15,Alaves,Ath Madrid,1X2+OU25,H&O25,主胜 Alaves + 大于 2.5 球,0.1471076000823063,0.12973826980064512,0.1355092079595703,average,,7.379572318792933,7.600959488356721,,,,1.0,False,8.331021407120126,西甲,False
20261010-SP1-Alaves-AthMadrid-HU25,SP1,2026-10-10,15:15,Alaves,Ath Madrid,1X2+OU25,H&U25,主胜 Alaves + 小于 2.5 球,0.12791880954808632,0.09266476789949835,0.10268084131964164,average,,9.738915138872278,10.031082593038445,,,,1.0,False,8.46333378637105,西甲,False
20261010-SP1-Alaves-AthMadrid-DO25,SP1,2026-10-10,15:15,Alaves,Ath Madrid,1X2+OU25,D&O25,平局 + 大于 2.5 球,0.0587397719106427,0.06620116833484657,0.0639179056476569,average,,15.645068308596215,16.1144203578541,,,,1.0,False,7.713621354243538,西甲,False
20261010-SP1-Alaves-AthMadrid-DU25,SP1,2026-10-10,15:15,Alaves,Ath Madrid,1X2+OU25,D&U25,平局 + 小于 2.5 球,0.20389342743161296,0.18874865536952776,0.193336930748137,average,,5.172317550146254,5.327487076650643,,,,1.0,False,7.836128252755216,西甲,False
20261010-SP1-Alaves-AthMadrid-AO25,SP1,2026-10-10,15:15,Alaves,Ath Madrid,1X2+OU25,A&O25,客胜 Ath Madrid + 大于 2.5 球,0.2636112537472188,0.3227771394046152,0.30451207839289807,average,,3.283941987712374,3.3824602473437455,,,,1.0,False,3.9329031520435156,西甲,False
20261010-SP1-Alaves-AthMadrid-AU25,SP1,2026-10-10,15:15,Alaves,Ath Madrid,1X2+OU25,A&U25,客胜 Ath Madrid + 小于 2.5 球,0.19872913728013283,0.19986999919086695,0.20004303593209613,average,,4.998924333159223,5.148892063153999,,,,1.0,False,3.9953650937407956,西甲,False
20261010-SP1-Barcelona-Getafe-H,SP1,2026-10-10,17:30,Barcelona,Getafe,1X2,H,主胜 Barcelona,0.7807628824896422,0.8791744379860518,0.8496509713371289,average,market_max,1.1769538713364396,1.5,1.1,1.08,-0.06538393152915822,1.0,False,,西甲,False
20261010-SP1-Barcelona-Getafe-D,SP1,2026-10-10,17:30,Barcelona,Getafe,1X2,D,平局,0.15489342084554772,0.08094700707799966,0.10313093120826408,average,market_max,9.696412010288025,9.987304370596666,15.0,11.73,0.5469639681239613,1.0,False,,西甲,False
20261010-SP1-Barcelona-Getafe-A,SP1,2026-10-10,17:30,Barcelona,Getafe,1X2,A,客胜 Getafe,0.06434369666481025,0.03987855493594859,0.04721809745460709,average,market_max,21.178320472597306,21.813670086775225,29.0,23.81,0.3693248261836055,1.0,False,,西甲,False
20261010-SP1-Barcelona-Getafe-O25,SP1,2026-10-10,17:30,Barcelona,Getafe,OU25,O25,大于 2.5 球,0.532419690366188,0.7529880478087649,0.6868175405759918,average,market_max,1.4559907703600017,1.5,1.27,1.24,-0.12774172346849044,1.0,False,,西甲,False
20261010-SP1-Barcelona-Getafe-U25,SP1,2026-10-10,17:30,Barcelona,Getafe,OU25,U25,小于 2.5 球,0.46758030963381203,0.2470119521912351,0.31318245942400813,average,market_max,3.1930268439655194,3.288817649284485,4.0,3.78,0.2527298376960325,1.0,True,,西甲,False
20261010-SP1-Barcelona-Getafe-HO25,SP1,2026-10-10,17:30,Barcelona,Getafe,1X2+OU25,H&O25,主胜 Barcelona + 大于 2.5 球,0.482370629145942,0.7029882062126308,0.6349109416103864,average,,1.5750240458348421,1.6222747672098874,,,,1.0,False,1.713633973805329,西甲,False
20261010-SP1-Barcelona-Getafe-HU25,SP1,2026-10-10,17:30,Barcelona,Getafe,1X2+OU25,H&U25,主胜 Barcelona + 小于 2.5 球,0.29839225334370034,0.1761862317737432,0.21474002972756207,average,,4.656793618165589,4.796497426710557,,,,1.0,False,3.7580453052863914,西甲,False
20261010-SP1-Barcelona-Getafe-DO25,SP1,2026-10-10,17:30,Barcelona,Getafe,1X2+OU25,D&O25,平局 + 大于 2.5 球,0.023201728436681366,0.024532252389312496,0.025133315267695598,average,,39.78782700765792,40.981461817887656,,,,1.0,False,14.117886392587236,西甲,False
20261010-SP1-Barcelona-Getafe-DU25,SP1,2026-10-10,17:30,Barcelona,Getafe,1X2+OU25,D&U25,平局 + 小于 2.5 球,0.13169169240886633,0.05641475468840086,0.0779976159398391,average,,12.820904689847406,13.20553183054283,,,,1.0,False,30.96090383899933,西甲,False
20261010-SP1-Barcelona-Getafe-AO25,SP1,2026-10-10,17:30,Barcelona,Getafe,1X2+OU25,A&O25,客胜 Getafe + 大于 2.5 球,0.02684733278356466,0.025467589206821687,0.026773283697909805,average,,37.35066685443856,38.47118686007172,,,,1.0,False,30.835439139827944,西甲,False
20261010-SP1-Barcelona-Getafe-AU25,SP1,2026-10-10,17:30,Barcelona,Getafe,1X2+OU25,A&U25,客胜 Getafe + 小于 2.5 球,0.03749636388124559,0.014410965729091058,0.02044481375660699,average,,48.91215992010873,50.37952471771199,,,,1.0,False,67.62294577910772,西甲,False
20261010-SP1-RealMadrid-Villarreal-H,SP1,2026-10-10,20:00,Real Madrid,Villarreal,1X2,H,主胜 Real Madrid,0.6416425496206066,0.6917003477770467,0.6766830083301146,average,market_max,1.4777968231650316,1.5221307278599825,1.4,1.36,-0.05264378833783956,1.0,False,,西甲,False
20261010-SP1-RealMadrid-Villarreal-D,SP1,2026-10-10,20:00,Real Madrid,Villarreal,1X2,D,平局,0.18517117587700888,0.16768493279443558,0.17293080571920755,average,market_max,5.78265969351769,5.956139484323222,6.0,5.61,0.037584834315245175,1.0,False,,西甲,False
20261010-SP1-RealMadrid-Villarreal-A,SP1,2026-10-10,20:00,Real Madrid,Villarreal,1X2,A,客胜 Villarreal,0.17318627450238458,0.14061471942851772,0.15038618595067776,average,market_max,6.649546922667289,6.849033330347308,7.5,6.69,0.1278963946300833,1.0,False,,西甲,False
20261010-SP1-RealMadrid-Villarreal-O25,SP1,2026-10-10,20:00,Real Madrid,Villarreal,OU25,O25,大于 2.5 球,0.6959359391432218,0.7428571428571429,0.7287807817429666,average,market_max,1.3721547343885498,1.5,1.29,1.26,-0.0598727915515731,1.0,False,,西甲,False
20261010-SP1-RealMadrid-Villarreal-U25,SP1,2026-10-10,20:00,Real Madrid,Villarreal,OU25,U25,小于 2.5 球,0.3040640608567782,0.2571428571428571,0.27121921825703343,average,market_max,3.6870543556109796,3.7976659862793087,3.8,3.64,0.03063302937672696,1.0,True,,西甲,False
20261010-SP1-RealMadrid-Villarreal-HO25,SP1,2026-10-10,20:00,Real Madrid,Villarreal,1X2+OU25,H&O25,主胜 Real Madrid + 大于 2.5 球,0.4966070608603662,0.5592179856837369,0.5400984670783143,average,,1.851514234820074,1.907059661864676,,,,1.0,False,2.0277659073702567,西甲,False
20261010-SP1-RealMadrid-Villarreal-HU25,SP1,2026-10-10,20:00,Real Madrid,Villarreal,1X2+OU25,H&U25,主胜 Real Madrid + 小于 2.5 球,0.1450354887602404,0.1324823620934121,0.13658454125188937,average,,7.3214727730849045,7.541116956277452,,,,1.0,False,5.448717213558698,西甲,False
20261010-SP1-RealMadrid-Villarreal-DO25,SP1,2026-10-10,20:00,Real Madrid,Villarreal,1X2+OU25,D&O25,平局 + 大于 2.5 球,0.07759724938086048,0.07892751464132214,0.0785904331231959,average,,12.72419504842824,13.105920899881088,,,,1.0,False,7.9347038758181405,西甲,False
20261010-SP1-RealMadrid-Villarreal-DU25,SP1,2026-10-10,20:00,Real Madrid,Villarreal,1X2+OU25,D&U25,平局 + 小于 2.5 球,0.10757392649614841,0.08875741815301069,0.09434037259592161,average,,10.599915735792107,10.91791320786587,,,,1.0,False,21.320980610000454,西甲,False
20261010-SP1-RealMadrid-Villarreal-AO25,SP1,2026-10-10,20:00,Real Madrid,Villarreal,1X2+OU25,A&O25,客胜 Villarreal + 大于 2.5 球,0.12173162890199522,0.10471164253208397,0.11009188154145626,average,,9.083321912555736,9.355821569932408,,,,1.0,False,9.124207291476733,西甲,False
20261010-SP1-RealMadrid-Villarreal-AU25,SP1,2026-10-10,20:00,Real Madrid,Villarreal,1X2+OU25,A&U25,客胜 Villarreal + 小于 2.5 球,0.05145464560038933,0.03590307689643434,0.04029430440922244,average,,24.81740322017131,25.561925316776453,,,,1.0,False,24.517240944060013,西甲,False
20261010-SP2-Ceuta-Sabadell-H,SP2,2026-10-10,15:15,Ceuta,Sabadell,1X2,H,主胜 Ceuta,0.2190625521256866,0.2964546257144185,0.2732370036377989,average,market_max,3.659826402303815,3.7696211943729296,3.3,3.09,-0.09831788799526364,1.0,False,,西乙,False
20261010-SP2-Ceuta-Sabadell-D,SP2,2026-10-10,15:15,Ceuta,Sabadell,1X2,D,平局,0.30803813472825337,0.28716137725942104,0.29342440450007073,average,market_max,3.4080328175285057,3.510273802054361,3.3,3.19,-0.031699465149766626,1.0,False,,西乙,False
20261010-SP2-Ceuta-Sabadell-A,SP2,2026-10-10,15:15,Ceuta,Sabadell,1X2,A,客胜 Sabadell,0.4728993131460602,0.41638399702616047,0.43333859186213036,average,market_max,2.307664304032623,2.376894233153602,2.28,2.2,-0.011988010554342843,1.0,False,,西乙,False
20261010-SP2-Ceuta-Sabadell-O25,SP2,2026-10-10,15:15,Ceuta,Sabadell,OU25,O25,大于 2.5 球,0.2870103626557671,0.4625668449197861,0.40989990024058043,average,market_max,2.439620013113141,2.512808613506535,2.1,2.01,-0.13921020949478102,1.0,False,,西乙,False
20261010-SP2-Ceuta-Sabadell-U25,SP2,2026-10-10,15:15,Ceuta,Sabadell,OU25,U25,小于 2.5 球,0.7129896373442328,0.5374331550802139,0.5901000997594196,average,market_max,1.694627742662125,1.7454665749419889,1.8,1.73,0.06218017956695521,1.0,True,,西乙,False
20261010-SP2-Ceuta-Sabadell-HO25,SP2,2026-10-10,15:15,Ceuta,Sabadell,1X2+OU25,H&O25,主胜 Ceuta + 大于 2.5 球,0.07386061024067325,0.16001497484740507,0.13122935193278043,average,,7.620246425603242,7.84885381837134,,,,1.0,False,8.928585735580253,西乙,False
20261010-SP2-Ceuta-Sabadell-HU25,SP2,2026-10-10,15:15,Ceuta,Sabadell,1X2+OU25,H&U25,主胜 Ceuta + 小于 2.5 球,0.14520194188501337,0.13643965086720633,0.1420076517050636,average,,7.041874068003779,7.2531302900438925,,,,1.0,False,6.2020433546713605,西乙,False
20261010-SP2-Ceuta-Sabadell-DO25,SP2,2026-10-10,15:15,Ceuta,Sabadell,1X2+OU25,D&O25,平局 + 大于 2.5 球,0.028037706097359262,0.053861440582742295,0.04516203035908578,average,,22.1424943043735,22.806769133504705,,,,1.0,False,8.314305066988908,西乙,False
20261010-SP2-Ceuta-Sabadell-DU25,SP2,2026-10-10,15:15,Ceuta,Sabadell,1X2+OU25,D&U25,平局 + 小于 2.5 球,0.2800004286308941,0.23329993667601295,0.24826237414080882,average,,4.027996604241054,4.148836502368286,,,,1.0,False,5.7753469604867735,西乙,False
20261010-SP2-Ceuta-Sabadell-AO25,SP2,2026-10-10,15:15,Ceuta,Sabadell,1X2+OU25,A&O25,客胜 Sabadell + 大于 2.5 球,0.1851120463177346,0.2486904294896387,0.23350851794871427,average,,4.282499023096156,4.410973993789041,,,,1.0,False,5.629824019664796,西乙,False
20261010-SP2-Ceuta-Sabadell-AU25,SP2,2026-10-10,15:15,Ceuta,Sabadell,1X2+OU25,A&U25,客胜 Sabadell + 小于 2.5 球,0.2877872668283256,0.1676935675369945,0.19983007391354718,average,,5.004251764589907,5.154379317527605,,,,1.0,False,3.910631950364768,西乙,False
20261010-SP2-Eldense-Cordoba-H,SP2,2026-10-10,17:30,Eldense,Cordoba,1X2,H,主胜 Eldense,0.41993909713742283,0.39725425218949717,0.40405970567387484,average,market_max,2.4748817710794486,2.549128224211832,2.38,2.3,-0.03833790049617791,1.0,False,,西乙,False
20261010-SP2-Eldense-Cordoba-D,SP2,2026-10-10,17:30,Eldense,Cordoba,1X2,D,平局,0.24171877352488647,0.25665302809995605,0.25217275172743514,average,market_max,3.9655355035379305,4.084501568644068,3.7,3.56,-0.0669608186084899,1.0,False,,西乙,False
20261010-SP2-Eldense-Cordoba-A,SP2,2026-10-10,17:30,Eldense,Cordoba,1X2,A,客胜 Cordoba,0.3383421293376907,0.3460927197105468,0.3437675425986899,average,market_max,2.908942456988698,2.996210730698359,2.75,2.64,-0.054639257853602796,1.0,False,,西乙,False
20261010-SP2-Eldense-Cordoba-O25,SP2,2026-10-10,17:30,Eldense,Cordoba,OU25,O25,大于 2.5 球,0.5744933037235709,0.5890052356020942,0.5846516560385372,average,market_max,1.71042019580645,1.7617328016806435,1.62,1.57,-0.05286431721756968,1.0,False,,西乙,False
20261010-SP2-Eldense-Cordoba-U25,SP2,2026-10-10,17:30,Eldense,Cordoba,OU25,U25,小于 2.5 球,0.4255066962764291,0.4109947643979057,0.4153483439614627,average,market_max,2.407617640803169,2.479846170027264,2.3,2.25,-0.044698808888635866,1.0,False,,西乙,False
20261010-SP2-Eldense-Cordoba-HO25,SP2,2026-10-10,17:30,Eldense,Cordoba,1X2+OU25,H&O25,主胜 Eldense + 大于 2.5 球,0.276370940234336,0.26911029782511714,0.27139349082850517,average,,3.684686751134738,3.79522735366878,,,,1.0,False,4.233087763487524,西乙,False
20261010-SP2-Eldense-Cordoba-HU25,SP2,2026-10-10,17:30,Eldense,Cordoba,1X2+OU25,H&U25,主胜 Eldense + 小于 2.5 球,0.14356815690308675,0.1281439543648018,0.13266621484563199,average,,7.5377141132999235,7.763845536698921,,,,1.0,False,5.95856901095307,西乙,False
20261010-SP2-Eldense-Cordoba-DO25,SP2,2026-10-10,17:30,Eldense,Cordoba,1X2+OU25,D&O25,平局 + 大于 2.5 球,0.08007011362398549,0.0900359289048327,0.08696356926047544,average,,11.499068040834148,11.844040082059172,,,,1.0,False,6.782732012438776,西乙,False
20261010-SP2-Eldense-Cordoba-DU25,SP2,2026-10-10,17:30,Eldense,Cordoba,1X2+OU25,D&U25,平局 + 小于 2.5 球,0.16164865990090094,0.16661709919438933,0.16520918246650868,average,,6.05293231932021,6.234520288899816,,,,1.0,False,9.547493233549199,西乙,False
20261010-SP2-Eldense-Cordoba-AO25,SP2,2026-10-10,17:30,Eldense,Cordoba,1X2+OU25,A&O25,客胜 Cordoba + 大于 2.5 球,0.21805224986524932,0.22985900887214442,0.22629459594955664,average,,4.419018473701909,4.551589027912966,,,,1.0,False,4.9755139268723045,西乙,False
20261010-SP2-Eldense-Cordoba-AU25,SP2,2026-10-10,17:30,Eldense,Cordoba,1X2+OU25,A&U25,客胜 Cordoba + 小于 2.5 球,0.12028987947244135,0.11623371083871466,0.11747294664932212,average,,8.512598249409542,8.767976196891828,,,,1.0,False,7.003621175527305,西乙,False
20261010-SP2-CeltaB-SociedadB-H,SP2,2026-10-10,20:00,Celta B,Sociedad B,1X2,H,主胜 Celta B,0.44864813169000506,0.41303415749606975,0.4237183497542503,average,market_max,2.3600582806479435,2.430860029067382,2.32,2.22,-0.016973428570139282,1.0,False,,西乙,False
20261010-SP2-CeltaB-SociedadB-D,SP2,2026-10-10,20:00,Celta B,Sociedad B,1X2,D,平局,0.2325842091170754,0.26968700871802204,0.258556168837738,average,market_max,3.867631565300496,3.983660512259511,3.5,3.4,-0.09505340906791693,1.0,False,,西乙,False
20261010-SP2-CeltaB-SociedadB-A,SP2,2026-10-10,20:00,Celta B,Sociedad B,1X2,A,客胜 Sociedad B,0.3187676591929195,0.31727883378590827,0.3177254814080116,average,market_max,3.147371106555461,3.241792239752125,3.0,2.89,-0.0468235557759652,1.0,False,,西乙,False
20261010-SP2-CeltaB-SociedadB-O25,SP2,2026-10-10,20:00,Celta B,Sociedad B,OU25,O25,大于 2.5 球,0.6114700671168715,0.5466666666666666,0.5661076868017281,average,market_max,1.7664483689482866,1.8194418200167353,1.73,1.7,-0.020633701833010498,1.0,False,,西乙,False
20261010-SP2-CeltaB-SociedadB-U25,SP2,2026-10-10,20:00,Celta B,Sociedad B,OU25,U25,小于 2.5 球,0.38852993288312854,0.4533333333333333,0.4338923131982719,average,market_max,2.3047193268506674,2.373860906656187,2.1,2.05,-0.08882614228362906,1.0,False,,西乙,False
20261010-SP2-CeltaB-SociedadB-HO25,SP2,2026-10-10,20:00,Celta B,Sociedad B,1X2+OU25,H&O25,主胜 Celta B + 大于 2.5 球,0.31119859701715735,0.26498848837830713,0.2785586861479445,average,,3.589907799424689,3.69760503340743,,,,1.0,False,4.168921100473457,西乙,False
20261010-SP2-CeltaB-SociedadB-HU25,SP2,2026-10-10,20:00,Celta B,Sociedad B,1X2+OU25,H&U25,主胜 Celta B + 小于 2.5 球,0.13744953467284785,0.14804566911767214,0.14515966360625063,average,,6.888966088489473,7.095635071144157,,,,1.0,False,5.439271931903272,西乙,False
20261010-SP2-CeltaB-SociedadB-DO25,SP2,2026-10-10,20:00,Celta B,Sociedad B,1X2+OU25,D&O25,平局 + 大于 2.5 球,0.08572939870644843,0.08516038019006275,0.08558421711739089,average,,11.684397353642415,12.034929274251688,,,,1.0,False,6.831971470217969,西乙,False
20261010-SP2-CeltaB-SociedadB-DU25,SP2,2026-10-10,20:00,Celta B,Sociedad B,1X2+OU25,D&U25,平局 + 小于 2.5 球,0.14685481041062698,0.18452662852810295,0.1729719517204339,average,,5.781284133373549,5.954722657374756,,,,1.0,False,8.913805217685752,西乙,False
20261010-SP2-CeltaB-SociedadB-AO25,SP2,2026-10-10,20:00,Celta B,Sociedad B,1X2+OU25,A&O25,客胜 Sociedad B + 大于 2.5 球,0.21454207139326592,0.19651779809829673,0.20196478353639274,average,,4.951358264000548,5.099899011920565,,,,1.0,False,5.559668557649857,西乙,False
20261010-SP2-CeltaB-SociedadB-AU25,SP2,2026-10-10,20:00,Celta B,Sociedad B,1X2+OU25,A&U25,客胜 Sociedad B + 小于 2.5 球,0.10422558779965356,0.12076103568755826,0.11576069787158735,average,,8.638510465005092,8.897665778955245,,,,1.0,False,7.2538070180497405,西乙,False
20261009-T1-Galatasaray-Kasimpasa-H,T1,2026-10-09,18:00,Galatasaray,Kasimpasa,1X2,H,主胜 Galatasaray,0.7442371758209396,0.742265110325474,0.7428567299741137,average,market_max,1.346154594352059,1.5,1.28,1.24,-0.04914338563313447,1.0,False,,土超,False
20261009-T1-Galatasaray-Kasimpasa-D,T1,2026-10-09,18:00,Galatasaray,Kasimpasa,1X2,D,平局,0.16627624809449398,0.1617590047106481,0.16311417772580186,average,market_max,6.1306749293186495,6.31459517719821,6.0,5.69,-0.02131493364518877,1.0,False,,土超,False
20261009-T1-Galatasaray-Kasimpasa-A,T1,2026-10-09,18:00,Galatasaray,Kasimpasa,1X2,A,客胜 Kasimpasa,0.08948657608456631,0.09597588496387777,0.09402909230008433,average,market_max,10.635006417041668,10.954056609552918,10.5,9.59,-0.012694530849114538,1.0,False,,土超,False
20261009-T1-Galatasaray-Kasimpasa-O25,T1,2026-10-09,18:00,Galatasaray,Kasimpasa,OU25,O25,大于 2.5 球,0.6570579110081635,0.6359102244389027,0.6422545304096808,average,market_max,1.557015097055245,1.6037255499669023,1.5,1.46,-0.0366182043854788,1.0,False,,土超,False
20261009-T1-Galatasaray-Kasimpasa-U25,T1,2026-10-09,18:00,Galatasaray,Kasimpasa,OU25,U25,小于 2.5 球,0.34294208899183654,0.3640897755610973,0.357745469590319,average,market_max,2.7952834766717647,2.8791419809719176,2.63,2.55,-0.05912941497746105,1.0,False,,土超,False
20261009-T1-Galatasaray-Kasimpasa-HO25,T1,2026-10-09,18:00,Galatasaray,Kasimpasa,1X2+OU25,H&O25,主胜 Galatasaray + 大于 2.5 球,0.5523575678313999,0.5344509373156602,0.539842755771635,average,,1.852391255247336,1.9079629929047561,,,,1.0,False,2.095983026376435,土超,False
20261009-T1-Galatasaray-Kasimpasa-HU25,T1,2026-10-09,18:00,Galatasaray,Kasimpasa,1X2+OU25,H&U25,主胜 Galatasaray + 小于 2.5 球,0.19187960798953962,0.20781417300930558,0.20301397420205688,average,,4.925769292141015,5.073542370905246,,,,1.0,False,3.7628836946380924,土超,False
20261009-T1-Galatasaray-Kasimpasa-DO25,T1,2026-10-09,18:00,Galatasaray,Kasimpasa,1X2+OU25,D&O25,平局 + 大于 2.5 球,0.047147679969413075,0.042254277755600145,0.04366823703116258,average,,22.89993981864619,23.586938013205575,,,,1.0,False,9.545553420087234,土超,False
20261009-T1-Galatasaray-Kasimpasa-DU25,T1,2026-10-09,18:00,Galatasaray,Kasimpasa,1X2+OU25,D&U25,平局 + 小于 2.5 球,0.11912856812508091,0.11950472695554158,0.11944594069505005,average,,8.37198814945949,8.623147793943275,,,,1.0,False,17.13697433077026,土超,False
20261009-T1-Galatasaray-Kasimpasa-AO25,T1,2026-10-09,18:00,Galatasaray,Kasimpasa,1X2+OU25,A&O25,客胜 Kasimpasa + 大于 2.5 球,0.05755266320735051,0.05920500936764244,0.05874353760688331,average,,17.023149111176856,17.533843584512166,,,,1.0,False,16.558865548613284,土超,False
20261009-T1-Galatasaray-Kasimpasa-AU25,T1,2026-10-09,18:00,Galatasaray,Kasimpasa,1X2+OU25,A&U25,客胜 Kasimpasa + 小于 2.5 球,0.031933912877215795,0.03677087559625023,0.035285554693212096,average,,28.340209150583952,29.190415425101474,,,,1.0,False,29.727857711854757,土超,False
20261010-T1-Samsunspor-Trabzonspor-H,T1,2026-10-10,14:00,Samsunspor,Trabzonspor,1X2,H,主胜 Samsunspor,0.29078392614627313,0.2702906582917667,0.2764386386481186,average,market_max,3.6174393163356218,3.7259624958256903,3.5,3.41,-0.032464764731584994,1.0,False,,土超,False
20261010-T1-Samsunspor-Trabzonspor-D,T1,2026-10-10,14:00,Samsunspor,Trabzonspor,1X2,D,平局,0.2712755338956363,0.25461081347373604,0.2596102296003061,average,market_max,3.8519283371059463,3.9674861872191247,3.75,3.62,-0.02646163899885212,1.0,False,,土超,False
20261010-T1-Samsunspor-Trabzonspor-A,T1,2026-10-10,14:00,Samsunspor,Trabzonspor,1X2,A,客胜 Trabzonspor,0.43794053995809057,0.4750985282344972,0.4639511317515752,average,market_max,2.1553994193842265,2.2200614019657534,2.0,1.94,-0.07209773649684958,1.0,False,,土超,False
20261010-T1-Samsunspor-Trabzonspor-O25,T1,2026-10-10,14:00,Samsunspor,Trabzonspor,OU25,O25,大于 2.5 球,0.5349745533447379,0.5672823218997362,0.5575899913332366,average,market_max,1.7934324782425348,1.847235452589811,1.67,1.64,-0.06882471447349492,1.0,False,,土超,False
20261010-T1-Samsunspor-Trabzonspor-U25,T1,2026-10-10,14:00,Samsunspor,Trabzonspor,OU25,U25,小于 2.5 球,0.46502544665526213,0.43271767810026385,0.4424100086667633,average,market_max,2.2603466929095415,2.3281570936968277,2.2,2.15,-0.026697980933120702,1.0,False,,土超,False
20261010-T1-Samsunspor-Trabzonspor-HO25,T1,2026-10-10,14:00,Samsunspor,Trabzonspor,1X2+OU25,H&O25,主胜 Samsunspor + 大于 2.5 球,0.18169866206192517,0.17614261425750433,0.17794109608534034,average,,5.619837249515431,5.788432367000894,,,,1.0,False,6.487633157987775,土超,False
20261010-T1-Samsunspor-Trabzonspor-HU25,T1,2026-10-10,14:00,Samsunspor,Trabzonspor,1X2+OU25,H&U25,主胜 Samsunspor + 小于 2.5 球,0.10908526408434796,0.09414804403432861,0.09849754256282828,average,,10.152537555565242,10.4571136822322,,,,1.0,False,8.176666995480176,土超,False
20261010-T1-Samsunspor-Trabzonspor-DO25,T1,2026-10-10,14:00,Samsunspor,Trabzonspor,1X2+OU25,D&O25,平局 + 大于 2.5 球,0.07142052531494647,0.07292740573861257,0.0725159735808915,average,,13.790065148673774,14.203767103133988,,,,1.0,False,6.908173383628562,土超,False
20261010-T1-Samsunspor-Trabzonspor-DU25,T1,2026-10-10,14:00,Samsunspor,Trabzonspor,1X2+OU25,D&U25,平局 + 小于 2.5 球,0.19985500858068983,0.1816834077349158,0.187094256019263,average,,5.344899524318059,5.505246510047601,,,,1.0,False,8.706693478101975,土超,False
20261010-T1-Samsunspor-Trabzonspor-AO25,T1,2026-10-10,14:00,Samsunspor,Trabzonspor,1X2+OU25,A&O25,客胜 Trabzonspor + 大于 2.5 球,0.2818553659678663,0.3182123019036192,0.3071329216670049,average,,3.2559192761634494,3.353596854448353,,,,1.0,False,3.8655633223087738,土超,False
20261010-T1-Samsunspor-Trabzonspor-AU25,T1,2026-10-10,14:00,Samsunspor,Trabzonspor,1X2+OU25,A&U25,客胜 Trabzonspor + 小于 2.5 球,0.15608517399022426,0.15688622633101948,0.15681821008467206,average,,6.376810444782288,6.568114758125757,,,,1.0,False,4.871949949504283,土超,False
20261010-T1-Rizespor-Fenerbahce-H,T1,2026-10-10,17:00,Rizespor,Fenerbahce,1X2,H,主胜 Rizespor,0.2119035859194831,0.21121600125172763,0.21142227665205426,average,market_max,4.729870550234109,4.871766666741133,4.65,4.36,-0.016886413567947622,1.0,False,,土超,False
20261010-T1-Rizespor-Fenerbahce-D,T1,2026-10-10,17:00,Rizespor,Fenerbahce,1X2,D,平局,0.2156604406894865,0.23734581583957026,0.23084020329454513,average,market_max,4.3320010367692765,4.4619610678723545,4.0,3.88,-0.07663918682181947,1.0,False,,土超,False
20261010-T1-Rizespor-Fenerbahce-A,T1,2026-10-10,17:00,Rizespor,Fenerbahce,1X2,A,客胜 Fenerbahce,0.5724359733910303,0.5514381829087022,0.5577375200534005,average,market_max,1.7929580923733714,1.8467468351445728,1.7,1.67,-0.05184621590921923,1.0,False,,土超,False
20261010-T1-Rizespor-Fenerbahce-O25,T1,2026-10-10,17:00,Rizespor,Fenerbahce,OU25,O25,大于 2.5 球,0.693771024486593,0.5687830687830688,0.606279455494126,average,market_max,1.6494043974902406,1.6988865294149478,1.67,1.63,0.01248669067519037,1.0,False,,土超,False
20261010-T1-Rizespor-Fenerbahce-U25,T1,2026-10-10,17:00,Rizespor,Fenerbahce,OU25,U25,小于 2.5 球,0.306228975513407,0.4312169312169312,0.3937205445058739,average,market_max,2.5398725414621612,2.6160687177060264,2.2,2.15,-0.1338148020870773,1.0,False,,土超,False
20261010-T1-Rizespor-Fenerbahce-HO25,T1,2026-10-10,17:00,Rizespor,Fenerbahce,1X2+OU25,H&O25,主胜 Rizespor + 大于 2.5 球,0.1582773367905084,0.13227977857763146,0.14023691898839916,average,,7.130789860569621,7.34471355638671,,,,1.0,False,7.801469285115723,土超,False
20261010-T1-Rizespor-Fenerbahce-HU25,T1,2026-10-10,17:00,Rizespor,Fenerbahce,1X2+OU25,H&U25,主胜 Rizespor + 小于 2.5 球,0.053626249128974735,0.0789362226739628,0.07118535766354601,average,,14.047832768171922,14.46926775121708,,,,1.0,False,12.013268335210139,土超,False
20261010-T1-Rizespor-Fenerbahce-DO25,T1,2026-10-10,17:00,Rizespor,Fenerbahce,1X2+OU25,D&O25,平局 + 大于 2.5 球,0.08774893168482492,0.06653204821717627,0.07250180745873536,average,,13.792759588361342,14.206542376012184,,,,1.0,False,7.145221559979526,土超,False
20261010-T1-Rizespor-Fenerbahce-DU25,T1,2026-10-10,17:00,Rizespor,Fenerbahce,1X2+OU25,D&U25,平局 + 小于 2.5 球,0.12791150900466158,0.17081376762314587,0.15833839583642062,average,,6.315587540959426,6.5050551671882095,,,,1.0,False,11.0027304828759,土超,False
20261010-T1-Rizespor-Fenerbahce-AO25,T1,2026-10-10,17:00,Rizespor,Fenerbahce,1X2+OU25,A&O25,客胜 Fenerbahce + 大于 2.5 球,0.44774475601125957,0.3699712419882611,0.3935407290469916,average,,2.5410330524660707,2.617264044040053,,,,1.0,False,2.957312962076352,土超,False
20261010-T1-Rizespor-Fenerbahce-AU25,T1,2026-10-10,17:00,Rizespor,Fenerbahce,1X2+OU25,A&U25,客胜 Fenerbahce + 小于 2.5 球,0.12469121737977068,0.18146694091982252,0.16419679100590734,average,,6.090253006004379,6.272960596184511,,,,1.0,False,4.553885026811504,土超,False
