pick_id,div,date,time,home,away,market,outcome,label,p_model,p_market,p_final,market_source,price_source,fair_odds,min_odds,best_odds,avg_odds,edge_best,stake,is_candidate,naive_odds,league,manual
20261010-B1-CercleBrugge-Anderlecht-H,B1,2026-10-10,16:00,Cercle Brugge,Anderlecht,1X2,H,主胜 Cercle Brugge,0.3103849606443911,0.2715203997939993,0.2831797680491168,average,market_avg,3.531325726019214,3.63726549779979,3.41,3.41,-0.03435699095251166,1.0,False,,比甲,False
20261010-B1-CercleBrugge-Anderlecht-D,B1,2026-10-10,16:00,Cercle Brugge,Anderlecht,1X2,D,平局,0.2541034724326196,0.25366700364316097,0.2537979442799986,average,market_avg,3.9401422373097152,4.058346504429006,3.65,3.65,-0.07363750337800523,1.0,False,,比甲,False
20261010-B1-CercleBrugge-Anderlecht-A,B1,2026-10-10,16:00,Cercle Brugge,Anderlecht,1X2,A,客胜 Anderlecht,0.43551156692298926,0.47481259656283986,0.46302228767088466,average,market_avg,2.1597232501058308,2.224514947609006,1.95,1.95,-0.09710653904177491,1.0,False,,比甲,False
20261010-B1-CercleBrugge-Anderlecht-O25,B1,2026-10-10,16:00,Cercle Brugge,Anderlecht,OU25,O25,大于 2.5 球,0.5750776270687488,0.5748031496062992,0.574885492845034,average,market_avg,1.7394768392069337,1.7916611443831418,1.62,1.62,-0.06868550159104492,1.0,False,,比甲,False
20261010-B1-CercleBrugge-Anderlecht-U25,B1,2026-10-10,16:00,Cercle Brugge,Anderlecht,OU25,U25,小于 2.5 球,0.42492237293125124,0.4251968503937008,0.4251145071549659,average,market_avg,2.352307397581877,2.422876619509333,2.19,2.19,-0.06899922933062475,1.0,False,,比甲,False
20261010-B1-CercleBrugge-Anderlecht-HO25,B1,2026-10-10,16:00,Cercle Brugge,Anderlecht,1X2+OU25,H&O25,主胜 Cercle Brugge + 大于 2.5 球,0.20321078637797643,0.1774592173869633,0.18517555970944988,average,,5.400280693462205,5.562289114266072,,,,1.0,False,6.142659312106033,比甲,False
20261010-B1-CercleBrugge-Anderlecht-HU25,B1,2026-10-10,16:00,Cercle Brugge,Anderlecht,1X2+OU25,H&U25,主胜 Cercle Brugge + 小于 2.5 球,0.10717417426641465,0.09406118240696137,0.09800420833961286,average,,10.20364346533683,10.509752769296934,,,,1.0,False,8.306763628586188,比甲,False
20261010-B1-CercleBrugge-Anderlecht-DO25,B1,2026-10-10,16:00,Cercle Brugge,Anderlecht,1X2+OU25,D&O25,平局 + 大于 2.5 球,0.07923091962295607,0.07882329361643399,0.0789454631381966,average,,12.666972366093635,13.046981537076444,,,,1.0,False,6.853786164981239,比甲,False
20261010-B1-CercleBrugge-Anderlecht-DU25,B1,2026-10-10,16:00,Cercle Brugge,Anderlecht,1X2+OU25,D&U25,平局 + 小于 2.5 球,0.17487255280966352,0.17484371002696059,0.17485248114196386,average,,5.719106720527995,5.890679922143835,,,,1.0,False,9.26842573234845,比甲,False
20261010-B1-CercleBrugge-Anderlecht-AO25,B1,2026-10-10,16:00,Cercle Brugge,Anderlecht,1X2+OU25,A&O25,客胜 Anderlecht + 大于 2.5 球,0.2926359210678164,0.318520638602902,0.31076446999738766,average,,3.217871077759971,3.3144072100927704,,,,1.0,False,3.756788572655817,比甲,False
20261010-B1-CercleBrugge-Anderlecht-AU25,B1,2026-10-10,16:00,Cercle Brugge,Anderlecht,1X2+OU25,A&U25,客胜 Anderlecht + 小于 2.5 球,0.14287564585517287,0.15629195795977885,0.15225781767338917,average,,6.567807257983409,6.764841475722912,,,,1.0,False,5.08033297795352,比甲,False
20261010-B1-RAALLaLouviere-ClubBrugge-H,B1,2026-10-10,18:15,RAAL La Louviere,Club Brugge,1X2,H,主胜 RAAL La Louviere,0.1026393214820852,0.14092492309256857,0.12943924260942355,average,market_avg,7.725632349514359,7.95740131999979,6.54,6.54,-0.15346735333437,1.0,False,,比甲,False
20261010-B1-RAALLaLouviere-ClubBrugge-D,B1,2026-10-10,18:15,RAAL La Louviere,Club Brugge,1X2,D,平局,0.17655526172037145,0.19121348486004117,0.18681601791814023,average,market_avg,5.352860055277401,5.513445856935723,4.82,4.82,-0.09954679363456398,1.0,False,,比甲,False
20261010-B1-RAALLaLouviere-ClubBrugge-A,B1,2026-10-10,18:15,RAAL La Louviere,Club Brugge,1X2,A,客胜 Club Brugge,0.7208054167975434,0.6678615920473903,0.6837447394724362,average,market_avg,1.4625341041330424,1.5064101272570338,1.38,1.38,-0.0564322595280381,1.0,False,,比甲,False
20261010-B1-RAALLaLouviere-ClubBrugge-O25,B1,2026-10-10,18:15,RAAL La Louviere,Club Brugge,OU25,O25,大于 2.5 球,0.6173406055794081,0.6343283582089552,0.6292320324200911,average,market_avg,1.5892388633711116,1.636916029272245,1.47,1.47,-0.07502891234246611,1.0,False,,比甲,False
20261010-B1-RAALLaLouviere-ClubBrugge-U25,B1,2026-10-10,18:15,RAAL La Louviere,Club Brugge,OU25,U25,小于 2.5 球,0.38265939442059194,0.36567164179104483,0.37076796757990893,average,market_avg,2.6971046245640875,2.77801776330101,2.55,2.55,-0.05454168267123227,1.0,False,,比甲,False
20261010-B1-RAALLaLouviere-ClubBrugge-HO25,B1,2026-10-10,18:15,RAAL La Louviere,Club Brugge,1X2+OU25,H&O25,主胜 RAAL La Louviere + 大于 2.5 球,0.06103695597321435,0.08831050786820446,0.07987579814444873,average,,12.519436715882115,12.89501981735858,,,,1.0,False,12.277875173965292,比甲,False
20261010-B1-RAALLaLouviere-ClubBrugge-HU25,B1,2026-10-10,18:15,RAAL La Louviere,Club Brugge,1X2+OU25,H&U25,主胜 RAAL La Louviere + 小于 2.5 球,0.041602365508870844,0.05261441522434922,0.04956344446496226,average,,20.176160288999426,20.78144509766941,,,,1.0,False,20.836838737557095,比甲,False
20261010-B1-RAALLaLouviere-ClubBrugge-DO25,B1,2026-10-10,18:15,RAAL La Louviere,Club Brugge,1X2+OU25,D&O25,平局 + 大于 2.5 球,0.0467848122013033,0.055835455450167576,0.052994773016068294,average,,18.869785510672813,19.435879075992997,,,,1.0,False,8.506973230033683,比甲,False
20261010-B1-RAALLaLouviere-ClubBrugge-DU25,B1,2026-10-10,18:15,RAAL La Louviere,Club Brugge,1X2+OU25,D&U25,平局 + 小于 2.5 球,0.12977044951906813,0.1353780294089732,0.13382124490155448,average,,7.472655038709656,7.696834689870946,,,,1.0,False,14.437223609733053,比甲,False
20261010-B1-RAALLaLouviere-ClubBrugge-AO25,B1,2026-10-10,18:15,RAAL La Louviere,Club Brugge,1X2+OU25,A&O25,客胜 Club Brugge + 大于 2.5 球,0.5095188374048903,0.49018239489058313,0.4963614612595741,average,,2.0146608430525315,2.0751006683441076,,,,1.0,False,2.3243160372938836,比甲,False
20261010-B1-RAALLaLouviere-ClubBrugge-AU25,B1,2026-10-10,18:15,RAAL La Louviere,Club Brugge,1X2+OU25,A&U25,客胜 Club Brugge + 小于 2.5 球,0.211286579392653,0.17767919715772246,0.1873832782133922,average,,5.336655487802916,5.496755152437003,,,,1.0,False,3.9446074958399233,比甲,False
20261010-B1-Genk-Kortrijk-H,B1,2026-10-10,20:45,Genk,Kortrijk,1X2,H,主胜 Genk,0.7497656014752996,0.6502732984673495,0.6801209893697344,average,market_avg,1.4703266266296182,1.5144364254285068,1.42,1.42,-0.03422819509497721,1.0,False,,比甲,False
20261010-B1-Genk-Kortrijk-D,B1,2026-10-10,20:45,Genk,Kortrijk,1X2,D,平局,0.168561736448559,0.2033894457761313,0.19294113297785961,average,market_avg,5.182927997602005,5.338415837530064,4.54,4.54,-0.12404725628051738,1.0,False,,比甲,False
20261010-B1-Genk-Kortrijk-A,B1,2026-10-10,20:45,Genk,Kortrijk,1X2,A,客胜 Kortrijk,0.08167266207614157,0.14633725575651924,0.12693787765240594,average,market_avg,7.877869226223401,8.114205303010104,6.31,6.31,-0.1990219920133186,1.0,False,,比甲,False
20261010-B1-Genk-Kortrijk-O25,B1,2026-10-10,20:45,Genk,Kortrijk,OU25,O25,大于 2.5 球,0.5848777928039857,0.6076923076923076,0.600847953225811,average,market_avg,1.6643145651595146,1.7142440021143002,1.53,1.53,-0.08070263156450919,1.0,False,,比甲,False
20261010-B1-Genk-Kortrijk-U25,B1,2026-10-10,20:45,Genk,Kortrijk,OU25,U25,小于 2.5 球,0.41512220719601434,0.39230769230769225,0.3991520467741888,average,market_avg,2.505310966288812,2.5804702952774763,2.37,2.37,-0.05400964914517248,1.0,False,,比甲,False
20261010-B1-Genk-Kortrijk-HO25,B1,2026-10-10,20:45,Genk,Kortrijk,1X2+OU25,H&O25,主胜 Genk + 大于 2.5 球,0.5055571038184717,0.4698737620386793,0.48178130928541946,average,,2.075630541755979,2.137899458008658,,,,1.0,False,2.447086020241529,比甲,False
20261010-B1-Genk-Kortrijk-HU25,B1,2026-10-10,20:45,Genk,Kortrijk,1X2+OU25,H&U25,主胜 Genk + 小于 2.5 球,0.2442084976568279,0.18039953642883047,0.19833968008479202,average,,5.041855465192294,5.193111129148064,,,,1.0,False,3.6836254217216178,比甲,False
20261010-B1-Genk-Kortrijk-DO25,B1,2026-10-10,20:45,Genk,Kortrijk,1X2+OU25,D&O25,平局 + 大于 2.5 球,0.03566744140122915,0.05134273327979259,0.04620860941601155,average,,21.640988825201354,22.290218489957397,,,,1.0,False,8.626022556582054,比甲,False
20261010-B1-Genk-Kortrijk-DU25,B1,2026-10-10,20:45,Genk,Kortrijk,1X2+OU25,D&U25,平局 + 小于 2.5 球,0.13289429504732989,0.15204671249618368,0.1467325235613933,average,,6.815121663068769,7.019575312960832,,,,1.0,False,12.984846349877614,比甲,False
20261010-B1-Genk-Kortrijk-AO25,B1,2026-10-10,20:45,Genk,Kortrijk,1X2+OU25,A&O25,客胜 Kortrijk + 大于 2.5 球,0.04365324758428481,0.08647581237383585,0.07285803452438012,average,,13.72532221776275,14.137081884295633,,,,1.0,False,13.111252495625523,比甲,False
20261010-B1-Genk-Kortrijk-AU25,B1,2026-10-10,20:45,Genk,Kortrijk,1X2+OU25,A&U25,客胜 Kortrijk + 小于 2.5 球,0.038019414491856765,0.05986144338267814,0.054079843128003575,average,,18.49117789844662,19.04591323540002,,,,1.0,False,19.736512163446644,比甲,False
20261010-B1-Waregem-Gent-H,B1,2026-10-10,20:45,Waregem,Gent,1X2,H,主胜 Waregem,0.4376900425767619,0.3332529580229366,0.36458408338908416,average,market_avg,2.742851500000344,2.8251370450003543,2.77,2.77,0.009897910987763048,1.0,False,,比甲,False
20261010-B1-Waregem-Gent-D,B1,2026-10-10,20:45,Waregem,Gent,1X2,D,平局,0.2680937066052547,0.2788854059587717,0.2756478961527166,average,market_avg,3.627816551322315,3.7366510478619843,3.31,3.31,-0.08760546373450795,1.0,False,,比甲,False
20261010-B1-Waregem-Gent-A,B1,2026-10-10,20:45,Waregem,Gent,1X2,A,客胜 Gent,0.2942162508179831,0.3878616360182917,0.3597680204581991,average,market_avg,2.779568897553496,2.8629559644801006,2.38,2.38,-0.14375211130948617,1.0,False,,比甲,False
20261010-B1-Waregem-Gent-O25,B1,2026-10-10,20:45,Waregem,Gent,OU25,O25,大于 2.5 球,0.5105518491314254,0.4946236559139785,0.4994021138792125,average,market_avg,2.002394407649352,2.0624662398788325,1.88,1.88,-0.06112402590708055,1.0,False,,比甲,False
20261010-B1-Waregem-Gent-U25,B1,2026-10-10,20:45,Waregem,Gent,OU25,U25,小于 2.5 球,0.4894481508685746,0.5053763440860215,0.5005978861207874,average,market_avg,1.9976113118438414,2.0575396511991566,1.84,1.84,-0.07889988953775118,1.0,False,,比甲,False
20261010-B1-Waregem-Gent-HO25,B1,2026-10-10,20:45,Waregem,Gent,1X2+OU25,H&O25,主胜 Waregem + 大于 2.5 球,0.26898388705376325,0.20129750404915153,0.221376600446795,average,,4.517189251175338,4.652704928710599,,,,1.0,False,5.492270504613326,比甲,False
20261010-B1-Waregem-Gent-HU25,B1,2026-10-10,20:45,Waregem,Gent,1X2+OU25,H&U25,主胜 Waregem + 小于 2.5 球,0.16870615552299872,0.13195545397365685,0.14320748294219057,average,,6.982875332036079,7.192361591997161,,,,1.0,False,5.479151183108535,比甲,False
20261010-B1-Waregem-Gent-DO25,B1,2026-10-10,20:45,Waregem,Gent,1X2+OU25,D&O25,平局 + 大于 2.5 球,0.06721643047682793,0.06763339579272205,0.06752154500646017,average,,14.81008765282732,15.25439028241214,,,,1.0,False,7.264319574345562,比甲,False
20261010-B1-Waregem-Gent-DU25,B1,2026-10-10,20:45,Waregem,Gent,1X2+OU25,D&U25,平局 + 小于 2.5 球,0.20087727612842676,0.2112520101662968,0.20812635114643246,average,,4.804773612239159,4.9489168206063345,,,,1.0,False,7.24696738021577,比甲,False
20261010-B1-Waregem-Gent-AO25,B1,2026-10-10,20:45,Waregem,Gent,1X2+OU25,A&O25,客胜 Gent + 大于 2.5 球,0.1743515316008342,0.2256927560721049,0.2105039684259574,average,,4.750504265917152,4.893019393894666,,,,1.0,False,5.565793216137195,比甲,False
20261010-B1-Waregem-Gent-AU25,B1,2026-10-10,20:45,Waregem,Gent,1X2+OU25,A&U25,客胜 Gent + 小于 2.5 球,0.11986471921714892,0.16216887994606785,0.14926405203216442,average,,6.699536736310182,6.900522838399488,,,,1.0,False,5.552498271802178,比甲,False
20261011-B1-Standard-Charleroi-H,B1,2026-10-11,13:30,Standard,Charleroi,1X2,H,主胜 Standard,0.3317920191616753,0.3240674744594916,0.32638483787014666,average,market_avg,3.063867814833523,3.155783849278529,2.85,2.85,-0.069803212070082,1.0,False,,比甲,False
20261011-B1-Standard-Charleroi-D,B1,2026-10-11,13:30,Standard,Charleroi,1X2,D,平局,0.31123073399372186,0.27084818246614395,0.28296294792441734,average,market_avg,3.534031601434657,3.6400525494776965,3.41,3.41,-0.03509634757773683,1.0,False,,比甲,False
20261011-B1-Standard-Charleroi-A,B1,2026-10-11,13:30,Standard,Charleroi,1X2,A,客胜 Charleroi,0.35697724684460286,0.4050843430743645,0.390652214205436,average,market_avg,2.559821661407813,2.6366163112500476,2.28,2.28,-0.10931295161160604,1.0,False,,比甲,False
20261011-B1-Standard-Charleroi-O25,B1,2026-10-11,13:30,Standard,Charleroi,OU25,O25,大于 2.5 球,0.36455155410822876,0.5268817204301075,0.47818267053354385,average,market_avg,2.0912510252289693,2.1539885559858383,1.76,1.76,-0.15839849986096277,1.0,False,,比甲,False
20261011-B1-Standard-Charleroi-U25,B1,2026-10-11,13:30,Standard,Charleroi,OU25,U25,小于 2.5 球,0.6354484458917713,0.47311827956989244,0.5218173294664561,average,market_avg,1.9163794368854568,1.9738708199920205,1.96,1.96,0.022761965754253932,1.0,False,,比甲,False
20261011-B1-Standard-Charleroi-HO25,B1,2026-10-11,13:30,Standard,Charleroi,1X2+OU25,H&O25,主胜 Standard + 大于 2.5 球,0.1535007973453686,0.2037791062799471,0.189697570600134,average,,5.271548796520505,5.42969526041612,,,,1.0,False,6.407316708936647,比甲,False
20261011-B1-Standard-Charleroi-HU25,B1,2026-10-11,13:30,Standard,Charleroi,1X2+OU25,H&U25,主胜 Standard + 小于 2.5 球,0.17829122181630663,0.12028836817966129,0.1366872672700665,average,,7.315970389723291,7.535449501414989,,,,1.0,False,5.871533277682142,比甲,False
20261011-B1-Standard-Charleroi-DO25,B1,2026-10-11,13:30,Standard,Charleroi,1X2+OU25,D&O25,平局 + 大于 2.5 球,0.0443247379778659,0.06670727882191449,0.059752426057138756,average,,16.73572214530238,17.23779380966145,,,,1.0,False,7.3905472096918015,比甲,False
20261011-B1-Standard-Charleroi-DU25,B1,2026-10-11,13:30,Standard,Charleroi,1X2+OU25,D&U25,平局 + 小于 2.5 球,0.2669059960158559,0.20414090364396062,0.22321052186715756,average,,4.480075543191213,4.614477809486949,,,,1.0,False,6.772545490292756,比甲,False
20261011-B1-Standard-Charleroi-AO25,B1,2026-10-11,13:30,Standard,Charleroi,1X2+OU25,A&O25,客胜 Charleroi + 大于 2.5 球,0.16672601878499413,0.25639533532824593,0.22873267387627114,average,,4.371915839802284,4.503073314996353,,,,1.0,False,5.353229673822413,比甲,False
20261011-B1-Standard-Charleroi-AU25,B1,2026-10-11,13:30,Standard,Charleroi,1X2+OU25,A&U25,客胜 Charleroi + 小于 2.5 球,0.1902512280596087,0.14868900774627053,0.16191954032923203,average,,6.1759068606957115,6.361184066516583,,,,1.0,False,4.905589594015899,比甲,False
20261011-B1-StGilloise-Oud-HeverleeLeuven-H,B1,2026-10-11,16:00,St. Gilloise,Oud-Heverlee Leuven,1X2,H,主胜 St. Gilloise,0.8017143418932874,0.749740480837105,0.7653326391539597,average,market_avg,1.3066213942024665,1.5,1.23,1.23,-0.05864085384062967,1.0,False,,比甲,False
20261011-B1-StGilloise-Oud-HeverleeLeuven-D,B1,2026-10-11,16:00,St. Gilloise,Oud-Heverlee Leuven,1X2,D,平局,0.1524779679734531,0.15577378233608768,0.15478503802729732,average,market_avg,6.460572757837509,6.654389940572635,5.92,5.92,-0.08367257487839985,1.0,False,,比甲,False
20261011-B1-StGilloise-Oud-HeverleeLeuven-A,B1,2026-10-11,16:00,St. Gilloise,Oud-Heverlee Leuven,1X2,A,客胜 Oud-Heverlee Leuven,0.0458076901332595,0.09448573682680729,0.07988232281874295,average,market_avg,12.518414146131564,12.893966570515511,9.76,9.76,-0.22034852928906878,1.0,False,,比甲,False
20261011-B1-StGilloise-Oud-HeverleeLeuven-O25,B1,2026-10-11,16:00,St. Gilloise,Oud-Heverlee Leuven,OU25,O25,大于 2.5 球,0.5055335296417336,0.6528117359413204,0.6086282740514443,average,market_avg,1.6430390151665466,1.692330185621543,1.42,1.42,-0.13574785084694918,1.0,False,,比甲,False
20261011-B1-StGilloise-Oud-HeverleeLeuven-U25,B1,2026-10-11,16:00,St. Gilloise,Oud-Heverlee Leuven,OU25,U25,小于 2.5 球,0.4944664703582664,0.34718826405867975,0.39137172594855574,average,market_avg,2.5551155939441728,2.631769061762498,2.67,2.67,0.0449625082826437,1.0,True,,比甲,False
20261011-B1-StGilloise-Oud-HeverleeLeuven-HO25,B1,2026-10-11,16:00,St. Gilloise,Oud-Heverlee Leuven,1X2+OU25,H&O25,主胜 St. Gilloise + 大于 2.5 球,0.47258441197215245,0.5680117482820646,0.5428988482683965,average,,1.8419637528971573,1.897222665484072,,,,1.0,False,2.1468299287259605,比甲,False
20261011-B1-StGilloise-Oud-HeverleeLeuven-HU25,B1,2026-10-11,16:00,St. Gilloise,Oud-Heverlee Leuven,1X2+OU25,H&U25,主胜 St. Gilloise + 小于 2.5 球,0.32912992992113504,0.1817287325553291,0.2224337908858898,average,,4.495719809554509,4.630591403841144,,,,1.0,False,3.3385686997077983,比甲,False
20261011-B1-StGilloise-Oud-HeverleeLeuven-DO25,B1,2026-10-11,16:00,St. Gilloise,Oud-Heverlee Leuven,1X2+OU25,D&O25,平局 + 大于 2.5 球,0.015721984615806883,0.03118017198660441,0.025303228238677155,average,,39.52064892935099,40.70626839723152,,,,1.0,False,10.614973101449161,比甲,False
20261011-B1-StGilloise-Oud-HeverleeLeuven-DU25,B1,2026-10-11,16:00,St. Gilloise,Oud-Heverlee Leuven,1X2+OU25,D&U25,平局 + 小于 2.5 球,0.1367559833576462,0.12459361034922432,0.12948180978832838,average,,7.723092545854584,7.954785322230221,,,,1.0,False,16.50751019936153,比甲,False
20261011-B1-StGilloise-Oud-HeverleeLeuven-AO25,B1,2026-10-11,16:00,St. Gilloise,Oud-Heverlee Leuven,1X2+OU25,A&O25,客胜 Oud-Heverlee Leuven + 大于 2.5 球,0.01722713305377428,0.05361981567265135,0.040426197544370705,average,,24.736434805732767,25.47852784990475,,,,1.0,False,20.56824285010697,比甲,False
20261011-B1-StGilloise-Oud-HeverleeLeuven-AU25,B1,2026-10-11,16:00,St. Gilloise,Oud-Heverlee Leuven,1X2+OU25,A&U25,客胜 Oud-Heverlee Leuven + 小于 2.5 球,0.028580557079485217,0.04086592115412635,0.039456125274337575,average,,25.34460728333109,26.104945501831022,,,,1.0,False,31.985995196232082,比甲,False
20261011-B1-Westerlo-Antwerp-H,B1,2026-10-11,18:30,Westerlo,Antwerp,1X2,H,主胜 Westerlo,0.4539154899664613,0.44333564665246766,0.4465095996466657,average,market_avg,2.239593506592748,2.3067813117905303,2.08,2.08,-0.07126003273493531,1.0,False,,比甲,False
20261011-B1-Westerlo-Antwerp-D,B1,2026-10-11,18:30,Westerlo,Antwerp,1X2,D,平局,0.25074145018654465,0.24722202279815894,0.24827785101467464,average,market_avg,4.027745511382303,4.148577876723772,3.73,3.73,-0.07392361571526362,1.0,False,,比甲,False
20261011-B1-Westerlo-Antwerp-A,B1,2026-10-11,18:30,Westerlo,Antwerp,1X2,A,客胜 Antwerp,0.2953430598469941,0.3094423305493734,0.3052125493386596,average,market_avg,3.27640525321393,3.374697410810348,2.98,2.98,-0.09046660297079445,1.0,False,,比甲,False
20261011-B1-Westerlo-Antwerp-O25,B1,2026-10-11,18:30,Westerlo,Antwerp,OU25,O25,大于 2.5 球,0.5825575549588162,0.6334164588528678,0.6181587876846523,average,market_avg,1.6177073268594222,1.666238546665205,1.47,1.47,-0.09130658210356113,1.0,False,,比甲,False
20261011-B1-Westerlo-Antwerp-U25,B1,2026-10-11,18:30,Westerlo,Antwerp,OU25,U25,小于 2.5 球,0.4174424450411838,0.3665835411471321,0.3818412123153476,average,market_avg,2.618889652943327,2.697456342531627,2.54,2.54,-0.03012332071901702,1.0,False,,比甲,False
20261011-B1-Westerlo-Antwerp-HO25,B1,2026-10-11,18:30,Westerlo,Antwerp,1X2+OU25,H&O25,主胜 Westerlo + 大于 2.5 球,0.3085962651785621,0.32282742788672125,0.3187729156814025,average,,3.1370293735978807,3.231140254805817,,,,1.0,False,3.623006824801874,比甲,False
20261011-B1-Westerlo-Antwerp-HU25,B1,2026-10-11,18:30,Westerlo,Antwerp,1X2+OU25,H&U25,主胜 Westerlo + 小于 2.5 球,0.14531922478789927,0.12050821876582149,0.12773668396578997,average,,7.828604665107925,8.063462805061162,,,,1.0,False,5.865248261214811,比甲,False
20261011-B1-Westerlo-Antwerp-DO25,B1,2026-10-11,18:30,Westerlo,Antwerp,1X2+OU25,D&O25,平局 + 大于 2.5 球,0.07958297795295068,0.09139875210551364,0.08772690890011277,average,,11.399011005147983,11.740981335302424,,,,1.0,False,6.515713424488302,比甲,False
20261011-B1-Westerlo-Antwerp-DU25,B1,2026-10-11,18:30,Westerlo,Antwerp,1X2+OU25,D&U25,平局 + 小于 2.5 球,0.171158472233594,0.1558232706925289,0.16055094211375207,average,,6.228552675147115,6.415409255401529,,,,1.0,False,10.548221044448043,比甲,False
20261011-B1-Westerlo-Antwerp-AO25,B1,2026-10-11,18:30,Westerlo,Antwerp,1X2+OU25,A&O25,客胜 Antwerp + 大于 2.5 球,0.19437831182730356,0.21919027886063303,0.21165896310313717,average,,4.724581398958852,4.866318840927619,,,,1.0,False,5.300264783884875,比甲,False
20261011-B1-Westerlo-Antwerp-AU25,B1,2026-10-11,18:30,Westerlo,Antwerp,1X2+OU25,A&U25,客胜 Antwerp + 小于 2.5 球,0.10096474801969052,0.0902520516887818,0.09355358623580566,average,,10.689061106427912,11.00973293962075,,,,1.0,False,8.580543816491122,比甲,False
20261011-B1-Mechelen-StTruiden-H,B1,2026-10-11,19:15,Mechelen,St Truiden,1X2,H,主胜 Mechelen,0.3345683754262755,0.2937545768385814,0.3059987164148896,average,market_avg,3.267987564510388,3.3660271914456996,3.14,3.14,-0.03916403045724648,1.0,False,,比甲,False
20261011-B1-Mechelen-StTruiden-D,B1,2026-10-11,19:15,Mechelen,St Truiden,1X2,D,平局,0.2571684450700737,0.2627889946647139,0.2611028297863218,average,market_avg,3.8299087023237854,3.944805963393499,3.51,3.51,-0.08352906745001043,1.0,False,,比甲,False
20261011-B1-Mechelen-StTruiden-A,B1,2026-10-11,19:15,Mechelen,St Truiden,1X2,A,客胜 St Truiden,0.4082631795036508,0.44345642849670464,0.4328984537987885,average,market_avg,2.3100105607325654,2.3793108775545426,2.08,2.08,-0.09957121609851993,1.0,False,,比甲,False
20261011-B1-Mechelen-StTruiden-O25,B1,2026-10-11,19:15,Mechelen,St Truiden,OU25,O25,大于 2.5 球,0.5695842208670708,0.5710526315789474,0.5706121083653843,average,market_avg,1.752503995866247,1.8050791157422343,1.63,1.63,-0.06990226336442362,1.0,False,,比甲,False
20261011-B1-Mechelen-StTruiden-U25,B1,2026-10-11,19:15,Mechelen,St Truiden,OU25,U25,小于 2.5 球,0.43041577913292917,0.42894736842105263,0.42938789163461555,average,market_avg,2.328896597882976,2.3987634958194652,2.17,2.17,-0.06822827515288432,1.0,False,,比甲,False
20261011-B1-Mechelen-StTruiden-HO25,B1,2026-10-11,19:15,Mechelen,St Truiden,1X2+OU25,H&O25,主胜 Mechelen + 大于 2.5 球,0.21895062421884734,0.19315708554295594,0.20092194241616318,average,,4.977057199301468,5.126368915280512,,,,1.0,False,5.72716126524566,比甲,False
20261011-B1-Mechelen-StTruiden-HU25,B1,2026-10-11,19:15,Mechelen,St Truiden,1X2+OU25,H&U25,主胜 Mechelen + 小于 2.5 球,0.1156177512074282,0.10059749129589489,0.10507677399891241,average,,9.51685098374214,9.802356513254404,,,,1.0,False,7.610805120912113,比甲,False
20261011-B1-Mechelen-StTruiden-DO25,B1,2026-10-11,19:15,Mechelen,St Truiden,1X2+OU25,D&O25,平局 + 大于 2.5 球,0.07930576756747516,0.0818156498283236,0.08105847428890128,average,,12.33677303665858,12.706876227758336,,,,1.0,False,6.711930304625347,比甲,False
20261011-B1-Mechelen-StTruiden-DU25,B1,2026-10-11,19:15,Mechelen,St Truiden,1X2+OU25,D&U25,平局 + 小于 2.5 球,0.17786267750259854,0.1809733448356668,0.18004435549694064,average,,5.5541868960007035,5.720812502880725,,,,1.0,False,8.919461347044267,比甲,False
20261011-B1-Mechelen-StTruiden-AO25,B1,2026-10-11,19:15,Mechelen,St Truiden,1X2+OU25,A&O25,客胜 St Truiden + 大于 2.5 球,0.2713278290807481,0.29607989620766795,0.28863169166032,average,,3.4646230088165897,3.5685616990810876,,,,1.0,False,4.048302738177051,比甲,False
20261011-B1-Mechelen-StTruiden-AU25,B1,2026-10-11,19:15,Mechelen,St Truiden,1X2+OU25,A&U25,客胜 St Truiden + 小于 2.5 球,0.1369353504229026,0.147376532289491,0.14426676213876255,average,,6.931603545923856,7.139551652301572,,,,1.0,False,5.3797757359638165,比甲,False
20261010-D1-Augsburg-BayernMunich-H,D1,2026-10-10,15:30,Augsburg,Bayern Munich,1X2,H,主胜 Augsburg,0.0882043660425858,0.08489470798800348,0.08588760540437818,average,market_avg,11.64312353676383,11.992417242866747,11.02,11.02,-0.05351858844375257,1.0,False,,德甲,False
20261010-D1-Augsburg-BayernMunich-D,D1,2026-10-10,15:30,Augsburg,Bayern Munich,1X2,D,平局,0.13568312597458712,0.11549872617627141,0.12155404611576612,average,market_avg,8.226793199854624,8.473596995850261,8.1,8.1,-0.015412226462294454,1.0,False,,德甲,False
20261010-D1-Augsburg-BayernMunich-A,D1,2026-10-10,15:30,Augsburg,Bayern Munich,1X2,A,客胜 Bayern Munich,0.776112507982827,0.7996065658357252,0.7925583484798557,average,market_avg,1.2617367565656483,1.5,1.17,1.17,-0.07270673227856883,1.0,False,,德甲,False
20261010-D1-Augsburg-BayernMunich-O25,D1,2026-10-10,15:30,Augsburg,Bayern Munich,OU25,O25,大于 2.5 球,0.7648288689279656,0.8290468986384265,0.8097814897252882,average,market_avg,1.2349010352647625,1.5,1.13,1.13,-0.08494691661042442,1.0,False,,德甲,False
20261010-D1-Augsburg-BayernMunich-U25,D1,2026-10-10,15:30,Augsburg,Bayern Munich,OU25,U25,小于 2.5 球,0.23517113107203436,0.17095310136157335,0.19021851027471165,average,market_avg,5.257111931724258,5.414825289675986,5.48,5.48,0.04239743630541981,1.0,False,,德甲,False
20261010-D1-Augsburg-BayernMunich-HO25,D1,2026-10-10,15:30,Augsburg,Bayern Munich,1X2+OU25,H&O25,主胜 Augsburg + 大于 2.5 球,0.06479449340592357,0.06818767111673331,0.06719814838105959,average,,14.881362419829102,15.327803292423976,,,,1.0,False,14.378105309265178,德甲,False
20261010-D1-Augsburg-BayernMunich-HU25,D1,2026-10-10,15:30,Augsburg,Bayern Munich,1X2+OU25,H&U25,主胜 Augsburg + 小于 2.5 球,0.023409872636662242,0.016707036871233698,0.01868945702327427,average,,53.506102331099534,55.11128540103252,,,,1.0,False,61.20920366766069,德甲,False
20261010-D1-Augsburg-BayernMunich-DO25,D1,2026-10-10,15:30,Augsburg,Bayern Munich,1X2+OU25,D&O25,平局 + 大于 2.5 球,0.0571068743066669,0.05974744334793923,0.059029506981279005,average,,16.940680197738164,17.44890060367031,,,,1.0,False,10.159275439409582,德甲,False
20261010-D1-Augsburg-BayernMunich-DU25,D1,2026-10-10,15:30,Augsburg,Bayern Munich,1X2+OU25,D&U25,平局 + 小于 2.5 球,0.07857625166792022,0.05575128282773353,0.06252453913374452,average,,15.99372044727795,16.473532060696286,,,,1.0,False,43.24917269078373,德甲,False
20261010-D1-Augsburg-BayernMunich-AO25,D1,2026-10-10,15:30,Augsburg,Bayern Munich,1X2+OU25,A&O25,客胜 Bayern Munich + 大于 2.5 球,0.6429275012153751,0.7011117841737542,0.6835538343629497,average,,1.4629425653532733,1.5068308423138714,,,,1.0,False,1.5581200269145228,德甲,False
20261010-D1-Augsburg-BayernMunich-AU25,D1,2026-10-10,15:30,Augsburg,Bayern Munich,1X2+OU25,A&U25,客胜 Bayern Munich + 小于 2.5 球,0.133185006767452,0.09849478166260614,0.10900451411769287,average,,9.173931998084901,9.44914995802745,,,,1.0,False,6.633091357636335,德甲,False
20261010-D1-Hoffenheim-Hamburg-H,D1,2026-10-10,15:30,Hoffenheim,Hamburg,1X2,H,主胜 Hoffenheim,0.5970480838264254,0.6654877431529747,0.6449558453550098,average,market_avg,1.5504937387606115,1.59700855092343,1.41,1.41,-0.09061225804943618,1.0,False,,德甲,False
20261010-D1-Hoffenheim-Hamburg-D,D1,2026-10-10,15:30,Hoffenheim,Hamburg,1X2,D,平局,0.2154365427590056,0.18766754356913884,0.19599824332609886,average,market_avg,5.102086544399357,5.255149140731337,5.0,5.0,-0.020008783369505734,1.0,False,,德甲,False
20261010-D1-Hoffenheim-Hamburg-A,D1,2026-10-10,15:30,Hoffenheim,Hamburg,1X2,A,客胜 Hamburg,0.18751537341456892,0.14684471327788642,0.15904591131889118,average,market_avg,6.28749265987086,6.476117439666986,6.39,6.39,0.016303373327714477,1.0,False,,德甲,False
20261010-D1-Hoffenheim-Hamburg-O25,D1,2026-10-10,15:30,Hoffenheim,Hamburg,OU25,O25,大于 2.5 球,0.6296657665009929,0.6783216783216783,0.6637249047754726,average,market_avg,1.5066483008322307,1.5518477498571976,1.38,1.38,-0.08405963140984785,1.0,False,,德甲,False
20261010-D1-Hoffenheim-Hamburg-U25,D1,2026-10-10,15:30,Hoffenheim,Hamburg,OU25,U25,小于 2.5 球,0.37033423349900707,0.3216783216783216,0.33627509522452725,average,market_avg,2.9737557559304557,3.0629684286083694,2.91,2.91,-0.021439472896625622,1.0,False,,德甲,False
20261010-D1-Hoffenheim-Hamburg-HO25,D1,2026-10-10,15:30,Hoffenheim,Hamburg,1X2+OU25,H&O25,主胜 Hoffenheim + 大于 2.5 球,0.43232301155007363,0.5043014795152465,0.482255366454195,average,,2.073590196315588,2.1357979022050557,,,,1.0,False,2.336048756954688,德甲,False
20261010-D1-Hoffenheim-Hamburg-HU25,D1,2026-10-10,15:30,Hoffenheim,Hamburg,1X2+OU25,H&U25,主胜 Hoffenheim + 小于 2.5 球,0.16472507227635175,0.16118626363842598,0.16270047890141287,average,,6.146263408394406,6.330651310646238,,,,1.0,False,4.610789680173501,德甲,False
20261010-D1-Hoffenheim-Hamburg-DO25,D1,2026-10-10,15:30,Hoffenheim,Hamburg,1X2+OU25,D&O25,平局 + 大于 2.5 球,0.07235716851315499,0.07058477990349833,0.07124934148481882,average,,14.035217437245665,14.456273960363035,,,,1.0,False,7.687050022818279,德甲,False
20261010-D1-Hoffenheim-Hamburg-DU25,D1,2026-10-10,15:30,Hoffenheim,Hamburg,1X2+OU25,D&U25,平局 + 小于 2.5 球,0.1430793742458506,0.11708276366489229,0.12474890184063064,average,,8.016102628923509,8.256585707791213,,,,1.0,False,15.172359228662913,德甲,False
20261010-D1-Hoffenheim-Hamburg-AO25,D1,2026-10-10,15:30,Hoffenheim,Hamburg,1X2+OU25,A&O25,客胜 Hamburg + 大于 2.5 球,0.1249855864377643,0.10343541890293355,0.1102201968364588,average,,9.072747361209743,9.344929782046036,,,,1.0,False,9.473040132489555,德甲,False
20261010-D1-Hoffenheim-Hamburg-AU25,D1,2026-10-10,15:30,Hoffenheim,Hamburg,1X2+OU25,A&U25,客胜 Hamburg + 小于 2.5 球,0.06252978697680461,0.043409294375003404,0.04882571448248375,average,,20.481011094241143,21.095441427068376,,,,1.0,False,18.69746748766146,德甲,False
20261010-D1-Mainz-Leverkusen-H,D1,2026-10-10,15:30,Mainz,Leverkusen,1X2,H,主胜 Mainz,0.3065317607094991,0.32476525041909104,0.31929520350621343,average,market_avg,3.1318979709651047,3.225854910094058,2.88,2.88,-0.08042981390210535,1.0,False,,德甲,False
20261010-D1-Mainz-Leverkusen-D,D1,2026-10-10,15:30,Mainz,Leverkusen,1X2,D,平局,0.25084748573540766,0.24420990109842877,0.24620117648952244,average,market_avg,4.061719014744663,4.183570585187003,3.83,3.83,-0.057049494045129046,1.0,False,,德甲,False
20261010-D1-Mainz-Leverkusen-A,D1,2026-10-10,15:30,Mainz,Leverkusen,1X2,A,客胜 Leverkusen,0.4426207535550932,0.4310248484824803,0.4345036200042641,average,market_avg,2.3014767978001798,2.370521101734185,2.17,2.17,-0.05712714459074686,1.0,False,,德甲,False
20261010-D1-Mainz-Leverkusen-O25,D1,2026-10-10,15:30,Mainz,Leverkusen,OU25,O25,大于 2.5 球,0.5884000884020489,0.6570048309178744,0.6364234081631267,average,market_avg,1.571280985541126,1.6184194151073599,1.42,1.42,-0.09627876040836014,1.0,False,,德甲,False
20261010-D1-Mainz-Leverkusen-U25,D1,2026-10-10,15:30,Mainz,Leverkusen,OU25,U25,小于 2.5 球,0.41159991159795106,0.3429951690821256,0.3635765918368732,average,market_avg,2.7504520985461918,2.8329656615025773,2.72,2.72,-0.011071670203704809,1.0,False,,德甲,False
20261010-D1-Mainz-Leverkusen-HO25,D1,2026-10-10,15:30,Mainz,Leverkusen,1X2+OU25,H&O25,主胜 Mainz + 大于 2.5 球,0.2041647651511125,0.23773205193121705,0.2275261701924267,average,,4.395098810630292,4.5269517749492,,,,1.0,False,4.921091730432303,德甲,False
20261010-D1-Mainz-Leverkusen-HU25,D1,2026-10-10,15:30,Mainz,Leverkusen,1X2+OU25,H&U25,主胜 Mainz + 小于 2.5 球,0.10236699555838658,0.08703319848792554,0.09176903331416067,average,,10.896922021360034,11.223829682000835,,,,1.0,False,8.614135346673532,德甲,False
20261010-D1-Mainz-Leverkusen-DO25,D1,2026-10-10,15:30,Mainz,Leverkusen,1X2+OU25,D&O25,平局 + 大于 2.5 球,0.08134449562396812,0.09685167687868855,0.09199536028698319,average,,10.870113415290295,11.196216817749004,,,,1.0,False,6.382101856479125,德甲,False
20261010-D1-Mainz-Leverkusen-DU25,D1,2026-10-10,15:30,Mainz,Leverkusen,1X2+OU25,D&U25,平局 + 小于 2.5 球,0.16950299011143954,0.14735822421960562,0.15420581620154458,average,,6.484839707297523,6.679384898516449,,,,1.0,False,11.171563587809427,德甲,False
20261010-D1-Mainz-Leverkusen-AO25,D1,2026-10-10,15:30,Mainz,Leverkusen,1X2+OU25,A&O25,客胜 Leverkusen + 大于 2.5 球,0.3028908276269683,0.3224211021079688,0.3169018776837169,average,,3.1555508831602674,3.2502174096550758,,,,1.0,False,3.6162667310475016,德甲,False
20261010-D1-Mainz-Leverkusen-AU25,D1,2026-10-10,15:30,Mainz,Leverkusen,1X2+OU25,A&U25,客胜 Leverkusen + 小于 2.5 球,0.1397299259281249,0.10860374637459448,0.11760174232116799,average,,8.503275378939712,8.758373640307903,,,,1.0,False,6.3301016882648735,德甲,False
20261010-D1-RBLeipzig-EinFrankfurt-H,D1,2026-10-10,18:30,RB Leipzig,Ein Frankfurt,1X2,H,主胜 RB Leipzig,0.5482280843590379,0.6043392356066385,0.5875058902323583,average,market_avg,1.702110594337191,1.753173912167307,1.55,1.55,-0.08936587013984454,1.0,False,,德甲,False
20261010-D1-RBLeipzig-EinFrankfurt-D,D1,2026-10-10,18:30,RB Leipzig,Ein Frankfurt,1X2,D,平局,0.20987330805893445,0.19803928439541008,0.20158949149446737,average,market_avg,4.960576032939917,5.1093933139281145,4.73,4.73,-0.046481705231169235,1.0,False,,德甲,False
20261010-D1-RBLeipzig-EinFrankfurt-A,D1,2026-10-10,18:30,RB Leipzig,Ein Frankfurt,1X2,A,客胜 Ein Frankfurt,0.24189860758202752,0.1976214799979514,0.21090461827317425,average,market_avg,4.741479860363938,4.883724256174856,4.74,4.74,-0.00031210938515402464,1.0,False,,德甲,False
20261010-D1-RBLeipzig-EinFrankfurt-O25,D1,2026-10-10,18:30,RB Leipzig,Ein Frankfurt,OU25,O25,大于 2.5 球,0.7208105631643943,0.732776617954071,0.729186801517168,average,market_avg,1.3713907025187098,1.5,1.28,1.28,-0.06664089405802498,1.0,False,,德甲,False
20261010-D1-RBLeipzig-EinFrankfurt-U25,D1,2026-10-10,18:30,RB Leipzig,Ein Frankfurt,OU25,U25,小于 2.5 球,0.2791894368356057,0.26722338204592905,0.27081319848283203,average,market_avg,3.6925822138738713,3.8033596802900873,3.51,3.51,-0.04944567332525962,1.0,False,,德甲,False
20261010-D1-RBLeipzig-EinFrankfurt-HO25,D1,2026-10-10,18:30,RB Leipzig,Ein Frankfurt,1X2+OU25,H&O25,主胜 RB Leipzig + 大于 2.5 球,0.4383214052149122,0.48666972001149766,0.47209248395770065,average,,2.1182290207560257,2.1817758913787064,,,,1.0,False,2.3342586437326194,德甲,False
20261010-D1-RBLeipzig-EinFrankfurt-HU25,D1,2026-10-10,18:30,RB Leipzig,Ein Frankfurt,1X2+OU25,H&U25,主胜 RB Leipzig + 小于 2.5 球,0.10990667914412572,0.11766951559558386,0.11541340627498689,average,,8.664504690359582,8.924439831070371,,,,1.0,False,6.285183306695796,德甲,False
20261010-D1-RBLeipzig-EinFrankfurt-DO25,D1,2026-10-10,18:30,RB Leipzig,Ein Frankfurt,1X2+OU25,D&O25,平局 + 大于 2.5 球,0.09681047834203435,0.09314460909816898,0.09425958226440259,average,,10.609000973449604,10.927271002653091,,,,1.0,False,6.802887850710947,德甲,False
20261010-D1-RBLeipzig-EinFrankfurt-DU25,D1,2026-10-10,18:30,RB Leipzig,Ein Frankfurt,1X2+OU25,D&U25,平局 + 小于 2.5 球,0.11306282971690011,0.10489467529671556,0.10732990922966745,average,,9.317067415571673,9.596579438038823,,,,1.0,False,18.317334829802945,德甲,False
20261010-D1-RBLeipzig-EinFrankfurt-AO25,D1,2026-10-10,18:30,RB Leipzig,Ein Frankfurt,1X2+OU25,A&O25,客胜 Ein Frankfurt + 大于 2.5 球,0.18567867960744774,0.15296228884440424,0.16283473529506473,average,,6.1411958461316605,6.325431721515611,,,,1.0,False,6.5024213966828155,德甲,False
20261010-D1-RBLeipzig-EinFrankfurt-AU25,D1,2026-10-10,18:30,RB Leipzig,Ein Frankfurt,1X2+OU25,A&U25,客胜 Ein Frankfurt + 小于 2.5 球,0.0562199279745798,0.044659191153629575,0.04806988297817769,average,,20.803046274399513,21.427137662631498,,,,1.0,False,17.508304199821048,德甲,False
20261011-D1-FCKoln-Mgladbach-H,D1,2026-10-11,15:30,FC Koln,M'gladbach,1X2,H,主胜 FC Koln,0.42877054525233804,0.4683277374391493,0.45646057978310584,average,market_avg,2.1907696837154376,2.2564927742269005,2.0,2.0,-0.08707884043378833,1.0,False,,德甲,False
20261011-D1-FCKoln-Mgladbach-D,D1,2026-10-11,15:30,FC Koln,M'gladbach,1X2,D,平局,0.2424913456448677,0.24078546912038523,0.24129723207772996,average,market_avg,4.144266353116999,4.268594343710508,3.89,3.89,-0.06135376721763042,1.0,False,,德甲,False
20261011-D1-FCKoln-Mgladbach-A,D1,2026-10-11,15:30,FC Koln,M'gladbach,1X2,A,客胜 M'gladbach,0.3287381091027943,0.2908867934404654,0.30224218813916404,average,market_avg,3.308604950740898,3.4078630992631247,3.22,3.22,-0.026780154191891725,1.0,False,,德甲,False
20261011-D1-FCKoln-Mgladbach-O25,D1,2026-10-11,15:30,FC Koln,M'gladbach,OU25,O25,大于 2.5 球,0.6330892085945604,0.6352357320099257,0.634591774985316,average,market_avg,1.5758162009319128,1.6230906869598702,1.47,1.47,-0.0671500907715854,1.0,False,,德甲,False
20261011-D1-FCKoln-Mgladbach-U25,D1,2026-10-11,15:30,FC Koln,M'gladbach,OU25,U25,小于 2.5 球,0.3669107914054396,0.3647642679900745,0.365408225014684,average,market_avg,2.7366652733660137,2.818765231566994,2.56,2.56,-0.0645549439624089,1.0,False,,德甲,False
20261011-D1-FCKoln-Mgladbach-HO25,D1,2026-10-11,15:30,FC Koln,M'gladbach,1X2+OU25,H&O25,主胜 FC Koln + 大于 2.5 球,0.3094131335616196,0.3384462067077051,0.3297275670931355,average,,3.032806776867213,3.1237909801732293,,,,1.0,False,3.452250360109269,德甲,False
20261011-D1-FCKoln-Mgladbach-HU25,D1,2026-10-11,15:30,FC Koln,M'gladbach,1X2+OU25,H&U25,主胜 FC Koln + 小于 2.5 球,0.11935741169071845,0.12988153073154787,0.1267330126900414,average,,7.8906038669321354,8.1273219829401,,,,1.0,False,5.995403315367083,德甲,False
20261011-D1-FCKoln-Mgladbach-DO25,D1,2026-10-11,15:30,FC Koln,M'gladbach,1X2+OU25,D&O25,平局 + 大于 2.5 球,0.0904560289427261,0.09011201228389139,0.09021549702265715,average,,11.08457009053395,11.417107193249969,,,,1.0,False,6.530602060218781,德甲,False
20261011-D1-FCKoln-Mgladbach-DU25,D1,2026-10-11,15:30,FC Koln,M'gladbach,1X2+OU25,D&U25,平局 + 小于 2.5 球,0.1520353167021416,0.1506734568363348,0.15108173505496153,average,,6.618933782010203,6.817501795470509,,,,1.0,False,11.341469812154502,德甲,False
20261011-D1-FCKoln-Mgladbach-AO25,D1,2026-10-11,15:30,FC Koln,M'gladbach,1X2+OU25,A&O25,客胜 M'gladbach + 大于 2.5 球,0.23322004609021493,0.20667751301832907,0.2146487108695235,average,,4.6587747764665615,4.798538019760559,,,,1.0,False,5.21375328386104,德甲,False
20261011-D1-FCKoln-Mgladbach-AU25,D1,2026-10-11,15:30,FC Koln,M'gladbach,1X2+OU25,A&U25,客胜 M'gladbach + 小于 2.5 球,0.09551806301257934,0.08420928042219182,0.0875934772696811,average,,11.41637518192387,11.758866437381586,,,,1.0,False,9.054544271979484,德甲,False
20261010-D2-Magdeburg-Hannover-H,D2,2026-10-10,13:00,Magdeburg,Hannover,1X2,H,主胜 Magdeburg,0.39105715328285384,0.3748923218285189,0.37974177126481934,average,market_avg,2.6333684510641655,2.7123695045960905,2.45,2.45,-0.06963266040119254,1.0,False,,德乙,False
20261010-D2-Magdeburg-Hannover-D,D2,2026-10-10,13:00,Magdeburg,Hannover,1X2,D,平局,0.24515792137849385,0.23918911158329986,0.24097975452185805,average,market_avg,4.149726195813247,4.274217981687644,3.84,3.84,-0.07463774263606515,1.0,False,,德乙,False
20261010-D2-Magdeburg-Hannover-A,D2,2026-10-10,13:00,Magdeburg,Hannover,1X2,A,客胜 Hannover,0.36378492533865237,0.3859185665881813,0.3792784742133226,average,market_avg,2.636585168916169,2.715682723983654,2.38,2.38,-0.0973172313722922,1.0,False,,德乙,False
20261010-D2-Magdeburg-Hannover-O25,D2,2026-10-10,13:00,Magdeburg,Hannover,OU25,O25,大于 2.5 球,0.5859927855502484,0.6926605504587157,0.6606602209861754,average,market_avg,1.513637370973067,1.559046492102259,1.34,1.34,-0.11471530387852491,1.0,False,,德乙,False
20261010-D2-Magdeburg-Hannover-U25,D2,2026-10-10,13:00,Magdeburg,Hannover,OU25,U25,小于 2.5 球,0.41400721444975164,0.30733944954128445,0.3393397790138246,average,market_avg,2.946898836635537,3.0353058017346033,3.02,3.02,0.024806132621750354,1.0,False,,德乙,False
20261010-D2-Magdeburg-Hannover-HO25,D2,2026-10-10,13:00,Magdeburg,Hannover,1X2+OU25,H&O25,主胜 Magdeburg + 大于 2.5 球,0.2614781760461589,0.2881594413418347,0.2808497288856749,average,,3.5606229849951845,3.66744167454504,,,,1.0,False,3.9859648990721817,德乙,False
20261010-D2-Magdeburg-Hannover-HU25,D2,2026-10-10,13:00,Magdeburg,Hannover,1X2+OU25,H&U25,主胜 Magdeburg + 小于 2.5 球,0.12957897723669487,0.08673288048687422,0.09889204237929855,average,,10.11203708549692,10.415398198061828,,,,1.0,False,7.760270424873717,德乙,False
20261010-D2-Magdeburg-Hannover-DO25,D2,2026-10-10,13:00,Magdeburg,Hannover,1X2+OU25,D&O25,平局 + 大于 2.5 球,0.08279471830295827,0.10916550321945061,0.10068546498911521,average,,9.931920164525305,10.229877769461066,,,,1.0,False,6.281180649288829,德乙,False
20261010-D2-Magdeburg-Hannover-DU25,D2,2026-10-10,13:00,Magdeburg,Hannover,1X2+OU25,D&U25,平局 + 小于 2.5 球,0.1623632030755356,0.1300236083634723,0.14029428953244188,average,,7.127873866660541,7.341710082660358,,,,1.0,False,12.22882329879807,德乙,False
20261010-D2-Magdeburg-Hannover-AO25,D2,2026-10-10,13:00,Magdeburg,Hannover,1X2+OU25,A&O25,客胜 Hannover + 大于 2.5 球,0.24171989120113124,0.2953356058974303,0.27912502711138526,average,,3.5826239242995164,3.690102642028502,,,,1.0,False,3.9908338434248494,德乙,False
20261010-D2-Magdeburg-Hannover-AU25,D2,2026-10-10,13:00,Magdeburg,Hannover,1X2+OU25,A&U25,客胜 Hannover + 小于 2.5 球,0.12206503413752112,0.09058296069093791,0.10015344710208413,average,,9.984678799729407,10.28421916372129,,,,1.0,False,7.76974976696957,德乙,False
20261011-D2-Bochum-Bielefeld-H,D2,2026-10-11,13:30,Bochum,Bielefeld,1X2,H,主胜 Bochum,0.43515063421880196,0.4112544316210304,0.4184232924003618,average,market_avg,2.3899243138767847,2.4616220432930884,2.23,2.23,-0.06691605794719324,1.0,False,,德乙,False
20261011-D2-Bochum-Bielefeld-D,D2,2026-10-11,13:30,Bochum,Bielefeld,1X2,D,平局,0.2583882841433929,0.2635337306077292,0.2619900966684283,average,market_avg,3.8169381694819884,3.931446314566448,3.48,3.48,-0.08827446359386948,1.0,False,,德乙,False
20261011-D2-Bochum-Bielefeld-A,D2,2026-10-11,13:30,Bochum,Bielefeld,1X2,A,客胜 Bielefeld,0.3064610816378053,0.32521183777124035,0.3195866109312098,average,market_avg,3.1290422245356435,3.222913491271713,2.82,2.82,-0.09876575717398839,1.0,False,,德乙,False
20261011-D2-Bochum-Bielefeld-O25,D2,2026-10-11,13:30,Bochum,Bielefeld,OU25,O25,大于 2.5 球,0.5126279249555489,0.5661375661375662,0.550084673782961,average,market_avg,1.817901947936393,1.8724390063744847,1.64,1.64,-0.09786113499594407,1.0,False,,德乙,False
20261011-D2-Bochum-Bielefeld-U25,D2,2026-10-11,13:30,Bochum,Bielefeld,OU25,U25,小于 2.5 球,0.4873720750444511,0.4338624338624339,0.449915326217039,average,market_avg,2.2226404430543902,2.289319656346022,2.14,2.14,-0.03718120189553653,1.0,False,,德乙,False
20261011-D2-Bochum-Bielefeld-HO25,D2,2026-10-11,13:30,Bochum,Bielefeld,1X2+OU25,H&O25,主胜 Bochum + 大于 2.5 球,0.264900333268768,0.27377755077650395,0.27151184403119244,average,,3.683080580032139,3.793572997433104,,,,1.0,False,4.344648065617154,德乙,False
20261011-D2-Bochum-Bielefeld-HU25,D2,2026-10-11,13:30,Bochum,Bielefeld,1X2+OU25,H&U25,主胜 Bochum + 小于 2.5 球,0.17025030095003382,0.13747688084496765,0.14691144836943365,average,,6.80682146353449,7.011026107440525,,,,1.0,False,5.311942435861557,德乙,False
20261011-D2-Bochum-Bielefeld-DO25,D2,2026-10-11,13:30,Bochum,Bielefeld,1X2+OU25,D&O25,平局 + 大于 2.5 球,0.06797621563430085,0.08264904750100288,0.07801272456621149,average,,12.818421681340885,13.202974331781112,,,,1.0,False,6.938819333454076,德乙,False
20261011-D2-Bochum-Bielefeld-DU25,D2,2026-10-11,13:30,Bochum,Bielefeld,1X2+OU25,D&U25,平局 + 小于 2.5 球,0.19041206850909195,0.18088468310600941,0.18397737210179435,average,,5.435451048005522,5.598514579445688,,,,1.0,False,8.48368114412866,德乙,False
20261011-D2-Bochum-Bielefeld-AO25,D2,2026-10-11,13:30,Bochum,Bielefeld,1X2+OU25,A&O25,客胜 Bielefeld + 大于 2.5 球,0.17975137605247976,0.2097109678600593,0.2005601051855571,average,,4.986036475573273,5.135617569840471,,,,1.0,False,5.6882919551585704,德乙,False
20261011-D2-Bochum-Bielefeld-AU25,D2,2026-10-11,13:30,Bochum,Bielefeld,1X2+OU25,A&U25,客胜 Bielefeld + 小于 2.5 球,0.12670970558532546,0.1155008699114568,0.11902650574581101,average,,8.401490018833,8.65353471939799,,,,1.0,False,6.954735796277797,德乙,False
20261011-D2-Hertha-GreutherFurth-H,D2,2026-10-11,13:30,Hertha,Greuther Furth,1X2,H,主胜 Hertha,0.5932402237820309,0.5915492957746479,0.5920565741768627,average,market_avg,1.6890277781144507,1.7396986114578843,1.55,1.55,-0.0823123100258627,1.0,False,,德乙,False
20261011-D2-Hertha-GreutherFurth-D,D2,2026-10-11,13:30,Hertha,Greuther Furth,1X2,D,平局,0.2087490306026416,0.2112676056338028,0.21051203312445443,average,market_avg,4.750322274493455,4.892831942728259,4.34,4.34,-0.08637777623986775,1.0,False,,德乙,False
20261011-D2-Hertha-GreutherFurth-A,D2,2026-10-11,13:30,Hertha,Greuther Furth,1X2,A,客胜 Greuther Furth,0.19801074561532744,0.19718309859154928,0.1974313926986827,average,market_avg,5.0650506301507345,5.217002149055257,4.65,4.65,-0.08194402395112532,1.0,False,,德乙,False
20261011-D2-Hertha-GreutherFurth-O25,D2,2026-10-11,13:30,Hertha,Greuther Furth,OU25,O25,大于 2.5 球,0.6341805517723035,0.6761229314420805,0.6635402175411473,average,market_avg,1.5070676555305982,1.5522796851965162,1.37,1.37,-0.09094990196862807,1.0,False,,德乙,False
20261011-D2-Hertha-GreutherFurth-U25,D2,2026-10-11,13:30,Hertha,Greuther Furth,OU25,U25,小于 2.5 球,0.3658194482276965,0.3238770685579197,0.3364597824588527,average,market_avg,2.972123421979252,3.0612871246386293,2.86,2.86,-0.037725022167681255,1.0,False,,德乙,False
20261011-D2-Hertha-GreutherFurth-HO25,D2,2026-10-11,13:30,Hertha,Greuther Furth,1X2+OU25,H&O25,主胜 Hertha + 大于 2.5 球,0.4290431649732858,0.45134788854080776,0.44477673984481825,average,,2.2483190113513984,2.3157685816919407,,,,1.0,False,2.5454791336890006,德乙,False
20261011-D2-Hertha-GreutherFurth-HU25,D2,2026-10-11,13:30,Hertha,Greuther Furth,1X2+OU25,H&U25,主胜 Hertha + 小于 2.5 球,0.16419705880874497,0.14020140723425126,0.1472798343323249,average,,6.789795796100516,6.993489669983532,,,,1.0,False,5.019999019707534,德乙,False
20261011-D2-Hertha-GreutherFurth-DO25,D2,2026-10-11,13:30,Hertha,Greuther Furth,1X2+OU25,D&O25,平局 + 大于 2.5 球,0.07440565924892116,0.08568943820228826,0.08215944796528532,average,,12.171454711118898,12.536598352452465,,,,1.0,False,7.159057053235631,德乙,False
20261011-D2-Hertha-GreutherFurth-DU25,D2,2026-10-11,13:30,Hertha,Greuther Furth,1X2+OU25,D&U25,平局 + 小于 2.5 球,0.13434337135372043,0.12557816743105726,0.12835258515885853,average,,7.791039025527433,8.024770196293256,,,,1.0,False,14.118544093971751,德乙,False
20261011-D2-Hertha-GreutherFurth-AO25,D2,2026-10-11,13:30,Hertha,Greuther Furth,1X2+OU25,A&O25,客胜 Greuther Furth + 大于 2.5 球,0.13073172755009646,0.13908560469898432,0.13660402973104377,average,,7.320428262393685,7.540041110265496,,,,1.0,False,7.6333739783250465,德乙,False
20261011-D2-Hertha-GreutherFurth-AU25,D2,2026-10-11,13:30,Hertha,Greuther Furth,1X2+OU25,A&U25,客胜 Greuther Furth + 小于 2.5 球,0.06727901806523098,0.058097493892611096,0.06082736296766919,average,,16.43996963227746,16.933168721245785,,,,1.0,False,15.053955611381769,德乙,False
20261010-E0-Arsenal-Leeds-H,E0,2026-10-10,13:30,Arsenal,Leeds,1X2,H,主胜 Arsenal,0.6067597810949232,0.6832431139807388,0.6602981141149941,average,market_avg,1.514467448298429,1.559901471747382,1.38,1.38,-0.08878860252130827,1.0,False,,英超,False
20261010-E0-Arsenal-Leeds-D,E0,2026-10-10,13:30,Arsenal,Leeds,1X2,D,平局,0.25748986124267964,0.19725428813669862,0.21532496006849294,average,market_avg,4.644143436422368,4.783467739515039,4.78,4.78,0.02925330912739632,1.0,False,,英超,False
20261010-E0-Arsenal-Leeds-A,E0,2026-10-10,13:30,Arsenal,Leeds,1X2,A,客胜 Leeds,0.13575035766239713,0.11950259788256268,0.124376925816513,average,market_avg,8.040076512867424,8.281278808253447,7.89,7.89,-0.01866605530771248,1.0,False,,英超,False
20261010-E0-Arsenal-Leeds-O25,E0,2026-10-10,13:30,Arsenal,Leeds,OU25,O25,大于 2.5 球,0.4329804764399971,0.5226666666666666,0.49576080959866575,average,market_avg,2.0171017568119836,2.0776148095163434,1.79,1.79,-0.11258815081838824,1.0,False,,英超,False
20261010-E0-Arsenal-Leeds-U25,E0,2026-10-10,13:30,Arsenal,Leeds,OU25,U25,小于 2.5 球,0.5670195235600028,0.47733333333333333,0.5042391904013341,average,market_avg,1.9831857956222718,2.04268136949094,1.96,1.96,-0.011691186813385102,1.0,False,,英超,False
20261010-E0-Arsenal-Leeds-HO25,E0,2026-10-10,13:30,Arsenal,Leeds,1X2+OU25,H&O25,主胜 Arsenal + 大于 2.5 球,0.3329182631831891,0.42253954065351035,0.39499992458827987,average,,2.5316460529513507,2.6075954345398915,,,,1.0,False,3.054834950597323,英超,False
20261010-E0-Arsenal-Leeds-HU25,E0,2026-10-10,13:30,Arsenal,Leeds,1X2+OU25,H&U25,主胜 Arsenal + 小于 2.5 球,0.27384151791173406,0.26070357332815963,0.2652981895275878,average,,3.769343476413027,3.882423780705418,,,,1.0,False,3.003470331397752,英超,False
20261010-E0-Arsenal-Leeds-DO25,E0,2026-10-10,13:30,Arsenal,Leeds,1X2+OU25,D&O25,平局 + 大于 2.5 球,0.036522394133756145,0.03561680952831055,0.03624876114269721,average,,27.58714969770665,28.41476418863785,,,,1.0,False,9.367709884494401,英超,False
20261010-E0-Arsenal-Leeds-DU25,E0,2026-10-10,13:30,Arsenal,Leeds,1X2+OU25,D&U25,平局 + 小于 2.5 球,0.2209674671089235,0.16163747860742758,0.1790761989248852,average,,5.5842150213354556,5.751741471975519,,,,1.0,False,9.210199295945245,英超,False
20261010-E0-Arsenal-Leeds-AO25,E0,2026-10-10,13:30,Arsenal,Leeds,1X2+OU25,A&O25,客胜 Leeds + 大于 2.5 球,0.0635398191230518,0.06451031648484569,0.06451212386768859,average,,15.500962300527481,15.965991169543306,,,,1.0,False,16.217652459007645,英超,False
20261010-E0-Arsenal-Leeds-AU25,E0,2026-10-10,13:30,Arsenal,Leeds,1X2+OU25,A&U25,客胜 Leeds + 小于 2.5 球,0.07221053853934534,0.054992281397746146,0.059864801948861214,average,,16.704306494728538,17.205435689570393,,,,1.0,False,15.944965536034921,英超,False
20261010-E0-AstonVilla-Brentford-H,E0,2026-10-10,16:00,Aston Villa,Brentford,1X2,H,主胜 Aston Villa,0.37952621492088534,0.35970349749947395,0.3656503127258974,average,market_avg,2.734853397348604,2.8168989992690623,2.62,2.62,-0.04199618065814881,1.0,False,,英超,False
20261010-E0-AstonVilla-Brentford-D,E0,2026-10-10,16:00,Aston Villa,Brentford,1X2,D,平局,0.27219417826605824,0.2692637609853205,0.2701428861695418,average,market_avg,3.7017447106580463,3.8127970519777876,3.5,3.5,-0.05449989840660374,1.0,False,,英超,False
20261010-E0-AstonVilla-Brentford-A,E0,2026-10-10,16:00,Aston Villa,Brentford,1X2,A,客胜 Brentford,0.3482796068130564,0.37103274151520543,0.3642068011045607,average,market_avg,2.7456928233278886,2.8280636080277253,2.54,2.54,-0.07491472519441578,1.0,False,,英超,False
20261010-E0-AstonVilla-Brentford-O25,E0,2026-10-10,16:00,Aston Villa,Brentford,OU25,O25,大于 2.5 球,0.5595275534855304,0.5582010582010583,0.5585990067864,average,market_avg,1.7901929431506942,1.843898731445215,1.67,1.67,-0.06713965866671212,1.0,False,,英超,False
20261010-E0-AstonVilla-Brentford-U25,E0,2026-10-10,16:00,Aston Villa,Brentford,OU25,U25,小于 2.5 球,0.4404724465144696,0.4417989417989418,0.4414009932136001,average,market_avg,2.2655137060738015,2.3334791172560156,2.11,2.11,-0.0686439043193039,1.0,False,,英超,False
20261010-E0-AstonVilla-Brentford-HO25,E0,2026-10-10,16:00,Aston Villa,Brentford,1X2+OU25,H&O25,主胜 Aston Villa + 大于 2.5 球,0.25177034924674785,0.2377555936815655,0.24195013286280997,average,,4.133083078598753,4.257075570956716,,,,1.0,False,4.895915252485173,英超,False
20261010-E0-AstonVilla-Brentford-HU25,E0,2026-10-10,16:00,Aston Villa,Brentford,1X2+OU25,H&U25,主胜 Aston Villa + 小于 2.5 球,0.12775586567413755,0.12194790381779655,0.12370017986300534,average,,8.084062619047712,8.326584497619143,,,,1.0,False,6.195847855795762,英超,False
20261010-E0-AstonVilla-Brentford-DO25,E0,2026-10-10,16:00,Aston Villa,Brentford,1X2+OU25,D&O25,平局 + 大于 2.5 球,0.07794182139472577,0.0765127219139583,0.07693968097371484,average,,12.99719452101229,13.387110356642658,,,,1.0,False,6.626837258365443,英超,False
20261010-E0-AstonVilla-Brentford-DU25,E0,2026-10-10,16:00,Aston Villa,Brentford,1X2+OU25,D&U25,平局 + 小于 2.5 球,0.19425235687133247,0.19275103907158558,0.19320320519598802,average,,5.175897568498339,5.331174495553289,,,,1.0,False,8.386353378382001,英超,False
20261010-E0-AstonVilla-Brentford-AO25,E0,2026-10-10,16:00,Aston Villa,Brentford,1X2+OU25,A&O25,客胜 Brentford + 大于 2.5 球,0.2298153828440569,0.24393274260553438,0.23970919294987517,average,,4.1717215251277695,4.296873170881603,,,,1.0,False,4.915319916381091,英超,False
20261010-E0-AstonVilla-Brentford-AU25,E0,2026-10-10,16:00,Aston Villa,Brentford,1X2+OU25,A&U25,客胜 Brentford + 小于 2.5 球,0.11846422396899951,0.1270999989095597,0.12449760815460667,average,,8.032282827137976,8.273251311952116,,,,1.0,False,6.220404723917803,英超,False
20261010-E0-Chelsea-Bournemouth-H,E0,2026-10-10,16:00,Chelsea,Bournemouth,1X2,H,主胜 Chelsea,0.42407190962147034,0.5679413455152964,0.5247805147471485,average,tipico_partial,1.9055585561933894,1.9627253128791913,1.66,1.66,-0.12886434551973358,1.0,False,,英超,False
20261010-E0-Chelsea-Bournemouth-D,E0,2026-10-10,16:00,Chelsea,Bournemouth,1X2,D,平局,0.26250914454970486,0.2239388678278841,0.23550995084443033,average,tipico_partial,4.246105085642709,4.373488238211991,4.21,4.21,-0.00850310694494838,1.0,False,,英超,False
20261010-E0-Chelsea-Bournemouth-A,E0,2026-10-10,16:00,Chelsea,Bournemouth,1X2,A,客胜 Bournemouth,0.31341894582882485,0.20811978665681943,0.23970953440842105,average,tipico_partial,4.171715582644216,4.296867050123542,4.3,4.53,0.03075099795621039,1.0,True,,英超,False
20261010-E0-Chelsea-Bournemouth-O25,E0,2026-10-10,16:00,Chelsea,Bournemouth,OU25,O25,大于 2.5 球,0.5908467256922939,0.6370370370370371,0.6231799436336141,average,market_avg,1.6046729523566465,1.6528131409273459,1.47,1.47,-0.08392548285858736,1.0,False,,英超,False
20261010-E0-Chelsea-Bournemouth-U25,E0,2026-10-10,16:00,Chelsea,Bournemouth,OU25,U25,小于 2.5 球,0.4091532743077061,0.362962962962963,0.3768200563663859,average,market_avg,2.653786557018319,2.7334001537288684,2.58,2.58,-0.027804254574724352,1.0,False,,英超,False
20261010-E0-Chelsea-Bournemouth-HO25,E0,2026-10-10,16:00,Chelsea,Bournemouth,1X2+OU25,H&O25,主胜 Chelsea + 大于 2.5 球,0.2944606227783781,0.41120467856547493,0.37531447274254387,average,,2.6644322897880213,2.744365258481662,,,,1.0,False,3.057798274255315,英超,False
20261010-E0-Chelsea-Bournemouth-HU25,E0,2026-10-10,16:00,Chelsea,Bournemouth,1X2+OU25,H&U25,主胜 Chelsea + 小于 2.5 球,0.1296112868430922,0.15673666694993907,0.1494660420047068,average,,6.690482912289262,6.89119739965794,,,,1.0,False,5.056945680037254,英超,False
20261010-E0-Chelsea-Bournemouth-DO25,E0,2026-10-10,16:00,Chelsea,Bournemouth,1X2+OU25,D&O25,平局 + 大于 2.5 球,0.08245854668849105,0.0774648564289064,0.07914807471494607,average,,12.634546116270382,13.013582499758495,,,,1.0,False,6.813609983794858,英超,False
20261010-E0-Chelsea-Bournemouth-DU25,E0,2026-10-10,16:00,Chelsea,Bournemouth,1X2+OU25,D&U25,平局 + 小于 2.5 球,0.18005059786121383,0.14647401139882257,0.15636187612934138,average,,6.395420832459234,6.587283457433011,,,,1.0,False,11.268256595965738,英超,False
20261010-E0-Chelsea-Bournemouth-AO25,E0,2026-10-10,16:00,Chelsea,Bournemouth,1X2+OU25,A&O25,客胜 Bournemouth + 大于 2.5 球,0.2139275562254247,0.1483675020426557,0.1687173961761242,average,,5.927071082558075,6.104883215034818,,,,1.0,False,6.694239160393922,英超,False
20261010-E0-Chelsea-Bournemouth-AU25,E0,2026-10-10,16:00,Chelsea,Bournemouth,1X2+OU25,A&U25,客胜 Bournemouth + 小于 2.5 球,0.0994913896034002,0.059752284614201304,0.0709921382323378,average,,14.08606678006055,14.508648783462368,,,,1.0,False,11.070842732925064,英超,False
20261010-E0-Ipswich-Fulham-H,E0,2026-10-10,16:00,Ipswich,Fulham,1X2,H,主胜 Ipswich,0.22416827471177359,0.34169418905650273,0.306436414753084,average,market_avg,3.263319735697097,3.3612193277680102,2.75,2.75,-0.15729985942901903,1.0,False,,英超,False
20261010-E0-Ipswich-Fulham-D,E0,2026-10-10,16:00,Ipswich,Fulham,1X2,D,平局,0.2563650260085963,0.27001695974292594,0.265921379622627,average,market_avg,3.760509972605869,3.873325271784045,3.48,3.48,-0.07459359891325801,1.0,False,,英超,False
20261010-E0-Ipswich-Fulham-A,E0,2026-10-10,16:00,Ipswich,Fulham,1X2,A,客胜 Fulham,0.5194666992796303,0.38828885120057127,0.427642205624289,average,market_avg,2.3384034289603397,2.40855553182915,2.42,2.42,0.03489413761077942,1.0,True,,英超,False
20261010-E0-Ipswich-Fulham-O25,E0,2026-10-10,16:00,Ipswich,Fulham,OU25,O25,大于 2.5 球,0.557293379871274,0.5452127659574468,0.548836950131595,average,market_avg,1.8220347587024333,1.8766958014635062,1.71,1.71,-0.06148881527497263,1.0,False,,英超,False
20261010-E0-Ipswich-Fulham-U25,E0,2026-10-10,16:00,Ipswich,Fulham,OU25,U25,小于 2.5 球,0.44270662012872597,0.4547872340425533,0.45116304986840505,average,market_avg,2.216493572094788,2.2829883792576315,2.05,2.05,-0.0751157477697697,1.0,False,,英超,False
20261010-E0-Ipswich-Fulham-HO25,E0,2026-10-10,16:00,Ipswich,Fulham,1X2+OU25,H&O25,主胜 Ipswich + 大于 2.5 球,0.14165412380374512,0.21505519180707378,0.19309678297060853,average,,5.178750182245196,5.334112687712552,,,,1.0,False,5.945881987199749,英超,False
20261010-E0-Ipswich-Fulham-HU25,E0,2026-10-10,16:00,Ipswich,Fulham,1X2+OU25,H&U25,主胜 Ipswich + 小于 2.5 球,0.08251415090802844,0.1266389972492895,0.11333963178238951,average,,8.823039075334089,9.087730247594111,,,,1.0,False,7.233127217862678,英超,False
20261010-E0-Ipswich-Fulham-DO25,E0,2026-10-10,16:00,Ipswich,Fulham,1X2+OU25,D&O25,平局 + 大于 2.5 球,0.0686391160034906,0.07172059665334252,0.07080137774140242,average,,14.124018937208215,14.547739505324461,,,,1.0,False,6.851779880535029,英超,False
20261010-E0-Ipswich-Fulham-DU25,E0,2026-10-10,16:00,Ipswich,Fulham,1X2+OU25,D&U25,平局 + 小于 2.5 球,0.18772591000510563,0.1982963630899495,0.195120001881484,average,,5.1250512010931635,5.278802737125959,,,,1.0,False,8.335146182079255,英超,False
20261010-E0-Ipswich-Fulham-AO25,E0,2026-10-10,16:00,Ipswich,Fulham,1X2+OU25,A&O25,客胜 Fulham + 大于 2.5 球,0.3470001400640383,0.2584369774970305,0.28493878941958406,average,,3.5095256845759213,3.614811455113199,,,,1.0,False,4.260652327434695,英超,False
20261010-E0-Ipswich-Fulham-AU25,E0,2026-10-10,16:00,Ipswich,Fulham,1X2+OU25,A&U25,客胜 Fulham + 小于 2.5 球,0.172466559215592,0.1298518737033142,0.1427034162045316,average,,7.007540720445938,7.217766942059316,,,,1.0,False,5.1830561692550035,英超,False
20261010-E0-Sunderland-Brighton-H,E0,2026-10-10,16:00,Sunderland,Brighton,1X2,H,主胜 Sunderland,0.2827801098218814,0.31994644174336934,0.3087965421669229,average,market_avg,3.2383782311248823,3.3355295780586287,2.94,2.94,-0.09213816602924663,1.0,False,,英超,False
20261010-E0-Sunderland-Brighton-D,E0,2026-10-10,16:00,Sunderland,Brighton,1X2,D,平局,0.28099854395938567,0.27107854141945414,0.2740545421814336,average,market_avg,3.6489086881762587,3.7583759488215462,3.47,3.47,-0.0490307386304254,1.0,False,,英超,False
20261010-E0-Sunderland-Brighton-A,E0,2026-10-10,16:00,Sunderland,Brighton,1X2,A,客胜 Brighton,0.4362213462187328,0.4089750168371765,0.41714891565164336,average,market_avg,2.3972254570957325,2.469142220808605,2.3,2.3,-0.04055749400122033,1.0,False,,英超,False
20261010-E0-Sunderland-Brighton-O25,E0,2026-10-10,16:00,Sunderland,Brighton,OU25,O25,大于 2.5 球,0.5066956962447471,0.5292553191489361,0.5224874322776794,average,market_avg,1.9139216337524143,1.9713392827649867,1.77,1.77,-0.07519724486850754,1.0,False,,英超,False
20261010-E0-Sunderland-Brighton-U25,E0,2026-10-10,16:00,Sunderland,Brighton,OU25,U25,小于 2.5 球,0.4933043037552529,0.47074468085106375,0.4775125677223204,average,market_avg,2.0941857190688906,2.1570112906409578,1.99,1.99,-0.04974999023258231,1.0,False,,英超,False
20261010-E0-Sunderland-Brighton-HO25,E0,2026-10-10,16:00,Sunderland,Brighton,1X2+OU25,H&O25,主胜 Sunderland + 大于 2.5 球,0.16989289591770582,0.19891057084137098,0.19005516426687896,average,,5.261630242237362,5.419479149504483,,,,1.0,False,6.198002154822789,英超,False
20261010-E0-Sunderland-Brighton-HU25,E0,2026-10-10,16:00,Sunderland,Brighton,1X2+OU25,H&U25,主胜 Sunderland + 小于 2.5 球,0.11288721390417561,0.12103587090210405,0.11874137790011642,average,,8.421664104666075,8.674314027806057,,,,1.0,False,6.781765444565305,英超,False
20261010-E0-Sunderland-Brighton-DO25,E0,2026-10-10,16:00,Sunderland,Brighton,1X2+OU25,D&O25,平局 + 大于 2.5 球,0.06625184775763653,0.06831012890797049,0.06770516403887752,average,,14.769922120353803,15.213019783964418,,,,1.0,False,6.983725277887684,英超,False
20261010-E0-Sunderland-Brighton-DU25,E0,2026-10-10,16:00,Sunderland,Brighton,1X2+OU25,D&U25,平局 + 小于 2.5 球,0.2147466962017492,0.20276841251121513,0.20634937814236573,average,,4.846149811559279,4.991534305906057,,,,1.0,False,7.64149246496512,英超,False
20261010-E0-Sunderland-Brighton-AO25,E0,2026-10-10,16:00,Sunderland,Brighton,1X2+OU25,A&O25,客胜 Brighton + 大于 2.5 球,0.27055095256940476,0.26203461939959477,0.264727103971923,average,,3.777474935494554,3.890799183559391,,,,1.0,False,4.588101663317543,英超,False
20261010-E0-Sunderland-Brighton-AU25,E0,2026-10-10,16:00,Sunderland,Brighton,1X2+OU25,A&U25,客胜 Brighton + 小于 2.5 球,0.16567039364932806,0.14694039743774465,0.1524218116798384,average,,6.560740808543184,6.757563032799481,,,,1.0,False,5.020235317638278,英超,False
20261010-E0-ManUnited-Tottenham-H,E0,2026-10-10,18:30,Man United,Tottenham,1X2,H,主胜 Man United,0.5583914604910372,0.5577314242412156,0.557929435116162,average,market_avg,1.7923413554830605,1.8461115961475523,1.69,1.69,-0.05709925465368626,1.0,False,,英超,False
20261010-E0-ManUnited-Tottenham-D,E0,2026-10-10,18:30,Man United,Tottenham,1X2,D,平局,0.23950514762153147,0.22657839109799383,0.23045641805505512,average,market_avg,4.339215234010553,4.469391691030871,4.16,4.16,-0.041301300890970616,1.0,False,,英超,False
20261010-E0-ManUnited-Tottenham-A,E0,2026-10-10,18:30,Man United,Tottenham,1X2,A,客胜 Tottenham,0.20210339188743132,0.21569018466079046,0.2116141468287827,average,market_avg,4.725581984880725,4.867349444427146,4.37,4.37,-0.07524617835821956,1.0,False,,英超,False
20261010-E0-ManUnited-Tottenham-O25,E0,2026-10-10,18:30,Man United,Tottenham,OU25,O25,大于 2.5 球,0.5979820168906008,0.6284289276807979,0.6192948544437388,average,market_avg,1.6147397202229576,1.6631819118296465,1.49,1.49,-0.0772506668788292,1.0,False,,英超,False
20261010-E0-ManUnited-Tottenham-U25,E0,2026-10-10,18:30,Man United,Tottenham,OU25,U25,小于 2.5 球,0.4020179831093992,0.37157107231920194,0.3807051455562611,average,market_avg,2.6267047127478835,2.70550585413032,2.52,2.52,-0.040623033198222025,1.0,False,,英超,False
20261010-E0-ManUnited-Tottenham-HO25,E0,2026-10-10,18:30,Man United,Tottenham,1X2+OU25,H&O25,主胜 Man United + 大于 2.5 球,0.39277865317540983,0.40628137449967194,0.40227298375203846,average,,2.485874121281784,2.5604503449202376,,,,1.0,False,2.8941647788967537,英超,False
20261010-E0-ManUnited-Tottenham-HU25,E0,2026-10-10,18:30,Man United,Tottenham,1X2+OU25,H&U25,主胜 Man United + 小于 2.5 球,0.16561280731562728,0.15145004974187587,0.15565645136437498,average,,6.424404457603288,6.617136591331387,,,,1.0,False,4.707951485300284,英超,False
20261010-E0-ManUnited-Tottenham-DO25,E0,2026-10-10,18:30,Man United,Tottenham,1X2+OU25,D&O25,平局 + 大于 2.5 球,0.07142999404697858,0.07355800313529019,0.0729442416321836,average,,13.70910133033437,14.120374370244402,,,,1.0,False,7.006703192953396,英超,False
20261010-E0-ManUnited-Tottenham-DU25,E0,2026-10-10,18:30,Man United,Tottenham,1X2+OU25,D&U25,平局 + 小于 2.5 球,0.16807515357455288,0.15302038796229395,0.15751217642256257,average,,6.348715526076349,6.539176991858639,,,,1.0,False,11.397837104802932,英超,False
20261010-E0-ManUnited-Tottenham-AO25,E0,2026-10-10,18:30,Man United,Tottenham,1X2+OU25,A&O25,客胜 Tottenham + 大于 2.5 球,0.13377336966821238,0.14858955004583596,0.1440776290595168,average,,6.9407027761881865,7.1489238594738325,,,,1.0,False,7.630584932156949,英超,False
20261010-E0-ManUnited-Tottenham-AU25,E0,2026-10-10,18:30,Man United,Tottenham,1X2+OU25,A&U25,客胜 Tottenham + 小于 2.5 球,0.06833002221921892,0.06710063461503221,0.06753651776932365,average,,14.80680427462339,15.251008402862093,,,,1.0,False,12.412708470162695,英超,False
20261011-E0-CrystalPalace-NottmForest-H,E0,2026-10-11,15:00,Crystal Palace,Nott'm Forest,1X2,H,主胜 Crystal Palace,0.3243978689822965,0.36247139588100685,0.35104933781139375,average,market_avg,2.8486024392880758,2.934060512466718,2.59,2.59,-0.09078221506849027,1.0,False,,英超,False
20261011-E0-CrystalPalace-NottmForest-D,E0,2026-10-11,15:00,Crystal Palace,Nott'm Forest,1X2,D,平局,0.30432340957253684,0.2819221967963386,0.2886425606291981,average,market_avg,3.4644925468376804,3.568427323242811,3.33,3.33,-0.03882027310477043,1.0,False,,英超,False
20261011-E0-CrystalPalace-NottmForest-A,E0,2026-10-11,15:00,Crystal Palace,Nott'm Forest,1X2,A,客胜 Nott'm Forest,0.3712787214451666,0.3556064073226544,0.36030810155940807,average,market_avg,2.775402483796548,2.8586645583104446,2.64,2.64,-0.04878661188316269,1.0,False,,英超,False
20261011-E0-CrystalPalace-NottmForest-O25,E0,2026-10-11,15:00,Crystal Palace,Nott'm Forest,OU25,O25,大于 2.5 球,0.4345064563671595,0.5013404825737265,0.4812902747117564,average,market_avg,2.07774819592791,2.1400806418057474,1.86,1.86,-0.10480008903613303,1.0,False,,英超,False
20261011-E0-CrystalPalace-NottmForest-U25,E0,2026-10-11,15:00,Crystal Palace,Nott'm Forest,OU25,U25,小于 2.5 球,0.5654935436328405,0.49865951742627346,0.5187097252882436,average,market_avg,1.927860518605674,1.9856963341638445,1.87,1.87,-0.03001281371098452,1.0,False,,英超,False
20261011-E0-CrystalPalace-NottmForest-HO25,E0,2026-10-11,15:00,Crystal Palace,Nott'm Forest,1X2+OU25,H&O25,主胜 Crystal Palace + 大于 2.5 球,0.1754723646227563,0.21968790366993138,0.20604085025592594,average,,4.853406490789993,4.999008685513693,,,,1.0,False,5.918678579146643,英超,False
20261011-E0-CrystalPalace-NottmForest-HU25,E0,2026-10-11,15:00,Crystal Palace,Nott'm Forest,1X2+OU25,H&U25,主胜 Crystal Palace + 小于 2.5 球,0.14892550435954025,0.14278349221114026,0.14500848755579857,average,,6.896148059024509,7.103032500795245,,,,1.0,False,5.4917081759072985,英超,False
20261011-E0-CrystalPalace-NottmForest-DO25,E0,2026-10-11,15:00,Crystal Palace,Nott'm Forest,1X2+OU25,D&O25,平局 + 大于 2.5 球,0.055792045534077406,0.0639090384732374,0.06149272841113001,average,,16.26208538535107,16.749947946911604,,,,1.0,False,7.1983431389976795,英超,False
20261011-E0-CrystalPalace-NottmForest-DU25,E0,2026-10-11,15:00,Crystal Palace,Nott'm Forest,1X2+OU25,D&U25,平局 + 小于 2.5 球,0.2485313640384595,0.21801315832296916,0.22714983221737764,average,,4.402380535518164,4.5344519515837085,,,,1.0,False,6.679058398051983,英超,False
20261011-E0-CrystalPalace-NottmForest-AO25,E0,2026-10-11,15:00,Crystal Palace,Nott'm Forest,1X2+OU25,A&O25,客胜 Nott'm Forest + 大于 2.5 球,0.2032420462103258,0.2177435404305578,0.21375669604470052,average,,4.678216020848682,4.818562501474142,,,,1.0,False,5.766587503682118,英超,False
20261011-E0-CrystalPalace-NottmForest-AU25,E0,2026-10-11,15:00,Crystal Palace,Nott'm Forest,1X2+OU25,A&U25,客胜 Nott'm Forest + 小于 2.5 球,0.16803667523484084,0.13786286689216404,0.1465514055150674,average,,6.823544247053891,7.028250574465508,,,,1.0,False,5.35058887175149,英超,False
20261011-E0-Liverpool-ManCity-H,E0,2026-10-11,17:30,Liverpool,Man City,1X2,H,主胜 Liverpool,0.3132541036376229,0.3579673695750306,0.3445533897938083,average,market_avg,2.9023078269478986,2.9893770617563358,2.62,2.62,-0.09727011874022229,1.0,False,,英超,False
20261011-E0-Liverpool-ManCity-D,E0,2026-10-11,17:30,Liverpool,Man City,1X2,D,平局,0.26236291455694377,0.2576578319468627,0.259069356729887,average,market_avg,3.8599702126972435,3.975769319078161,3.64,3.64,-0.05698754150321128,1.0,False,,英超,False
20261011-E0-Liverpool-ManCity-A,E0,2026-10-11,17:30,Liverpool,Man City,1X2,A,客胜 Man City,0.4243829818054334,0.3843747984781067,0.3963772534763047,average,market_avg,2.522849107081216,2.598534580293652,2.44,2.44,-0.03283950151781656,1.0,False,,英超,False
20261011-E0-Liverpool-ManCity-O25,E0,2026-10-11,17:30,Liverpool,Man City,OU25,O25,大于 2.5 球,0.591375168288916,0.6061381074168798,0.6017092256784906,average,market_avg,1.6619323043823941,1.7117902735138661,1.54,1.54,-0.07336779245512448,1.0,False,,英超,False
20261011-E0-Liverpool-ManCity-U25,E0,2026-10-11,17:30,Liverpool,Man City,OU25,U25,小于 2.5 球,0.408624831711084,0.39386189258312015,0.3982907743215093,average,market_avg,2.5107285040772185,2.586050359199535,2.37,2.37,-0.05605086485802302,1.0,False,,英超,False
20261011-E0-Liverpool-ManCity-HO25,E0,2026-10-11,17:30,Liverpool,Man City,1X2+OU25,H&O25,主胜 Liverpool + 大于 2.5 球,0.2139524526608701,0.24934097322125717,0.23860375363020367,average,,4.191048903404238,4.316780370506365,,,,1.0,False,4.82343913486658,英超,False
20261011-E0-Liverpool-ManCity-HU25,E0,2026-10-11,17:30,Liverpool,Man City,1X2+OU25,H&U25,主胜 Liverpool + 小于 2.5 球,0.09930165097675281,0.10862639635383786,0.10594963616399987,average,,9.438446758345597,9.721600161095965,,,,1.0,False,7.2869069887245,英超,False
20261011-E0-Liverpool-ManCity-DO25,E0,2026-10-11,17:30,Liverpool,Man City,1X2+OU25,D&O25,平局 + 大于 2.5 球,0.08254368467560803,0.08462173250100777,0.08399942093044732,average,,11.904843973008026,12.261989292198267,,,,1.0,False,6.41500919043533,英超,False
20261011-E0-Liverpool-ManCity-DU25,E0,2026-10-11,17:30,Liverpool,Man City,1X2+OU25,D&U25,平局 + 小于 2.5 球,0.1798192298813357,0.17303609944571247,0.17506993579853145,average,,5.712003008619304,5.883363098877883,,,,1.0,False,9.691337237907971,英超,False
20261011-E0-Liverpool-ManCity-AO25,E0,2026-10-11,17:30,Liverpool,Man City,1X2+OU25,A&O25,客胜 Man City + 大于 2.5 球,0.2948790309524379,0.2721754016946149,0.27910605111783976,average,,3.5828675014207976,3.6903535264634217,,,,1.0,False,4.1928044301405505,英超,False
20261011-E0-Liverpool-ManCity-AU25,E0,2026-10-11,17:30,Liverpool,Man City,1X2+OU25,A&U25,客胜 Man City + 小于 2.5 球,0.1295039508529955,0.11219939678356981,0.11727120235897791,average,,8.527242663880159,8.783059943796564,,,,1.0,False,6.334189164634567,英超,False
20261010-E1-Charlton-BristolCity-H,E1,2026-10-10,13:30,Charlton,Bristol City,1X2,H,主胜 Charlton,0.32407256255727074,0.3002802449429257,0.30741794022722924,average,market_avg,3.2529005927918386,3.350487610575594,3.13,3.13,-0.037781847088772524,1.0,False,,英冠,False
20261010-E1-Charlton-BristolCity-D,E1,2026-10-10,13:30,Charlton,Bristol City,1X2,D,平局,0.31706562886175704,0.28567695035603574,0.2950935539077521,average,market_avg,3.388755825932428,3.490418500710401,3.29,3.29,-0.02914220764349562,1.0,False,,英冠,False
20261010-E1-Charlton-BristolCity-A,E1,2026-10-10,13:30,Charlton,Bristol City,1X2,A,客胜 Bristol City,0.3588618085809722,0.41404280470103855,0.3974885058650186,average,market_avg,2.515796017355998,2.591269897876678,2.27,2.27,-0.09770109168640773,1.0,False,,英冠,False
20261010-E1-Charlton-BristolCity-O25,E1,2026-10-10,13:30,Charlton,Bristol City,OU25,O25,大于 2.5 球,0.3558467700434527,0.4588859416445623,0.42797419016422944,average,market_avg,2.3365895023161634,2.4066871873856486,2.04,2.04,-0.12693265206497195,1.0,False,,英冠,False
20261010-E1-Charlton-BristolCity-U25,E1,2026-10-10,13:30,Charlton,Bristol City,OU25,U25,小于 2.5 球,0.6441532299565473,0.5411140583554377,0.5720258098357706,average,market_avg,1.7481728670374181,1.8006180530485407,1.73,1.73,-0.010395348984116981,1.0,False,,英冠,False
20261010-E1-Charlton-BristolCity-HO25,E1,2026-10-10,13:30,Charlton,Bristol City,1X2+OU25,H&O25,主胜 Charlton + 大于 2.5 球,0.14750135849546692,0.1686472376889752,0.16313179063651542,average,,6.130013016458363,6.313913406952114,,,,1.0,False,7.6006933771954355,英冠,False
20261010-E1-Charlton-BristolCity-HU25,E1,2026-10-10,13:30,Charlton,Bristol City,1X2+OU25,H&U25,主胜 Charlton + 小于 2.5 球,0.17657120406180382,0.13163300725399857,0.1442861495909315,average,,6.930672159698763,7.138592324489726,,,,1.0,False,5.686632555488626,英冠,False
20261010-E1-Charlton-BristolCity-DO25,E1,2026-10-10,13:30,Charlton,Bristol City,1X2+OU25,D&O25,平局 + 大于 2.5 球,0.04288027592457586,0.0552656602945456,0.05154991257013215,average,,19.39867499560798,19.98063524547622,,,,1.0,False,7.9181312887864514,英冠,False
20261010-E1-Charlton-BristolCity-DU25,E1,2026-10-10,13:30,Charlton,Bristol City,1X2+OU25,D&U25,平局 + 小于 2.5 球,0.27418535293718116,0.23041129006137226,0.24354364133710468,average,,4.106040274793439,4.229221483037242,,,,1.0,False,5.924130987910048,英冠,False
20261010-E1-Charlton-BristolCity-AO25,E1,2026-10-10,13:30,Charlton,Bristol City,1X2+OU25,A&O25,客胜 Bristol City + 大于 2.5 球,0.16546513562340998,0.23497304366104158,0.2132924869575819,average,,4.688397675248978,4.829049605506448,,,,1.0,False,5.8783825641228376,英冠,False
20261010-E1-Charlton-BristolCity-AU25,E1,2026-10-10,13:30,Charlton,Bristol City,1X2+OU25,A&U25,客胜 Bristol City + 小于 2.5 球,0.19339667295756224,0.1790697610400669,0.18419601890773446,average,,5.428998986676849,5.591868956277154,,,,1.0,False,4.398046336542553,英冠,False
20261010-E1-Swansea-Norwich-H,E1,2026-10-10,13:30,Swansea,Norwich,1X2,H,主胜 Swansea,0.4419698725128575,0.397881410670456,0.41110794922317645,average,market_avg,2.4324511406057345,2.5054246748239066,2.36,2.36,-0.02978523983330361,1.0,False,,英冠,False
20261010-E1-Swansea-Norwich-D,E1,2026-10-10,13:30,Swansea,Norwich,1X2,D,平局,0.2644200705975603,0.2667614003358739,0.2660590014143798,average,market_avg,3.7585648096247892,3.871321753913533,3.52,3.52,-0.06347231502138306,1.0,False,,英冠,False
20261010-E1-Swansea-Norwich-A,E1,2026-10-10,13:30,Swansea,Norwich,1X2,A,客胜 Norwich,0.2936100568895822,0.33535718899367006,0.3228330493624437,average,market_avg,3.097576292064518,3.1905035808264537,2.8,2.8,-0.09606746178515768,1.0,False,,英冠,False
20261010-E1-Swansea-Norwich-O25,E1,2026-10-10,13:30,Swansea,Norwich,OU25,O25,大于 2.5 球,0.5369937097097788,0.5502645502645503,0.5462832980981189,average,market_avg,1.8305520294716904,1.885468590355841,1.7,1.7,-0.07131839323319789,1.0,False,,英冠,False
20261010-E1-Swansea-Norwich-U25,E1,2026-10-10,13:30,Swansea,Norwich,OU25,U25,小于 2.5 球,0.4630062902902212,0.4497354497354497,0.4537167019018811,average,market_avg,2.2040184895293007,2.27013904421518,2.08,2.08,-0.05626926004408728,1.0,False,,英冠,False
20261010-E1-Swansea-Norwich-HO25,E1,2026-10-10,13:30,Swansea,Norwich,1X2+OU25,H&O25,主胜 Swansea + 大于 2.5 球,0.2832393793962855,0.26110037775138606,0.26789403141574436,average,,3.7328192595978424,3.844803837385778,,,,1.0,False,4.452728372026556,英冠,False
20261010-E1-Swansea-Norwich-HU25,E1,2026-10-10,13:30,Swansea,Norwich,1X2+OU25,H&U25,主胜 Swansea + 小于 2.5 球,0.15873049311657197,0.13678103291943894,0.1432139178076872,average,,6.982561578566938,7.192038425923946,,,,1.0,False,5.361167288771675,英冠,False
20261010-E1-Swansea-Norwich-DO25,E1,2026-10-10,13:30,Swansea,Norwich,1X2+OU25,D&O25,平局 + 大于 2.5 球,0.07174314556577123,0.07598948485517008,0.07469549024519459,average,,13.387689092305454,13.789319765074618,,,,1.0,False,6.880248440159535,英冠,False
20261010-E1-Swansea-Norwich-DU25,E1,2026-10-10,13:30,Swansea,Norwich,1X2+OU25,D&U25,平局 + 小于 2.5 球,0.19267692503178907,0.19077191548008404,0.191363511168769,average,,5.225656625405828,5.382426324168003,,,,1.0,False,8.283946334507212,英冠,False
20261010-E1-Swansea-Norwich-AO25,E1,2026-10-10,13:30,Swansea,Norwich,1X2+OU25,A&O25,客胜 Norwich + 大于 2.5 球,0.18201118474772193,0.2131746876579941,0.20369377643717992,average,,4.909330159669382,5.056610064459464,,,,1.0,False,5.670274567882098,英冠,False
20261010-E1-Swansea-Norwich-AU25,E1,2026-10-10,13:30,Swansea,Norwich,1X2+OU25,A&U25,客胜 Norwich + 小于 2.5 球,0.1115988721418602,0.12218250133592666,0.11913927292542482,average,,8.39353787752213,8.645344013847794,,,,1.0,False,6.827115420437812,英冠,False
20261010-E1-WestBrom-Birmingham-H,E1,2026-10-10,13:30,West Brom,Birmingham,1X2,H,主胜 West Brom,0.38174596186316057,0.4002041858090863,0.39466671862530855,average,market_avg,2.5337834502062155,2.609796953712402,2.35,2.35,-0.07253321123052481,1.0,False,,英冠,False
20261010-E1-WestBrom-Birmingham-D,E1,2026-10-10,13:30,West Brom,Birmingham,1X2,D,平局,0.31410755569596205,0.2799047132890931,0.2901655660111538,average,market_avg,3.4463083051059225,3.5496975542591,3.36,3.36,-0.02504369820252328,1.0,False,,英冠,False
20261010-E1-WestBrom-Birmingham-A,E1,2026-10-10,13:30,West Brom,Birmingham,1X2,A,客胜 Birmingham,0.3041464824408774,0.31989110090182066,0.31516771536353766,average,market_avg,3.172913820968389,3.2681012355974413,2.94,2.94,-0.07340691683119926,1.0,False,,英冠,False
20261010-E1-WestBrom-Birmingham-O25,E1,2026-10-10,13:30,West Brom,Birmingham,OU25,O25,大于 2.5 球,0.3620614818370698,0.48128342245989303,0.44551684027304606,average,market_avg,2.244584064178416,2.3119215861037685,1.94,1.94,-0.1356973298702907,1.0,False,,英冠,False
20261010-E1-WestBrom-Birmingham-U25,E1,2026-10-10,13:30,West Brom,Birmingham,OU25,U25,小于 2.5 球,0.6379385181629302,0.5187165775401069,0.5544831597269538,average,market_avg,1.8034812824476647,1.8575857209210946,1.8,1.8,-0.0019303124914831216,1.0,False,,英冠,False
20261010-E1-WestBrom-Birmingham-HO25,E1,2026-10-10,13:30,West Brom,Birmingham,1X2+OU25,H&O25,主胜 West Brom + 大于 2.5 球,0.17954068419654381,0.2373086708217595,0.2200445274140253,average,,4.544534743726881,4.680870786038687,,,,1.0,False,5.6872899544118765,英冠,False
20261010-E1-WestBrom-Birmingham-HU25,E1,2026-10-10,13:30,West Brom,Birmingham,1X2+OU25,H&U25,主胜 West Brom + 小于 2.5 球,0.20220527766661672,0.162895514987428,0.17462219121171094,average,,5.726649019010452,5.898448489580765,,,,1.0,False,4.5696310262225746,英冠,False
20261010-E1-WestBrom-Birmingham-DO25,E1,2026-10-10,13:30,West Brom,Birmingham,1X2+OU25,D&O25,平局 + 大于 2.5 球,0.04349972406094462,0.05841600169710275,0.053899854052031994,average,,18.552925932501676,19.10951371047673,,,,1.0,False,7.735528701886479,英冠,False
20261010-E1-WestBrom-Birmingham-DU25,E1,2026-10-10,13:30,West Brom,Birmingham,1X2+OU25,D&U25,平局 + 小于 2.5 球,0.27060783163501745,0.22148871159181763,0.2362657119583928,average,,4.232522746153295,4.3594984285378935,,,,1.0,False,6.215352521802466,英冠,False
20261010-E1-WestBrom-Birmingham-AO25,E1,2026-10-10,13:30,West Brom,Birmingham,1X2+OU25,A&O25,客胜 Birmingham + 大于 2.5 球,0.1390210735795814,0.1855587499410308,0.17157245880698885,average,,5.828441271713394,6.003294509864796,,,,1.0,False,7.121871799557094,英冠,False
20261010-E1-WestBrom-Birmingham-AU25,E1,2026-10-10,13:30,West Brom,Birmingham,1X2+OU25,A&U25,客胜 Birmingham + 小于 2.5 球,0.16512540886129604,0.1343323509608614,0.1435952565568502,average,,6.964018338614786,7.17293888877323,,,,1.0,False,5.722290686935991,英冠,False
20261010-E1-Blackburn-Cardiff-H,E1,2026-10-10,16:00,Blackburn,Cardiff,1X2,H,主胜 Blackburn,0.4914868705511003,0.35652864135467655,0.3970161101136036,average,market_avg,2.5187894761093106,2.59435316039259,2.64,2.64,0.04812253069991357,1.0,True,,英冠,False
20261010-E1-Blackburn-Cardiff-D,E1,2026-10-10,16:00,Blackburn,Cardiff,1X2,D,平局,0.2851871012167447,0.2592935573488557,0.26706162050922233,average,market_avg,3.7444541753818474,3.856787800643303,3.63,3.63,-0.030566317551522948,1.0,False,,英冠,False
20261010-E1-Blackburn-Cardiff-A,E1,2026-10-10,16:00,Blackburn,Cardiff,1X2,A,客胜 Cardiff,0.22332602823215508,0.3841778012964677,0.3359222693771739,average,market_avg,2.9768791508049706,3.0661855253291197,2.45,2.45,-0.1769904400259239,1.0,False,,英冠,False
20261010-E1-Blackburn-Cardiff-O25,E1,2026-10-10,16:00,Blackburn,Cardiff,OU25,O25,大于 2.5 球,0.4147030315939312,0.5844155844155844,0.5335018185690884,average,market_avg,1.8744078561571016,1.9306400918418147,1.6,1.6,-0.14639709028945846,1.0,False,,英冠,False
20261010-E1-Blackburn-Cardiff-U25,E1,2026-10-10,16:00,Blackburn,Cardiff,OU25,U25,小于 2.5 球,0.5852969684060688,0.41558441558441556,0.46649818143091154,average,market_avg,2.1436310789736703,2.2079400113428806,2.25,2.25,0.0496209082195509,1.0,True,,英冠,False
20261010-E1-Blackburn-Cardiff-HO25,E1,2026-10-10,16:00,Blackburn,Cardiff,1X2+OU25,H&O25,主胜 Blackburn + 大于 2.5 球,0.26025779128823356,0.2519263581194459,0.2607725666425515,average,,3.8347592036808416,3.949801979791267,,,,1.0,False,4.7212387820251225,英冠,False
20261010-E1-Blackburn-Cardiff-HU25,E1,2026-10-10,16:00,Blackburn,Cardiff,1X2+OU25,H&U25,主胜 Blackburn + 小于 2.5 球,0.23122907926286673,0.10460228323552982,0.13624354347123674,average,,7.339797354955881,7.559991275604558,,,,1.0,False,5.399355402379728,英冠,False
20261010-E1-Blackburn-Cardiff-DO25,E1,2026-10-10,16:00,Blackburn,Cardiff,1X2+OU25,D&O25,平局 + 大于 2.5 球,0.04648989238769874,0.07627441313050412,0.06644505584822419,average,,15.050028737792475,15.50152959992625,,,,1.0,False,7.018634323355996,英冠,False
20261010-E1-Blackburn-Cardiff-DU25,E1,2026-10-10,16:00,Blackburn,Cardiff,1X2+OU25,D&U25,平局 + 小于 2.5 球,0.23869720882904594,0.18301914421783486,0.20061656466071173,average,,4.984633256437362,5.134172254130482,,,,1.0,False,8.026728344141254,英冠,False
20261010-E1-Blackburn-Cardiff-AO25,E1,2026-10-10,16:00,Blackburn,Cardiff,1X2+OU25,A&O25,客胜 Cardiff + 大于 2.5 球,0.10795534791799888,0.2562148131656345,0.2062841960783128,average,,4.8476811069926296,4.993111540202408,,,,1.0,False,5.579885667099118,英冠,False
20261010-E1-Blackburn-Cardiff-AU25,E1,2026-10-10,16:00,Blackburn,Cardiff,1X2+OU25,A&U25,客胜 Cardiff + 小于 2.5 球,0.11537068031415618,0.12796298813105095,0.12963807329896315,average,,7.713783262528617,7.9451967604044755,,,,1.0,False,6.381330666014283,英冠,False
20261010-E1-Bolton-Stoke-H,E1,2026-10-10,16:00,Bolton,Stoke,1X2,H,主胜 Bolton,0.41320339351306323,0.34924513912237687,0.3684326154395827,average,market_avg,2.7142005297410607,2.7956265456332927,2.69,2.69,-0.008916264467522472,1.0,False,,英冠,False
20261010-E1-Bolton-Stoke-D,E1,2026-10-10,16:00,Bolton,Stoke,1X2,D,平局,0.263434190166269,0.27794953379857806,0.2735949307088853,average,market_avg,3.6550384811918737,3.76468963562763,3.38,3.38,-0.07524913420396773,1.0,False,,英冠,False
20261010-E1-Bolton-Stoke-A,E1,2026-10-10,16:00,Bolton,Stoke,1X2,A,客胜 Stoke,0.32336241632066776,0.3728053270790451,0.3579724538515319,average,market_avg,2.7935110348315995,2.8773163658765477,2.52,2.52,-0.09790941629413952,1.0,False,,英冠,False
20261010-E1-Bolton-Stoke-O25,E1,2026-10-10,16:00,Bolton,Stoke,OU25,O25,大于 2.5 球,0.5521695090253933,0.512,0.524050852707618,average,market_avg,1.9082117600482693,1.9654581128497173,1.83,1.83,-0.04098693954505905,1.0,False,,英冠,False
20261010-E1-Bolton-Stoke-U25,E1,2026-10-10,16:00,Bolton,Stoke,OU25,U25,小于 2.5 球,0.4478304909746067,0.4880000000000001,0.4759491472923821,average,market_avg,2.1010648000713537,2.164096744073494,1.92,1.92,-0.08617763719862648,1.0,False,,英冠,False
20261010-E1-Bolton-Stoke-HO25,E1,2026-10-10,16:00,Bolton,Stoke,1X2+OU25,H&O25,主胜 Bolton + 大于 2.5 球,0.2694118936959199,0.21530198619556232,0.23110053468508104,average,,4.3271211006183625,4.456934733636913,,,,1.0,False,5.179269369981134,英冠,False
20261010-E1-Bolton-Stoke-HU25,E1,2026-10-10,16:00,Bolton,Stoke,1X2+OU25,H&U25,主胜 Bolton + 小于 2.5 球,0.14379149981714337,0.1339431529263107,0.13733208075411846,average,,7.281619811691457,7.5000684060422005,,,,1.0,False,5.702711193373964,英冠,False
20261010-E1-Bolton-Stoke-DO25,E1,2026-10-10,16:00,Bolton,Stoke,1X2+OU25,D&O25,平局 + 大于 2.5 球,0.07587903707785947,0.07161557564604504,0.07291811218073721,average,,13.714013845028893,14.125434260379759,,,,1.0,False,6.9745874132392975,英冠,False
20261010-E1-Bolton-Stoke-DU25,E1,2026-10-10,16:00,Bolton,Stoke,1X2+OU25,D&U25,平局 + 小于 2.5 球,0.18755515308840953,0.20633395815350922,0.20067681852885813,average,,4.983136604072662,5.1326307021948425,,,,1.0,False,7.679472695738507,英冠,False
20261010-E1-Bolton-Stoke-AO25,E1,2026-10-10,16:00,Bolton,Stoke,1X2+OU25,A&O25,客胜 Stoke + 大于 2.5 球,0.20687857825161407,0.22508243815839257,0.22003220584179964,average,,4.54478923289524,4.681132909882097,,,,1.0,False,5.330610608490269,英冠,False
20261010-E1-Bolton-Stoke-AU25,E1,2026-10-10,16:00,Bolton,Stoke,1X2+OU25,A&U25,客胜 Stoke + 小于 2.5 球,0.11648383806905369,0.1477228889201802,0.1379402480094054,average,,7.249515746352836,7.467001218743421,,,,1.0,False,5.869347703895576,英冠,False
20261010-E1-Derby-Wrexham-H,E1,2026-10-10,16:00,Derby,Wrexham,1X2,H,主胜 Derby,0.4089506533476325,0.35272063498574563,0.36958964049431164,average,market_avg,2.7057035436992747,2.7868746500102533,2.67,2.67,-0.013195659880187893,1.0,False,,英冠,False
20261010-E1-Derby-Wrexham-D,E1,2026-10-10,16:00,Derby,Wrexham,1X2,D,平局,0.2698794629088614,0.28366388416022315,0.2795285577848146,average,market_avg,3.577452006781416,3.6847755669848583,3.32,3.32,-0.07196518815441555,1.0,False,,英冠,False
20261010-E1-Derby-Wrexham-A,E1,2026-10-10,16:00,Derby,Wrexham,1X2,A,客胜 Wrexham,0.32116988374350597,0.36361548085403117,0.35088180172087363,average,market_avg,2.849962566013896,2.935461442994313,2.59,2.59,-0.09121613354293734,1.0,False,,英冠,False
20261010-E1-Derby-Wrexham-O25,E1,2026-10-10,16:00,Derby,Wrexham,OU25,O25,大于 2.5 球,0.5251737920294515,0.47200000000000003,0.4879521376088355,average,market_avg,2.04938132846473,2.110862768318672,1.98,1.98,-0.03385476753450578,1.0,False,,英冠,False
20261010-E1-Derby-Wrexham-U25,E1,2026-10-10,16:00,Derby,Wrexham,OU25,U25,小于 2.5 球,0.47482620797054853,0.528,0.5120478623911645,average,market_avg,1.9529424365335564,2.011530709629563,1.77,1.77,-0.09367528356763877,1.0,False,,英冠,False
20261010-E1-Derby-Wrexham-HO25,E1,2026-10-10,16:00,Derby,Wrexham,1X2+OU25,H&O25,主胜 Derby + 大于 2.5 球,0.25659191315195284,0.20340631092335704,0.2188463404693249,average,,4.569416138535646,4.706498622691716,,,,1.0,False,5.545018322818148,英冠,False
20261010-E1-Derby-Wrexham-HU25,E1,2026-10-10,16:00,Derby,Wrexham,1X2+OU25,H&U25,主胜 Derby + 小于 2.5 球,0.1523587401956796,0.14931432406233244,0.15074330002450798,average,,6.633794005023236,6.832807825173933,,,,1.0,False,5.284083271169539,英冠,False
20261010-E1-Derby-Wrexham-DO25,E1,2026-10-10,16:00,Derby,Wrexham,1X2+OU25,D&O25,平局 + 大于 2.5 球,0.07107589131397976,0.0636314925538373,0.06585335844147157,average,,15.185254384387534,15.640812015919161,,,,1.0,False,7.3315633461765115,英冠,False
20261010-E1-Derby-Wrexham-DU25,E1,2026-10-10,16:00,Derby,Wrexham,1X2+OU25,D&U25,平局 + 小于 2.5 球,0.19880357159488163,0.22003239160649293,0.2136751993442203,average,,4.680000313883171,4.8204003232996655,,,,1.0,False,6.98655783870556,英冠,False
20261010-E1-Derby-Wrexham-AO25,E1,2026-10-10,16:00,Derby,Wrexham,1X2+OU25,A&O25,客胜 Wrexham + 大于 2.5 球,0.1975059875635188,0.20496219652280565,0.20325243869803897,average,,4.919990167919438,5.067589872957021,,,,1.0,False,5.8406600696123085,英冠,False
20261010-E1-Derby-Wrexham-AU25,E1,2026-10-10,16:00,Derby,Wrexham,1X2+OU25,A&U25,客胜 Wrexham + 小于 2.5 球,0.12366389617998715,0.15865328433117473,0.1476293630224363,average,,6.773720210714605,6.976931817036043,,,,1.0,False,5.565812837700604,英冠,False
20261010-E1-Preston-Millwall-H,E1,2026-10-10,16:00,Preston,Millwall,1X2,H,主胜 Preston,0.29247755413854915,0.3341584057811973,0.32165415028840283,average,market_avg,3.108929261765707,3.2021971396186784,2.81,2.81,-0.09615183768958802,1.0,False,,英冠,False
20261010-E1-Preston-Millwall-D,E1,2026-10-10,16:00,Preston,Millwall,1X2,D,平局,0.289346302088935,0.27296079076894314,0.27787644416494073,average,market_avg,3.598721737659865,3.7066833897896614,3.44,3.44,-0.044105032072603856,1.0,False,,英冠,False
20261010-E1-Preston-Millwall-A,E1,2026-10-10,16:00,Preston,Millwall,1X2,A,客胜 Millwall,0.41817614377251583,0.39288080344985954,0.4004694055466564,average,market_avg,2.4970696541349042,2.5719817437589514,2.39,2.39,-0.04287812074349118,1.0,False,,英冠,False
20261010-E1-Preston-Millwall-O25,E1,2026-10-10,16:00,Preston,Millwall,OU25,O25,大于 2.5 球,0.4414916026681781,0.5187165775401069,0.49554908507852824,average,market_avg,2.0179635683143937,2.078502475363826,1.8,1.8,-0.10801164685864917,1.0,False,,英冠,False
20261010-E1-Preston-Millwall-U25,E1,2026-10-10,16:00,Preston,Millwall,OU25,U25,小于 2.5 球,0.5585083973318219,0.48128342245989303,0.5044509149214716,average,market_avg,1.9823534271033505,2.041824029916451,1.94,1.94,-0.02136522505234506,1.0,False,,英冠,False
20261010-E1-Preston-Millwall-HO25,E1,2026-10-10,16:00,Preston,Millwall,1X2+OU25,H&O25,主胜 Preston + 大于 2.5 球,0.1552935227942184,0.2038460546134849,0.18873532956003938,average,,5.298425060803923,5.457377812628041,,,,1.0,False,6.273705986709761,英冠,False
20261010-E1-Preston-Millwall-HU25,E1,2026-10-10,16:00,Preston,Millwall,1X2+OU25,H&U25,主胜 Preston + 小于 2.5 球,0.13718403134433071,0.1303123511679585,0.13291882072850175,average,,7.52338904693254,7.749090718340517,,,,1.0,False,6.162996576683139,英冠,False
20261010-E1-Preston-Millwall-DO25,E1,2026-10-10,16:00,Preston,Millwall,1X2+OU25,D&O25,平局 + 大于 2.5 球,0.05576386203178478,0.06771136309426286,0.06403546084611567,average,,15.616347361083434,16.084837781915937,,,,1.0,False,7.2620893590986775,英冠,False
20261010-E1-Preston-Millwall-DU25,E1,2026-10-10,16:00,Preston,Millwall,1X2+OU25,D&U25,平局 + 小于 2.5 球,0.2335824400571502,0.20524942767408447,0.21384098331847778,average,,4.676372061527043,4.816663223372855,,,,1.0,False,7.133938369841358,英冠,False
20261010-E1-Preston-Millwall-AO25,E1,2026-10-10,16:00,Preston,Millwall,1X2+OU25,A&O25,客胜 Millwall + 大于 2.5 球,0.23043421784217485,0.24715915983235925,0.24277829467237325,average,,4.118984365342419,4.242553896302692,,,,1.0,False,5.038995589587661,英冠,False
20261010-E1-Preston-Millwall-AU25,E1,2026-10-10,16:00,Preston,Millwall,1X2+OU25,A&U25,客胜 Millwall + 小于 2.5 球,0.187741925930341,0.14572164361785003,0.1576911108744921,average,,6.341511544020447,6.531756890341061,,,,1.0,False,4.950074586590106,英冠,False
20261010-E1-SheffieldUnited-Lincoln-H,E1,2026-10-10,16:00,Sheffield United,Lincoln,1X2,H,主胜 Sheffield United,0.42478207179068006,0.4465312631201876,0.44000650572133526,average,market_avg,2.2726936692916073,2.3408744793703553,2.11,2.11,-0.0715862729279827,1.0,False,,英冠,False
20261010-E1-SheffieldUnited-Lincoln-D,E1,2026-10-10,16:00,Sheffield United,Lincoln,1X2,D,平局,0.3392405150348734,0.2795789214194646,0.29747739950408725,average,market_avg,3.361599912017048,3.46244790937756,3.37,3.37,0.0024988363287741233,1.0,False,,英冠,False
20261010-E1-SheffieldUnited-Lincoln-A,E1,2026-10-10,16:00,Sheffield United,Lincoln,1X2,A,客胜 Lincoln,0.2359774131744465,0.27388981546034763,0.26251609477457727,average,market_avg,3.8092902488843614,3.923568956350892,3.44,3.44,-0.09694463397545416,1.0,False,,英冠,False
20261010-E1-SheffieldUnited-Lincoln-O25,E1,2026-10-10,16:00,Sheffield United,Lincoln,OU25,O25,大于 2.5 球,0.27187009061560274,0.47200000000000003,0.41196102718468086,average,market_avg,2.4274140853418715,2.500236507902128,1.98,1.98,-0.18431716617433191,1.0,False,,英冠,False
20261010-E1-SheffieldUnited-Lincoln-U25,E1,2026-10-10,16:00,Sheffield United,Lincoln,OU25,U25,小于 2.5 球,0.7281299093843973,0.528,0.5880389728153191,average,market_avg,1.700567557984056,1.7515845847235778,1.77,1.77,0.0408289818831149,1.0,True,,英冠,False
20261010-E1-SheffieldUnited-Lincoln-HO25,E1,2026-10-10,16:00,Sheffield United,Lincoln,1X2+OU25,H&O25,主胜 Sheffield United + 大于 2.5 球,0.16213351938539397,0.26784012202881247,0.2371830785327186,average,,4.216152375566933,4.342636946833941,,,,1.0,False,5.516768624505749,英冠,False
20261010-E1-SheffieldUnited-Lincoln-HU25,E1,2026-10-10,16:00,Sheffield United,Lincoln,1X2+OU25,H&U25,主胜 Sheffield United + 小于 2.5 球,0.26264855240528606,0.17869114109155362,0.2028234271890276,average,,4.93039691646675,5.078308823960752,,,,1.0,False,3.8648691232330523,英冠,False
20261010-E1-SheffieldUnited-Lincoln-DO25,E1,2026-10-10,16:00,Sheffield United,Lincoln,1X2+OU25,D&O25,平局 + 大于 2.5 球,0.027766526333148685,0.049748698103224534,0.04297868697499157,average,,23.267346454345613,23.965366847975982,,,,1.0,False,8.159994975714179,英冠,False
20261010-E1-SheffieldUnited-Lincoln-DU25,E1,2026-10-10,16:00,Sheffield United,Lincoln,1X2+OU25,D&U25,平局 + 小于 2.5 球,0.3114739887017247,0.2298302233159831,0.25449871252851114,average,,3.929292962092967,4.047171750955756,,,,1.0,False,5.7166277532982495,英冠,False
20261010-E1-SheffieldUnited-Lincoln-AO25,E1,2026-10-10,16:00,Sheffield United,Lincoln,1X2+OU25,A&O25,客胜 Lincoln + 大于 2.5 球,0.08197004489706007,0.154411179867963,0.1317992616769707,average,,7.587295917111576,7.814914794624923,,,,1.0,False,9.246724805297342,英冠,False
20261010-E1-SheffieldUnited-Lincoln-AU25,E1,2026-10-10,16:00,Sheffield United,Lincoln,1X2+OU25,A&U25,客胜 Lincoln + 小于 2.5 球,0.15400736827738645,0.11947863559246326,0.13071683309778037,average,,7.650124137049495,7.879627861160981,,,,1.0,False,6.477955416197755,英冠,False
20261010-E1-Watford-Burnley-H,E1,2026-10-10,16:00,Watford,Burnley,1X2,H,主胜 Watford,0.23977255778028844,0.31424758464722663,0.29190507658714515,average,market_avg,3.4257711845633514,3.5285443201002518,2.99,2.99,-0.12720382100443595,1.0,False,,英冠,False
20261010-E1-Watford-Burnley-D,E1,2026-10-10,16:00,Watford,Burnley,1X2,D,平局,0.3038589127959463,0.270000079912416,0.28015772977747505,average,market_avg,3.5694178447058538,3.6765003800470297,3.48,3.48,-0.025051100374386848,1.0,False,,英冠,False
20261010-E1-Watford-Burnley-A,E1,2026-10-10,16:00,Watford,Burnley,1X2,A,客胜 Burnley,0.4563685294237651,0.4157523354403574,0.42793719363537963,average,market_avg,2.336791507895997,2.406895253132877,2.26,2.26,-0.032861942384042164,1.0,False,,英冠,False
20261010-E1-Watford-Burnley-O25,E1,2026-10-10,16:00,Watford,Burnley,OU25,O25,大于 2.5 球,0.3675059396108763,0.528,0.4798517818832629,average,market_avg,2.083976839838593,2.1464961450337507,1.77,1.77,-0.15066234606662465,1.0,False,,英冠,False
20261010-E1-Watford-Burnley-U25,E1,2026-10-10,16:00,Watford,Burnley,OU25,U25,小于 2.5 球,0.6324940603891237,0.47200000000000003,0.5201482181167372,average,market_avg,1.9225289353496726,1.980204803410163,1.98,1.98,0.029893471871139665,1.0,False,,英冠,False
20261010-E1-Watford-Burnley-HO25,E1,2026-10-10,16:00,Watford,Burnley,1X2+OU25,H&O25,主胜 Watford + 大于 2.5 球,0.10643515062595725,0.19321250101786228,0.16504039738580747,average,,6.059122589618742,6.2408962673073045,,,,1.0,False,7.139227807216446,英冠,False
20261010-E1-Watford-Burnley-HU25,E1,2026-10-10,16:00,Watford,Burnley,1X2+OU25,H&U25,主胜 Watford + 小于 2.5 球,0.13333740715433118,0.12103508362957822,0.12686467920142436,average,,7.882414603455464,8.118887041559129,,,,1.0,False,6.586144228210165,英冠,False
20261010-E1-Watford-Burnley-DO25,E1,2026-10-10,16:00,Watford,Burnley,1X2+OU25,D&O25,平局 + 大于 2.5 球,0.04114728566518695,0.06439889153872726,0.05697025647599383,average,,17.55301909903426,18.07960967200529,,,,1.0,False,7.438584120073586,英冠,False
20261010-E1-Watford-Burnley-DU25,E1,2026-10-10,16:00,Watford,Burnley,1X2+OU25,D&U25,平局 + 小于 2.5 球,0.26271162713075935,0.20560118837307612,0.22318747330121258,average,,4.480538200503778,4.614954346518892,,,,1.0,False,6.862309088800468,英冠,False
20261010-E1-Watford-Burnley-AO25,E1,2026-10-10,16:00,Watford,Burnley,1X2+OU25,A&O25,客胜 Burnley + 大于 2.5 球,0.21992350331973207,0.2703886074434105,0.25784112802146153,average,,3.878357218157859,3.9947079347025953,,,,1.0,False,4.86981938198676,英冠,False
20261010-E1-Watford-Burnley-AU25,E1,2026-10-10,16:00,Watford,Burnley,1X2+OU25,A&U25,客胜 Burnley + 小于 2.5 球,0.23644502610403303,0.14536372799734568,0.17009606561410026,average,,5.8790307488282325,6.05540167129308,,,,1.0,False,4.492549289809447,英冠,False
20261011-E1-Southampton-Portsmouth-H,E1,2026-10-11,13:00,Southampton,Portsmouth,1X2,H,主胜 Southampton,0.6937711707005252,0.5951189003474298,0.6247145814533583,average,market_avg,1.6007310053073585,1.6487529354665793,1.57,1.57,-0.019198107118227337,1.0,False,,英冠,False
20261011-E1-Southampton-Portsmouth-D,E1,2026-10-11,13:00,Southampton,Portsmouth,1X2,D,平局,0.1800469438327364,0.22623164008364766,0.21237623120837426,average,market_avg,4.708624850861224,4.849883596387061,4.13,4.13,-0.1228861651094143,1.0,False,,英冠,False
20261011-E1-Southampton-Portsmouth-A,E1,2026-10-11,13:00,Southampton,Portsmouth,1X2,A,客胜 Portsmouth,0.12618188546673847,0.17864945956892253,0.16290918733826731,average,market_avg,6.138389223706478,6.322540900417673,5.23,5.23,-0.1479849502208619,1.0,False,,英冠,False
20261011-E1-Southampton-Portsmouth-O25,E1,2026-10-11,13:00,Southampton,Portsmouth,OU25,O25,大于 2.5 球,0.6759990555010325,0.5732984293193717,0.6041086171738699,average,market_avg,1.6553314612166634,1.7049914050531634,1.63,1.63,-0.015302954006592207,1.0,False,,英冠,False
20261011-E1-Southampton-Portsmouth-U25,E1,2026-10-11,13:00,Southampton,Portsmouth,OU25,U25,小于 2.5 球,0.32400094449896755,0.4267015706806283,0.39589138282613007,average,market_avg,2.5259453561766105,2.6017237168619087,2.19,2.19,-0.13299787161077514,1.0,False,,英冠,False
20261011-E1-Southampton-Portsmouth-HO25,E1,2026-10-11,13:00,Southampton,Portsmouth,1X2+OU25,H&O25,主胜 Southampton + 大于 2.5 球,0.5278488365532837,0.4074548800126334,0.4422896832116584,average,,2.2609616230217346,2.3287904717123866,,,,1.0,False,2.6497403940302484,英冠,False
20261011-E1-Southampton-Portsmouth-HU25,E1,2026-10-11,13:00,Southampton,Portsmouth,1X2+OU25,H&U25,主胜 Southampton + 小于 2.5 球,0.16592233414724147,0.1876640203346229,0.18242489824076066,average,,5.481707867969976,5.646159104009076,,,,1.0,False,4.04335904934404,英冠,False
20261011-E1-Southampton-Portsmouth-DO25,E1,2026-10-11,13:00,Southampton,Portsmouth,1X2+OU25,D&O25,平局 + 大于 2.5 球,0.062277743181301304,0.059995672126968956,0.06100470237554091,average,,16.392178980631137,16.88394435005007,,,,1.0,False,7.794334854697204,英冠,False
20261011-E1-Southampton-Portsmouth-DU25,E1,2026-10-11,13:00,Southampton,Portsmouth,1X2+OU25,D&U25,平局 + 小于 2.5 球,0.11776920065143506,0.1662359679568611,0.15137152883380744,average,,6.6062621399425225,6.804450004140798,,,,1.0,False,11.893729076010693,英冠,False
20261011-E1-Southampton-Portsmouth-AO25,E1,2026-10-11,13:00,Southampton,Portsmouth,1X2+OU25,A&O25,客胜 Portsmouth + 大于 2.5 球,0.08587247576644741,0.10584787717976929,0.10081423158667063,average,,9.919234459871806,10.21681149366796,,,,1.0,False,10.161068803194667,英冠,False
20261011-E1-Southampton-Portsmouth-AU25,E1,2026-10-11,13:00,Southampton,Portsmouth,1X2+OU25,A&U25,客胜 Portsmouth + 小于 2.5 球,0.040309409700291045,0.0728015823891443,0.06209495575156195,average,,16.104367704213168,16.58749873533956,,,,1.0,False,15.505235754025929,英冠,False
20261010-E2-Plymouth-AFCWimbledon-H,E2,2026-10-10,13:30,Plymouth,AFC Wimbledon,1X2,H,主胜 Plymouth,0.6560418844519431,0.6231735261732583,0.6330340336568637,average,market_avg,1.579693897693422,1.6270847146242249,1.5,1.5,-0.050448949514704466,1.0,False,,英甲,False
20261010-E2-Plymouth-AFCWimbledon-D,E2,2026-10-10,13:30,Plymouth,AFC Wimbledon,1X2,D,平局,0.19817089684548342,0.21538255512900634,0.21021905764394944,average,market_avg,4.75694264453279,4.899650923868775,4.34,4.34,-0.08764928982525944,1.0,False,,英甲,False
20261010-E2-Plymouth-AFCWimbledon-A,E2,2026-10-10,13:30,Plymouth,AFC Wimbledon,1X2,A,客胜 AFC Wimbledon,0.14578721870257338,0.1614439186977353,0.15674690869918673,average,market_avg,6.379711142623564,6.571102476902271,5.79,5.79,-0.0924353986317088,1.0,False,,英甲,False
20261010-E2-Plymouth-AFCWimbledon-O25,E2,2026-10-10,13:30,Plymouth,AFC Wimbledon,OU25,O25,大于 2.5 球,0.5771692366883657,0.5732984293193717,0.5744596715300698,average,market_avg,1.7407662357507292,1.7929892228232511,1.63,1.63,-0.0636307354059863,1.0,False,,英甲,False
20261010-E2-Plymouth-AFCWimbledon-U25,E2,2026-10-10,13:30,Plymouth,AFC Wimbledon,OU25,U25,小于 2.5 球,0.4228307633116343,0.4267015706806283,0.42554032846993006,average,market_avg,2.3499535369434743,2.4204521430517785,2.19,2.19,-0.0680666806508532,1.0,False,,英甲,False
20261010-E2-Plymouth-AFCWimbledon-HO25,E2,2026-10-10,13:30,Plymouth,AFC Wimbledon,1X2+OU25,H&O25,主胜 Plymouth + 大于 2.5 球,0.44030925760098205,0.42112112811337693,0.42691066368037234,average,,2.342410450418496,2.412682763931051,,,,1.0,False,2.7498777999261756,英甲,False
20261010-E2-Plymouth-AFCWimbledon-HU25,E2,2026-10-10,13:30,Plymouth,AFC Wimbledon,1X2+OU25,H&U25,主胜 Plymouth + 小于 2.5 球,0.215732626850961,0.2020523980600676,0.2061233699766038,average,,4.8514634711896365,4.9970073753253255,,,,1.0,False,3.7122072621726803,英甲,False
20261010-E2-Plymouth-AFCWimbledon-DO25,E2,2026-10-10,13:30,Plymouth,AFC Wimbledon,1X2+OU25,D&O25,平局 + 大于 2.5 球,0.05388249853425394,0.05946013758662195,0.057770624481377236,average,,17.30983538740103,17.82913044902306,,,,1.0,False,8.280725141005465,英甲,False
20261010-E2-Plymouth-AFCWimbledon-DU25,E2,2026-10-10,13:30,Plymouth,AFC Wimbledon,1X2+OU25,D&U25,平局 + 小于 2.5 球,0.1442883983112295,0.15592241754219774,0.15244843316246026,average,,6.559595131649051,6.756382985598522,,,,1.0,False,11.178594192557076,英甲,False
20261010-E2-Plymouth-AFCWimbledon-AO25,E2,2026-10-10,13:30,Plymouth,AFC Wimbledon,1X2+OU25,A&O25,客胜 AFC Wimbledon + 大于 2.5 球,0.08297748055312974,0.09271716361937284,0.08977838336832027,average,,11.138538727050257,11.472694888861765,,,,1.0,False,11.105585750921806,英甲,False
20261010-E2-Plymouth-AFCWimbledon-AU25,E2,2026-10-10,13:30,Plymouth,AFC Wimbledon,1X2+OU25,A&U25,客胜 AFC Wimbledon + 小于 2.5 球,0.06280973814944363,0.06872675507836294,0.06696852533086597,average,,14.932387939847576,15.380359578043004,,,,1.0,False,14.992024764285938,英甲,False
20261010-E2-Bradford-LeytonOrient-H,E2,2026-10-10,16:00,Bradford,Leyton Orient,1X2,H,主胜 Bradford,0.4592554968889916,0.5497847249403417,0.5226259565249366,average,market_avg,1.9134143406294555,1.970816770848339,1.7,1.7,-0.11153587390760777,1.0,False,,英甲,False
20261010-E2-Bradford-LeytonOrient-D,E2,2026-10-10,16:00,Bradford,Leyton Orient,1X2,D,平局,0.28050339403684194,0.2479135364452469,0.2576904937227254,average,market_avg,3.8806243317458136,3.997043061698188,3.77,3.77,-0.028506838665325218,1.0,False,,英甲,False
20261010-E2-Bradford-LeytonOrient-A,E2,2026-10-10,16:00,Bradford,Leyton Orient,1X2,A,客胜 Leyton Orient,0.26024110907416664,0.20230173861441142,0.21968354975233795,average,market_avg,4.552002191913587,4.688562257670995,4.62,4.62,0.014937999855801243,1.0,False,,英甲,False
20261010-E2-Bradford-LeytonOrient-O25,E2,2026-10-10,16:00,Bradford,Leyton Orient,OU25,O25,大于 2.5 球,0.3955873116968481,0.5067024128686327,0.47336788251709727,average,market_avg,2.1125218607620293,2.1758975165848904,1.84,1.84,-0.129003096168541,1.0,False,,英甲,False
20261010-E2-Bradford-LeytonOrient-U25,E2,2026-10-10,16:00,Bradford,Leyton Orient,OU25,U25,小于 2.5 球,0.604412688303152,0.4932975871313674,0.5266321174829027,average,market_avg,1.898858741809391,1.9558245040636726,1.89,1.89,-0.004665297957313852,1.0,False,,英甲,False
20261010-E2-Bradford-LeytonOrient-HO25,E2,2026-10-10,16:00,Bradford,Leyton Orient,1X2+OU25,H&O25,主胜 Bradford + 大于 2.5 球,0.22966935719271211,0.3338418119914758,0.30108056919172166,average,,3.3213700993212267,3.4210112023008636,,,,1.0,False,4.042129623275288,英甲,False
20261010-E2-Bradford-LeytonOrient-HU25,E2,2026-10-10,16:00,Bradford,Leyton Orient,1X2+OU25,H&U25,主胜 Bradford + 小于 2.5 球,0.22958613969627945,0.21594291294905085,0.22154538733331117,average,,4.513747778894252,4.649160212261079,,,,1.0,False,3.6333035474076936,英甲,False
20261010-E2-Bradford-LeytonOrient-DO25,E2,2026-10-10,16:00,Bradford,Leyton Orient,1X2+OU25,D&O25,平局 + 大于 2.5 球,0.04615878319416401,0.05785400407698384,0.05439804137393383,average,,18.383014806102462,18.93450525028554,,,,1.0,False,8.197903734218073,英甲,False
20261010-E2-Bradford-LeytonOrient-DU25,E2,2026-10-10,16:00,Bradford,Leyton Orient,1X2+OU25,D&U25,平局 + 小于 2.5 球,0.2343446108426779,0.19005953236803627,0.20329245234867055,average,,4.9190217760022,5.066592429282266,,,,1.0,False,7.368757436013763,英甲,False
20261010-E2-Bradford-LeytonOrient-AO25,E2,2026-10-10,16:00,Bradford,Leyton Orient,1X2+OU25,A&O25,客胜 Leyton Orient + 大于 2.5 球,0.11975917130997192,0.115006596800173,0.11788927195144179,average,,8.482536056477613,8.737012138171943,,,,1.0,False,9.616204140654128,英甲,False
20261010-E2-Bradford-LeytonOrient-AU25,E2,2026-10-10,16:00,Bradford,Leyton Orient,1X2+OU25,A&U25,客胜 Leyton Orient + 小于 2.5 球,0.1404819377641947,0.08729514181428023,0.1017942778009211,average,,9.82373490537158,10.118446952532729,,,,1.0,False,8.643609154850624,英甲,False
20261010-E2-Cambridge-Blackpool-H,E2,2026-10-10,16:00,Cambridge,Blackpool,1X2,H,主胜 Cambridge,0.3702864876426636,0.46496815286624205,0.43656365329916846,average,market_avg,2.2906167117735743,2.3593352131267817,2.01,2.01,-0.12250705686867147,1.0,False,,英甲,False
20261010-E2-Cambridge-Blackpool-D,E2,2026-10-10,16:00,Cambridge,Blackpool,1X2,D,平局,0.25690503448280544,0.2560509554140127,0.2563071791346505,average,market_avg,3.901568435875344,4.018615488951604,3.65,3.65,-0.0644787961585257,1.0,False,,英甲,False
20261010-E2-Cambridge-Blackpool-A,E2,2026-10-10,16:00,Cambridge,Blackpool,1X2,A,客胜 Blackpool,0.372808477874531,0.27898089171974516,0.30712916756618086,average,market_avg,3.2559590739115256,3.3536378461288714,3.35,3.35,0.028882711346705836,1.0,False,,英甲,False
20261010-E2-Cambridge-Blackpool-O25,E2,2026-10-10,16:00,Cambridge,Blackpool,OU25,O25,大于 2.5 球,0.5203064912992831,0.5555555555555556,0.5449808362786738,average,market_avg,1.834926906473192,1.889974713667388,1.68,1.68,-0.08443219505182809,1.0,False,,英甲,False
20261010-E2-Cambridge-Blackpool-U25,E2,2026-10-10,16:00,Cambridge,Blackpool,OU25,U25,小于 2.5 球,0.4796935087007169,0.4444444444444444,0.4550191637213261,average,market_avg,2.197709634516502,2.263640923551997,2.1,2.1,-0.04445975618521514,1.0,False,,英甲,False
20261010-E2-Cambridge-Blackpool-HO25,E2,2026-10-10,16:00,Cambridge,Blackpool,1X2+OU25,H&O25,主胜 Cambridge + 大于 2.5 球,0.22382257187581847,0.2978508419282126,0.27496390753267363,average,,3.6368409547757508,3.745946183419023,,,,1.0,False,4.20311423685048,英甲,False
20261010-E2-Cambridge-Blackpool-HU25,E2,2026-10-10,16:00,Cambridge,Blackpool,1X2+OU25,H&U25,主胜 Cambridge + 小于 2.5 球,0.14646391576684517,0.16711731093814203,0.16159974576656244,average,,6.188128547210351,6.373772403626661,,,,1.0,False,5.034110416449294,英甲,False
20261010-E2-Cambridge-Blackpool-DO25,E2,2026-10-10,16:00,Cambridge,Blackpool,1X2+OU25,D&O25,平局 + 大于 2.5 球,0.07097309000783739,0.07887616448931181,0.07644404215194822,average,,13.081464190659814,13.473908116379608,,,,1.0,False,7.159092900434195,英甲,False
20261010-E2-Cambridge-Blackpool-DU25,E2,2026-10-10,16:00,Cambridge,Blackpool,1X2+OU25,D&U25,平局 + 小于 2.5 球,0.18593194447496808,0.17717479092452063,0.17986313698258707,average,,5.559782937049586,5.726576425161074,,,,1.0,False,8.574514541248723,英甲,False
20261010-E2-Cambridge-Blackpool-AO25,E2,2026-10-10,16:00,Cambridge,Blackpool,1X2+OU25,A&O25,客胜 Blackpool + 大于 2.5 球,0.22551082941562725,0.1788285491380312,0.193572886594052,average,,5.166012748971051,5.320993131440182,,,,1.0,False,5.974446911095795,英甲,False
20261010-E2-Cambridge-Blackpool-AU25,E2,2026-10-10,16:00,Cambridge,Blackpool,1X2+OU25,A&U25,客胜 Blackpool + 小于 2.5 球,0.14729764845890378,0.10015234258178184,0.11355628097217661,average,,8.806205975035573,9.07039215428664,,,,1.0,False,7.155652626326787,英甲,False
20261010-E2-Doncaster-Burton-H,E2,2026-10-10,16:00,Doncaster,Burton,1X2,H,主胜 Doncaster,0.3864041696521119,0.560210677519751,0.5080687251594592,average,tipico_partial,1.9682376625054934,2.0272847923806583,1.67,1.67,-0.15152522898370313,1.0,False,,英甲,False
20261010-E2-Doncaster-Burton-D,E2,2026-10-10,16:00,Doncaster,Burton,1X2,D,平局,0.27688392350940566,0.2398850849892267,0.25098473654528036,average,tipico_partial,3.9843060329670252,4.103835213956036,3.9,3.9,-0.02115952747340666,1.0,False,,英甲,False
20261010-E2-Doncaster-Burton-A,E2,2026-10-10,16:00,Doncaster,Burton,1X2,A,客胜 Burton,0.3367119068384825,0.19990423749102226,0.2409465382952603,average,tipico_partial,4.150298265645061,4.274807213614412,4.4,4.68,0.060164768499145316,1.0,True,,英甲,False
20261010-E2-Doncaster-Burton-O25,E2,2026-10-10,16:00,Doncaster,Burton,OU25,O25,大于 2.5 球,0.4352030958242488,0.5333333333333333,0.503894262080608,average,market_avg,1.984543336276431,2.044079636364724,1.75,1.75,-0.11818504135893604,1.0,False,,英甲,False
20261010-E2-Doncaster-Burton-U25,E2,2026-10-10,16:00,Doncaster,Burton,OU25,U25,小于 2.5 球,0.5647969041757512,0.4666666666666667,0.49610573791939205,average,market_avg,2.015699322877982,2.076170302564321,2.0,2.0,-0.007788524161215893,1.0,False,,英甲,False
20261010-E2-Doncaster-Burton-HO25,E2,2026-10-10,16:00,Doncaster,Burton,1X2+OU25,H&O25,主胜 Doncaster + 大于 2.5 球,0.2043914751850267,0.34697978980972277,0.3012486605766497,average,,3.319516833986255,3.4191023390058426,,,,1.0,False,3.9060529373335764,英甲,False
20261010-E2-Doncaster-Burton-HU25,E2,2026-10-10,16:00,Doncaster,Burton,1X2+OU25,H&U25,主胜 Doncaster + 小于 2.5 球,0.18201269446708515,0.2132308877105134,0.2068200645831104,average,,4.835120818745085,4.980174443307438,,,,1.0,False,3.967375323575264,英甲,False
20261010-E2-Doncaster-Burton-DO25,E2,2026-10-10,16:00,Doncaster,Burton,1X2+OU25,D&O25,平局 + 大于 2.5 球,0.05588634647585163,0.06433119612954188,0.06199189554806279,average,,16.131140871869167,16.615075098025244,,,,1.0,False,7.907027987410691,英甲,False
20261010-E2-Doncaster-Burton-DU25,E2,2026-10-10,16:00,Doncaster,Burton,1X2+OU25,D&U25,平局 + 小于 2.5 球,0.22099757703355405,0.17555388885904472,0.1889928409967888,average,,5.291205713008944,5.4499418843992125,,,,1.0,False,8.031162972790291,英甲,False
20261010-E2-Doncaster-Burton-AO25,E2,2026-10-10,16:00,Doncaster,Burton,1X2+OU25,A&O25,客胜 Burton + 大于 2.5 球,0.1749252741633705,0.12202234739406873,0.1406537059558954,average,,7.109659807424972,7.322949601647721,,,,1.0,False,8.236446766645534,英甲,False
20261010-E2-Doncaster-Burton-AU25,E2,2026-10-10,16:00,Doncaster,Burton,1X2+OU25,A&U25,客胜 Burton + 小于 2.5 球,0.16178663267511195,0.07788189009710862,0.10029283233949286,average,,9.970802266456927,10.269926334450634,,,,1.0,False,8.36575340380241,英甲,False
20261010-E2-Stevenage-Wigan-H,E2,2026-10-10,16:00,Stevenage,Wigan,1X2,H,主胜 Stevenage,0.44357375803617294,0.44726058167470756,0.44615453458314713,average,market_avg,2.2413758518319757,2.3086171273869347,2.09,2.09,-0.06753702272122253,1.0,False,,英甲,False
20261010-E2-Stevenage-Wigan-D,E2,2026-10-10,16:00,Stevenage,Wigan,1X2,D,平局,0.32896564601844197,0.2841260230091607,0.29757790991194505,average,market_avg,3.3604644924615052,3.4612784272353507,3.29,3.29,-0.02096867638970079,1.0,False,,英甲,False
20261010-E2-Stevenage-Wigan-A,E2,2026-10-10,16:00,Stevenage,Wigan,1X2,A,客胜 Wigan,0.22746059594538504,0.2686133953161318,0.25626755550490776,average,market_avg,3.9021716893883163,4.019236840069966,3.48,3.48,-0.10818890684292104,1.0,False,,英甲,False
20261010-E2-Stevenage-Wigan-O25,E2,2026-10-10,16:00,Stevenage,Wigan,OU25,O25,大于 2.5 球,0.2512561822840019,0.4379947229551451,0.3819731607538021,average,market_avg,2.6179849862397595,2.6965245358269523,2.13,2.13,-0.1863971675944015,1.0,False,,英甲,False
20261010-E2-Stevenage-Wigan-U25,E2,2026-10-10,16:00,Stevenage,Wigan,OU25,U25,小于 2.5 球,0.7487438177159981,0.5620052770448549,0.6180268392461978,average,market_avg,1.6180527066101071,1.6665942878084103,1.66,1.66,0.025924553148688245,1.0,False,,英甲,False
20261010-E2-Stevenage-Wigan-HO25,E2,2026-10-10,16:00,Stevenage,Wigan,1X2+OU25,H&O25,主胜 Stevenage + 大于 2.5 球,0.1567641102301117,0.253613290136605,0.2261901434985004,average,,4.421059134288183,4.553690908316828,,,,1.0,False,5.867888328616464,英甲,False
20261010-E2-Stevenage-Wigan-HU25,E2,2026-10-10,16:00,Stevenage,Wigan,1X2+OU25,H&U25,主胜 Stevenage + 小于 2.5 球,0.2868096478060612,0.19364729153866056,0.2199643910847905,average,,4.546190385945361,4.682576097523722,,,,1.0,False,3.626664263587262,英甲,False
20261010-E2-Stevenage-Wigan-DO25,E2,2026-10-10,16:00,Stevenage,Wigan,1X2+OU25,D&O25,平局 + 大于 2.5 球,0.024239470647502412,0.04548482133913749,0.03873612442032354,average,,25.815695683673862,26.59016655418408,,,,1.0,False,8.797645588056035,英甲,False
20261010-E2-Stevenage-Wigan-DU25,E2,2026-10-10,16:00,Stevenage,Wigan,1X2+OU25,D&U25,平局 + 小于 2.5 球,0.3047261753709396,0.2386412016692597,0.25884178549142833,average,,3.863363861833334,3.9792647776883343,,,,1.0,False,5.437408667494499,英甲,False
20261010-E2-Stevenage-Wigan-AO25,E2,2026-10-10,16:00,Stevenage,Wigan,1X2+OU25,A&O25,客胜 Wigan + 大于 2.5 球,0.07025260140638777,0.1388966114794027,0.11704689283497817,average,,8.543584334270863,8.799891864298989,,,,1.0,False,10.21582689654845,英甲,False
20261010-E2-Stevenage-Wigan-AU25,E2,2026-10-10,16:00,Stevenage,Wigan,1X2+OU25,A&U25,客胜 Wigan + 小于 2.5 球,0.15720799453899725,0.12971678383693455,0.13922066266997898,average,,7.182841834121195,7.398327089144831,,,,1.0,False,6.313919463672098,英甲,False
20261010-E2-Stockport-Barnsley-H,E2,2026-10-10,16:00,Stockport,Barnsley,1X2,H,主胜 Stockport,0.6287312376011325,0.6642286103078754,0.6535793984958524,average,market_avg,1.530035986907482,1.5759370665147063,1.41,1.41,-0.07845304812084808,1.0,False,,英甲,False
20261010-E2-Stockport-Barnsley-D,E2,2026-10-10,16:00,Stockport,Barnsley,1X2,D,平局,0.19585915517639166,0.189204513239213,0.19120090582036658,average,market_avg,5.230100745126704,5.387003767480505,4.95,4.95,-0.053555516189185415,1.0,False,,英甲,False
20261010-E2-Stockport-Barnsley-A,E2,2026-10-10,16:00,Stockport,Barnsley,1X2,A,客胜 Barnsley,0.17540960722247584,0.14656687645291147,0.15521969568378077,average,market_avg,6.442481384818821,6.635755826363386,6.39,6.39,-0.00814614458064089,1.0,False,,英甲,False
20261010-E2-Stockport-Barnsley-O25,E2,2026-10-10,16:00,Stockport,Barnsley,OU25,O25,大于 2.5 球,0.6465821935068574,0.6713947990543735,0.6639510173901186,average,market_avg,1.5061352024594137,1.551319258533196,1.39,1.39,-0.0771080858277352,1.0,False,,英甲,False
20261010-E2-Stockport-Barnsley-U25,E2,2026-10-10,16:00,Stockport,Barnsley,OU25,U25,小于 2.5 球,0.3534178064931426,0.32860520094562645,0.33604898260988125,average,market_avg,2.9757566656909016,3.0650293656616285,2.84,2.84,-0.04562088938793729,1.0,False,,英甲,False
20261010-E2-Stockport-Barnsley-HO25,E2,2026-10-10,16:00,Stockport,Barnsley,1X2+OU25,H&O25,主胜 Stockport + 大于 2.5 球,0.46051299865564616,0.4990750372504996,0.48737467435341425,average,,2.0518095268833383,2.1133638126898386,,,,1.0,False,2.3044410609110892,英甲,False
20261010-E2-Stockport-Barnsley-HU25,E2,2026-10-10,16:00,Stockport,Barnsley,1X2+OU25,H&U25,主胜 Stockport + 小于 2.5 球,0.16821823894548626,0.16515357305753164,0.16620472414254878,average,,6.016676151409091,6.197176435951364,,,,1.0,False,4.553014786786896,英甲,False
20261010-E2-Stockport-Barnsley-DO25,E2,2026-10-10,16:00,Stockport,Barnsley,1X2+OU25,D&O25,平局 + 大于 2.5 球,0.07095735121656041,0.07292133803905067,0.07233378704160187,average,,13.824798077070989,14.23954201938312,,,,1.0,False,7.8772388446445385,英甲,False
20261010-E2-Stockport-Barnsley-DU25,E2,2026-10-10,16:00,Stockport,Barnsley,1X2+OU25,D&U25,平局 + 小于 2.5 球,0.12490180395983128,0.11628317520000368,0.11886711877865191,average,,8.412755438803453,8.665138101967557,,,,1.0,False,15.56350715454574,英甲,False
20261010-E2-Stockport-Barnsley-AO25,E2,2026-10-10,16:00,Stockport,Barnsley,1X2+OU25,A&O25,客胜 Barnsley + 大于 2.5 球,0.11511184363465086,0.09939842376482323,0.10424255599510258,average,,9.59301113114476,9.880801465079102,,,,1.0,False,9.703248004865099,英甲,False
20261010-E2-Stockport-Barnsley-AU25,E2,2026-10-10,16:00,Stockport,Barnsley,1X2+OU25,A&U25,客胜 Barnsley + 小于 2.5 球,0.06029776358782496,0.047168452688091174,0.050977139688680666,average,,19.616636125664133,20.205135209434058,,,,1.0,False,19.171256924464156,英甲,False
20261010-E2-Wycombe-Luton-H,E2,2026-10-10,16:00,Wycombe,Luton,1X2,H,主胜 Wycombe,0.4636341679172955,0.3593028379326664,0.39060223692805507,average,market_avg,2.5601491887620442,2.636953664424906,2.6,2.6,0.015565816012943268,1.0,False,,英甲,False
20261010-E2-Wycombe-Luton-D,E2,2026-10-10,16:00,Wycombe,Luton,1X2,D,平局,0.23307040936877085,0.2609461951466292,0.25258345941327165,average,market_avg,3.959087433210824,4.0778600562071485,3.58,3.58,-0.09575121530048747,1.0,False,,英甲,False
20261010-E2-Wycombe-Luton-A,E2,2026-10-10,16:00,Wycombe,Luton,1X2,A,客胜 Luton,0.3032954227139336,0.3797509669207043,0.35681430365867306,average,market_avg,2.8025782311591283,2.8866555780939023,2.46,2.46,-0.12223681299966427,1.0,False,,英甲,False
20261010-E2-Wycombe-Luton-O25,E2,2026-10-10,16:00,Wycombe,Luton,OU25,O25,大于 2.5 球,0.6125962876060618,0.5684210526315789,0.5816736231239238,average,market_avg,1.7191771471936816,1.770752461609492,1.64,1.64,-0.04605525807676503,1.0,False,,英甲,False
20261010-E2-Wycombe-Luton-U25,E2,2026-10-10,16:00,Wycombe,Luton,OU25,U25,小于 2.5 球,0.3874037123939382,0.431578947368421,0.41832637687607616,average,market_avg,2.39047799822634,2.4621923381731303,2.16,2.16,-0.09641502594767548,1.0,False,,英甲,False
20261010-E2-Wycombe-Luton-HO25,E2,2026-10-10,16:00,Wycombe,Luton,1X2+OU25,H&O25,主胜 Wycombe + 大于 2.5 球,0.32350760405907947,0.239164871004308,0.263789715912102,average,,3.790898354556068,3.90462530519275,,,,1.0,False,4.40134997872615,英甲,False
20261010-E2-Wycombe-Luton-HU25,E2,2026-10-10,16:00,Wycombe,Luton,1X2+OU25,H&U25,主胜 Wycombe + 小于 2.5 球,0.14012656385821612,0.12013796692829518,0.12681252101541826,average,,7.885656652771826,8.12222635235498,,,,1.0,False,6.119980307912679,英甲,False
20261010-E2-Wycombe-Luton-DO25,E2,2026-10-10,16:00,Wycombe,Luton,1X2+OU25,D&O25,平局 + 大于 2.5 球,0.0849739614207959,0.08637218446466043,0.08607920676915261,average,,11.617207424805876,11.965723647550053,,,,1.0,False,6.80637263891774,英甲,False
20261010-E2-Wycombe-Luton-DU25,E2,2026-10-10,16:00,Wycombe,Luton,1X2+OU25,D&U25,平局 + 小于 2.5 球,0.1480964479479749,0.1745740106820809,0.16650425264500857,average,,6.005852608053359,6.186028186294959,,,,1.0,False,9.46411140214487,英甲,False
20261010-E2-Wycombe-Luton-AO25,E2,2026-10-10,16:00,Wycombe,Luton,1X2+OU25,A&O25,客胜 Luton + 大于 2.5 球,0.20411472212618662,0.24288399716261047,0.23180470044266918,average,,4.313976369289905,4.443395660368602,,,,1.0,False,4.818128448231264,英甲,False
20261010-E2-Wycombe-Luton-AU25,E2,2026-10-10,16:00,Wycombe,Luton,1X2+OU25,A&U25,客胜 Luton + 小于 2.5 球,0.09918070058774703,0.13686696975804497,0.12500960321564933,average,,7.999385441412352,8.239367004654722,,,,1.0,False,6.699501599893989,英甲,False
20261010-E3-Oldham-Accrington-H,E3,2026-10-10,13:30,Oldham,Accrington,1X2,H,主胜 Oldham,0.5297482605417473,0.569065011175762,0.5572699859855575,average,market_avg,1.7944623345028248,1.8482962045379094,1.64,1.64,-0.0860772229836857,1.0,False,,英乙,False
20261010-E3-Oldham-Accrington-D,E3,2026-10-10,13:30,Oldham,Accrington,1X2,D,平局,0.2576612795487758,0.23929913290467947,0.24480777689790834,average,market_avg,4.084837551615151,4.207382678163605,3.9,3.9,-0.0452496700981575,1.0,False,,英乙,False
20261010-E3-Oldham-Accrington-A,E3,2026-10-10,13:30,Oldham,Accrington,1X2,A,客胜 Accrington,0.2125904599094767,0.19163585591955848,0.19792223711653395,average,market_avg,5.052489374456765,5.204064055690467,4.87,4.87,-0.03611870524247962,1.0,False,,英乙,False
20261010-E3-Oldham-Accrington-O25,E3,2026-10-10,13:30,Oldham,Accrington,OU25,O25,大于 2.5 球,0.4415466458856467,0.5320855614973262,0.5049238868138224,average,market_avg,1.9804965186143473,2.039911414172778,1.75,1.75,-0.11638319807581077,1.0,False,,英乙,False
20261010-E3-Oldham-Accrington-U25,E3,2026-10-10,13:30,Oldham,Accrington,OU25,U25,小于 2.5 球,0.5584533541143533,0.4679144385026738,0.4950761131861776,average,market_avg,2.0198914335904172,2.08048817659813,1.99,1.99,-0.014798534759506543,1.0,False,,英乙,False
20261010-E3-Oldham-Accrington-HO25,E3,2026-10-10,13:30,Oldham,Accrington,1X2+OU25,H&O25,主胜 Oldham + 大于 2.5 球,0.290372898689871,0.36215069657059257,0.34025876044206127,average,,2.9389397607303587,3.0271079535522696,,,,1.0,False,3.5539264062674185,英乙,False
20261010-E3-Oldham-Accrington-HU25,E3,2026-10-10,13:30,Oldham,Accrington,1X2+OU25,H&U25,主胜 Oldham + 小于 2.5 球,0.23937536185187638,0.2069143146054237,0.2170112255436354,average,,4.60805655327229,4.746298249870459,,,,1.0,False,3.6246190973629178,英乙,False
20261010-E3-Oldham-Accrington-DO25,E3,2026-10-10,13:30,Oldham,Accrington,1X2+OU25,D&O25,平局 + 大于 2.5 球,0.0482413910554175,0.05969525004623084,0.05616767074682873,average,,17.803836027087893,18.33795110790053,,,,1.0,False,8.09000655007896,英乙,False
20261010-E3-Oldham-Accrington-DU25,E3,2026-10-10,13:30,Oldham,Accrington,1X2+OU25,D&U25,平局 + 小于 2.5 球,0.2094198884933583,0.17960388285815904,0.1886401061509204,average,,5.301099646328422,5.460132635718274,,,,1.0,False,8.250928378115898,英乙,False
20261010-E3-Oldham-Accrington-AO25,E3,2026-10-10,13:30,Oldham,Accrington,1X2+OU25,A&O25,客胜 Accrington + 大于 2.5 球,0.10293235614035826,0.1102396148805028,0.10849745562493235,average,,9.216806000104977,9.493310180108127,,,,1.0,False,10.006437616447602,英乙,False
20261010-E3-Oldham-Accrington-AU25,E3,2026-10-10,13:30,Oldham,Accrington,1X2+OU25,A&U25,客胜 Accrington + 小于 2.5 球,0.10965810376911844,0.08139624103909111,0.08942478149162186,average,,11.18258253830555,11.518060014454717,,,,1.0,False,10.205480005771825,英乙,False
20261010-E3-Swindon-Crewe-H,E3,2026-10-10,13:30,Swindon,Crewe,1X2,H,主胜 Swindon,0.42444230599441224,0.3671548117154812,0.38434105999916046,average,market_avg,2.601855758013948,2.6799114307543666,2.54,2.54,-0.023773707602132377,1.0,False,,英乙,False
20261010-E3-Swindon-Crewe-D,E3,2026-10-10,13:30,Swindon,Crewe,1X2,D,平局,0.26476283209683554,0.2656903765690377,0.26541211322737707,average,market_avg,3.7677255489213697,3.880757315389011,3.51,3.51,-0.06840348257190654,1.0,False,,英乙,False
20261010-E3-Swindon-Crewe-A,E3,2026-10-10,13:30,Swindon,Crewe,1X2,A,客胜 Crewe,0.31079486190875205,0.3671548117154812,0.3502468267734624,average,market_avg,2.8551293646602947,2.9407832456001035,2.54,2.54,-0.11037305999540548,1.0,False,,英乙,False
20261010-E3-Swindon-Crewe-O25,E3,2026-10-10,13:30,Swindon,Crewe,OU25,O25,大于 2.5 球,0.4800186972218884,0.5439999999999999,0.5248056091665665,average,market_avg,1.9054674388638497,1.9626314620297654,1.71,1.71,-0.10258240832517129,1.0,False,,英乙,False
20261010-E3-Swindon-Crewe-U25,E3,2026-10-10,13:30,Swindon,Crewe,OU25,U25,小于 2.5 球,0.5199813027781116,0.45599999999999996,0.4751943908334334,average,market_avg,2.1044019443203466,2.167534002649957,2.04,2.04,-0.03060344269979587,1.0,False,,英乙,False
20261010-E3-Swindon-Crewe-HO25,E3,2026-10-10,13:30,Swindon,Crewe,1X2+OU25,H&O25,主胜 Swindon + 大于 2.5 球,0.24467187897372994,0.23674330462397516,0.2400867301390331,average,,4.165161479024287,4.290116323395016,,,,1.0,False,4.957751427515999,英乙,False
20261010-E3-Swindon-Crewe-HU25,E3,2026-10-10,13:30,Swindon,Crewe,1X2+OU25,H&U25,主胜 Swindon + 小于 2.5 球,0.17977042702068236,0.1304115070919367,0.1442543298603885,average,,6.932200932670894,7.140166960651022,,,,1.0,False,5.475350316005642,英乙,False
20261010-E3-Swindon-Crewe-DO25,E3,2026-10-10,13:30,Swindon,Crewe,1X2+OU25,D&O25,平局 + 大于 2.5 球,0.0626266681988074,0.07769061646460228,0.07292670510850707,average,,13.712397927646776,14.12376986547618,,,,1.0,False,7.179278352045095,英乙,False
20261010-E3-Swindon-Crewe-DU25,E3,2026-10-10,13:30,Swindon,Crewe,1X2+OU25,D&U25,平局 + 小于 2.5 球,0.20213616389802813,0.18799976010365763,0.19248540811841863,average,,5.19519900118762,5.35105497122325,,,,1.0,False,7.9288089708155765,英乙,False
20261010-E3-Swindon-Crewe-AO25,E3,2026-10-10,13:30,Swindon,Crewe,1X2+OU25,A&O25,客胜 Crewe + 大于 2.5 球,0.17272015004935104,0.2295660789114226,0.21179217391902644,average,,4.721609781399787,4.86325807484178,,,,1.0,False,5.440356038104222,英乙,False
20261010-E3-Swindon-Crewe-AU25,E3,2026-10-10,13:30,Swindon,Crewe,1X2+OU25,A&U25,客胜 Crewe + 小于 2.5 球,0.13807471185940107,0.1375887328044057,0.1384546528546263,average,,7.222581396740588,7.439258838642806,,,,1.0,False,6.00833978627724,英乙,False
20261010-E3-BristolRvs-Barnet-H,E3,2026-10-10,16:00,Bristol Rvs,Barnet,1X2,H,主胜 Bristol Rvs,0.3265524636543362,0.4230583306477602,0.39410657054973297,average,market_avg,2.5373847449564617,2.6135062873051558,2.2,2.2,-0.13296554479058742,1.0,False,,英乙,False
20261010-E3-BristolRvs-Barnet-D,E3,2026-10-10,16:00,Bristol Rvs,Barnet,1X2,D,平局,0.23507652771857362,0.2614405414115372,0.25353133730364813,average,market_avg,3.9442855886581194,4.0626141563178635,3.56,3.56,-0.09742843919901267,1.0,False,,英乙,False
20261010-E3-BristolRvs-Barnet-A,E3,2026-10-10,16:00,Bristol Rvs,Barnet,1X2,A,客胜 Barnet,0.4383710086270901,0.3155011279407025,0.35236209214661873,average,market_avg,2.837989733537788,2.9231294255439217,2.95,2.95,0.03946817183252538,1.0,True,,英乙,False
20261010-E3-BristolRvs-Barnet-O25,E3,2026-10-10,16:00,Bristol Rvs,Barnet,OU25,O25,大于 2.5 球,0.6173879194083015,0.557029177718833,0.5751368002256736,average,market_avg,1.73871677070154,1.7908782738225864,1.67,1.67,-0.0395215436231251,1.0,False,,英乙,False
20261010-E3-BristolRvs-Barnet-U25,E3,2026-10-10,16:00,Bristol Rvs,Barnet,OU25,U25,小于 2.5 球,0.3826120805916985,0.44297082228116713,0.4248631997743265,average,market_avg,2.3536987918256216,2.4243097555803903,2.1,2.1,-0.10778728047391428,1.0,False,,英乙,False
20261010-E3-BristolRvs-Barnet-HO25,E3,2026-10-10,16:00,Bristol Rvs,Barnet,1X2+OU25,H&O25,主胜 Bristol Rvs + 大于 2.5 球,0.223164548924357,0.2677913856368067,0.25547973055418927,average,,3.914204848387736,4.031630993839368,,,,1.0,False,4.41179340977805,英乙,False
20261010-E3-BristolRvs-Barnet-HU25,E3,2026-10-10,16:00,Bristol Rvs,Barnet,1X2+OU25,H&U25,主胜 Bristol Rvs + 小于 2.5 球,0.10338791472997927,0.1552669450108772,0.138626839995497,average,,7.2136102938830815,7.430018602699574,,,,1.0,False,5.972239408600787,英乙,False
20261010-E3-BristolRvs-Barnet-DO25,E3,2026-10-10,16:00,Bristol Rvs,Barnet,1X2+OU25,D&O25,平局 + 大于 2.5 球,0.08729017575532576,0.08382507945290404,0.08499303665900466,average,,11.76566974553502,12.118639837901071,,,,1.0,False,6.857995501436268,英乙,False
20261010-E3-BristolRvs-Barnet-DU25,E3,2026-10-10,16:00,Bristol Rvs,Barnet,1X2+OU25,D&U25,平局 + 小于 2.5 球,0.14778635196324785,0.17761546195877997,0.1685383006447424,average,,5.933369425077298,6.1113705078296165,,,,1.0,False,9.283660224639826,英乙,False
20261010-E3-BristolRvs-Barnet-AO25,E3,2026-10-10,16:00,Bristol Rvs,Barnet,1X2+OU25,A&O25,客胜 Barnet + 大于 2.5 球,0.3069331947286188,0.2054127126291221,0.23466403301247968,average,,4.261411462006276,4.389253805866464,,,,1.0,False,4.934460344780947,英乙,False
20261010-E3-BristolRvs-Barnet-AU25,E3,2026-10-10,16:00,Bristol Rvs,Barnet,1X2+OU25,A&U25,客胜 Barnet + 小于 2.5 球,0.13143781389847134,0.11008841531150991,0.11769805913408714,average,,8.496316824228623,8.751206328955483,,,,1.0,False,6.679773007041409,英乙,False
20261010-E3-Cheltenham-Salford-H,E3,2026-10-10,16:00,Cheltenham,Salford,1X2,H,主胜 Cheltenham,0.31692663447702574,0.24650893619453507,0.26763424567928223,average,market_avg,3.7364426120502663,3.8485358904117746,3.78,3.78,0.01165744866768681,1.0,False,,英乙,False
20261010-E3-Cheltenham-Salford-D,E3,2026-10-10,16:00,Cheltenham,Salford,1X2,D,平局,0.2527494865899135,0.24981334552690146,0.25069418784580505,average,market_avg,3.988923750458355,4.108591462972106,3.73,3.73,-0.06491067933514716,1.0,False,,英乙,False
20261010-E3-Cheltenham-Salford-A,E3,2026-10-10,16:00,Cheltenham,Salford,1X2,A,客胜 Salford,0.4303238789330607,0.5036777182785633,0.4816715664749125,average,market_avg,2.0761034480786282,2.1383865515209872,1.85,1.85,-0.10890760202141181,1.0,False,,英乙,False
20261010-E3-Cheltenham-Salford-O25,E3,2026-10-10,16:00,Cheltenham,Salford,OU25,O25,大于 2.5 球,0.5326899725212265,0.5558510638297872,0.548902736437219,average,market_avg,1.8218163867987485,1.8764708784027109,1.67,1.67,-0.08333243014984437,1.0,False,,英乙,False
20261010-E3-Cheltenham-Salford-U25,E3,2026-10-10,16:00,Cheltenham,Salford,OU25,U25,小于 2.5 球,0.4673100274787735,0.4441489361702128,0.451097263562781,average,market_avg,2.2168168170694877,2.2833213215815724,2.09,2.09,-0.05720671915378772,1.0,False,,英乙,False
20261010-E3-Cheltenham-Salford-HO25,E3,2026-10-10,16:00,Cheltenham,Salford,1X2+OU25,H&O25,主胜 Cheltenham + 大于 2.5 球,0.1918841180474377,0.15459353875623916,0.1661070803993371,average,,6.020212971029926,6.200819360160824,,,,1.0,False,6.807112378966294,英乙,False
20261010-E3-Cheltenham-Salford-HU25,E3,2026-10-10,16:00,Cheltenham,Salford,1X2+OU25,H&U25,主胜 Cheltenham + 小于 2.5 球,0.12504251642958797,0.0919153974383287,0.10152716528021842,average,,9.849580624456184,10.14506804318987,,,,1.0,False,8.283008818408074,英乙,False
20261010-E3-Cheltenham-Salford-DO25,E3,2026-10-10,16:00,Cheltenham,Salford,1X2+OU25,D&O25,平局 + 大于 2.5 球,0.07189961654754419,0.07581744358677978,0.07462885571649476,average,,13.39964267707479,13.801631957387032,,,,1.0,False,7.267086654275753,英乙,False
20261010-E3-Cheltenham-Salford-DU25,E3,2026-10-10,16:00,Cheltenham,Salford,1X2+OU25,D&U25,平局 + 小于 2.5 球,0.1808498700423693,0.17399590194000425,0.17606533212841427,average,,5.679709843563321,5.850101138870221,,,,1.0,False,8.842713252023973,英乙,False
20261010-E3-Cheltenham-Salford-AO25,E3,2026-10-10,16:00,Cheltenham,Salford,1X2+OU25,A&O25,客胜 Salford + 大于 2.5 球,0.2689062379262448,0.32544008148676834,0.3081668003213872,average,,3.244995888450994,3.342345765104524,,,,1.0,False,3.782279282399029,英乙,False
20261010-E3-Cheltenham-Salford-AU25,E3,2026-10-10,16:00,Cheltenham,Salford,1X2+OU25,A&U25,客胜 Salford + 小于 2.5 球,0.16141764100681594,0.17823763679187984,0.17350476615414834,average,,5.763530433000102,5.9364363459901055,,,,1.0,False,4.602341037676653,英乙,False
20261010-E3-CrawleyTown-Chesterfield-H,E3,2026-10-10,16:00,Crawley Town,Chesterfield,1X2,H,主胜 Crawley Town,0.21657797483121471,0.20179672193816603,0.20623109780608062,average,market_avg,4.8489292383067335,4.994397115455936,4.64,4.64,-0.04308770617978597,1.0,False,,英乙,False
20261010-E3-CrawleyTown-Chesterfield-D,E3,2026-10-10,16:00,Crawley Town,Chesterfield,1X2,D,平局,0.24614692384148032,0.22726621111482775,0.2329304249328235,average,market_avg,4.293127444765522,4.4219212681084885,4.12,4.12,-0.0403266492767671,1.0,False,,英乙,False
20261010-E3-CrawleyTown-Chesterfield-A,E3,2026-10-10,16:00,Crawley Town,Chesterfield,1X2,A,客胜 Chesterfield,0.537275101327305,0.5709370669470063,0.5608384772610959,average,market_avg,1.7830445672764608,1.8365359042947547,1.64,1.64,-0.08022489729180271,1.0,False,,英乙,False
20261010-E3-CrawleyTown-Chesterfield-O25,E3,2026-10-10,16:00,Crawley Town,Chesterfield,OU25,O25,大于 2.5 球,0.4888108991283806,0.6041131105398457,0.5695224471164062,average,market_avg,1.7558570431476028,1.8085327544420309,1.54,1.54,-0.12293543144073438,1.0,False,,英乙,False
20261010-E3-CrawleyTown-Chesterfield-U25,E3,2026-10-10,16:00,Crawley Town,Chesterfield,OU25,U25,小于 2.5 球,0.5111891008716194,0.39588688946015427,0.4304775528835938,average,market_avg,2.3230014975261946,2.3926915424519803,2.35,2.35,0.011622249276445507,1.0,False,,英乙,False
20261010-E3-CrawleyTown-Chesterfield-HO25,E3,2026-10-10,16:00,Crawley Town,Chesterfield,1X2+OU25,H&O25,主胜 Crawley Town + 大于 2.5 球,0.11488536824434707,0.13047170357670185,0.12624564123105375,average,,7.921065553224195,8.15869751982092,,,,1.0,False,8.51402655480522,英乙,False
20261010-E3-CrawleyTown-Chesterfield-HU25,E3,2026-10-10,16:00,Crawley Town,Chesterfield,1X2+OU25,H&U25,主胜 Crawley Town + 小于 2.5 球,0.10169260658686766,0.07132501836150129,0.07998545657504963,average,,12.50227282333144,12.877341008031383,,,,1.0,False,11.264069881985092,英乙,False
20261010-E3-CrawleyTown-Chesterfield-DO25,E3,2026-10-10,16:00,Crawley Town,Chesterfield,1X2+OU25,D&O25,平局 + 大于 2.5 球,0.05560927534117378,0.07293309676562058,0.06746777997886556,average,,14.821889801520848,15.266546495566475,,,,1.0,False,7.538118061021814,英乙,False
20261010-E3-CrawleyTown-Chesterfield-DU25,E3,2026-10-10,16:00,Crawley Town,Chesterfield,1X2+OU25,D&U25,平局 + 小于 2.5 球,0.19053764850030655,0.1543331143489281,0.16546264495378887,average,,6.043660188553642,6.224969994210252,,,,1.0,False,9.972941483261113,英乙,False
20261010-E3-CrawleyTown-Chesterfield-AO25,E3,2026-10-10,16:00,Crawley Town,Chesterfield,1X2+OU25,A&O25,客胜 Chesterfield + 大于 2.5 球,0.31831625554285986,0.4007083101975233,0.37580902590648685,average,,2.6609259785283377,2.740753757884188,,,,1.0,False,3.130771361698444,英乙,False
20261010-E3-CrawleyTown-Chesterfield-AU25,E3,2026-10-10,16:00,Crawley Town,Chesterfield,1X2+OU25,A&U25,客胜 Chesterfield + 小于 2.5 球,0.21895884578444524,0.1702287567497249,0.1850294513547553,average,,5.404545020688134,5.566681371308778,,,,1.0,False,4.142015199939165,英乙,False
20261010-E3-FleetwoodTown-Walsall-H,E3,2026-10-10,16:00,Fleetwood Town,Walsall,1X2,H,主胜 Fleetwood Town,0.3721717880482573,0.4111854676738684,0.39948136378618504,average,market_avg,2.503245684660352,2.578343055200163,2.27,2.27,-0.09317730420535997,1.0,False,,英乙,False
20261010-E3-FleetwoodTown-Walsall-D,E3,2026-10-10,16:00,Fleetwood Town,Walsall,1X2,D,平局,0.28093955184887326,0.2713345964010701,0.27421608303541106,average,market_avg,3.6467591139461515,3.756161887364536,3.44,3.44,-0.05669667435818593,1.0,False,,英乙,False
20261010-E3-FleetwoodTown-Walsall-A,E3,2026-10-10,16:00,Fleetwood Town,Walsall,1X2,A,客胜 Walsall,0.3468886601028695,0.31747993592506163,0.32630255317840395,average,market_avg,3.0646404395532145,3.156579652739811,2.94,2.94,-0.04067049365549236,1.0,False,,英乙,False
20261010-E3-FleetwoodTown-Walsall-O25,E3,2026-10-10,16:00,Fleetwood Town,Walsall,OU25,O25,大于 2.5 球,0.4246255704668432,0.5161290322580646,0.48867799372069815,average,market_avg,2.0463372872312022,2.1077274058481383,1.8,1.8,-0.12037961130274333,1.0,False,,英乙,False
20261010-E3-FleetwoodTown-Walsall-U25,E3,2026-10-10,16:00,Fleetwood Town,Walsall,OU25,U25,小于 2.5 球,0.5753744295331569,0.48387096774193555,0.5113220062793019,average,market_avg,1.9557147701829307,2.0143862132884185,1.92,1.92,-0.01826174794374036,1.0,False,,英乙,False
20261010-E3-FleetwoodTown-Walsall-HO25,E3,2026-10-10,16:00,Fleetwood Town,Walsall,1X2+OU25,H&O25,主胜 Fleetwood Town + 大于 2.5 球,0.19255824795568943,0.2520666131791142,0.23368763335588083,average,,4.279216600551168,4.407593098567703,,,,1.0,False,5.122484983621079,英乙,False
20261010-E3-FleetwoodTown-Walsall-HU25,E3,2026-10-10,16:00,Fleetwood Town,Walsall,1X2+OU25,H&U25,主胜 Fleetwood Town + 小于 2.5 球,0.1796135400925679,0.1591188544948463,0.16579373043079074,average,,6.0315911669376545,6.212538901945784,,,,1.0,False,4.895634558886933,英乙,False
20261010-E3-FleetwoodTown-Walsall-DO25,E3,2026-10-10,16:00,Fleetwood Town,Walsall,1X2+OU25,D&O25,平局 + 大于 2.5 球,0.05425476551219948,0.07088946014126693,0.06563494472984888,average,,15.235786426208856,15.692860018995122,,,,1.0,False,7.462499152418231,英乙,False
20261010-E3-FleetwoodTown-Walsall-DU25,E3,2026-10-10,16:00,Fleetwood Town,Walsall,1X2+OU25,D&U25,平局 + 小于 2.5 球,0.22668478633667374,0.20044513625964322,0.20858113830469752,average,,4.794297356548077,4.9381262772445185,,,,1.0,False,7.132020662443706,英乙,False
20261010-E3-FleetwoodTown-Walsall-AO25,E3,2026-10-10,16:00,Fleetwood Town,Walsall,1X2+OU25,A&O25,客胜 Walsall + 大于 2.5 球,0.17781255699895432,0.19317295893768346,0.1893554156349684,average,,5.281074199260078,5.43950642523788,,,,1.0,False,6.271288003414364,英乙,False
20261010-E3-FleetwoodTown-Walsall-AU25,E3,2026-10-10,16:00,Fleetwood Town,Walsall,1X2+OU25,A&U25,客胜 Walsall + 小于 2.5 球,0.16907610310391513,0.12430697698744596,0.13694713754381369,average,,7.30208763713713,7.521150266251244,,,,1.0,False,5.99356257293413,英乙,False
20261010-E3-NewportCounty-Colchester-H,E3,2026-10-10,16:00,Newport County,Colchester,1X2,H,主胜 Newport County,0.2865175840644162,0.3533668466455657,0.33331206787122086,average,market_avg,3.000191401369728,3.09019714341082,2.64,2.64,-0.12005614081997684,1.0,False,,英乙,False
20261010-E3-NewportCounty-Colchester-D,E3,2026-10-10,16:00,Newport County,Colchester,1X2,D,平局,0.2698120688772736,0.27197914727238875,0.2713290237538542,average,market_avg,3.6855622231817913,3.7961290898772453,3.43,3.43,-0.06934144852428004,1.0,False,,英乙,False
20261010-E3-NewportCounty-Colchester-A,E3,2026-10-10,16:00,Newport County,Colchester,1X2,A,客胜 Colchester,0.4436703470583103,0.3746540060820456,0.395358908374925,average,market_avg,2.529347331796264,2.6052277517501516,2.49,2.49,-0.015556318146436654,1.0,False,,英乙,False
20261010-E3-NewportCounty-Colchester-O25,E3,2026-10-10,16:00,Newport County,Colchester,OU25,O25,大于 2.5 球,0.4503899353604727,0.5227882037533512,0.5010687232354876,average,market_avg,1.995734224923932,2.0556062516716502,1.78,1.78,-0.10809767264083214,1.0,False,,英乙,False
20261010-E3-NewportCounty-Colchester-U25,E3,2026-10-10,16:00,Newport County,Colchester,OU25,U25,小于 2.5 球,0.5496100646395272,0.47721179624664883,0.4989312767645123,average,market_avg,2.0042840498692254,2.064412571365302,1.95,1.95,-0.027084010309201045,1.0,False,,英乙,False
20261010-E3-NewportCounty-Colchester-HO25,E3,2026-10-10,16:00,Newport County,Colchester,1X2+OU25,H&O25,主胜 Newport County + 大于 2.5 球,0.14939778843084947,0.21304616998202927,0.19292411915234856,average,,5.183385075923653,5.3388866282013625,,,,1.0,False,5.98758466103606,英乙,False
20261010-E3-NewportCounty-Colchester-HU25,E3,2026-10-10,16:00,Newport County,Colchester,1X2+OU25,H&U25,主胜 Newport County + 小于 2.5 球,0.13711979563356677,0.1403206766635919,0.140387948719162,average,,7.123118537763113,7.336812093896006,,,,1.0,False,6.013235772320145,英乙,False
20261010-E3-NewportCounty-Colchester-DO25,E3,2026-10-10,16:00,Newport County,Colchester,1X2+OU25,D&O25,平局 + 大于 2.5 球,0.056466020586633255,0.07328260983987224,0.06790684660502137,average,,14.726055618757814,15.167837287320548,,,,1.0,False,7.355402666890636,英乙,False
20261010-E3-NewportCounty-Colchester-DU25,E3,2026-10-10,16:00,Newport County,Colchester,1X2+OU25,D&U25,平局 + 小于 2.5 球,0.2133460482906403,0.19869653743238158,0.20342217714807193,average,,4.915884855917629,5.0633614015951585,,,,1.0,False,7.386913578723827,英乙,False
20261010-E3-NewportCounty-Colchester-AO25,E3,2026-10-10,16:00,Newport County,Colchester,1X2+OU25,A&O25,客胜 Colchester + 大于 2.5 球,0.24452612634299,0.23645942393144972,0.2402377574781177,average,,4.162543017789725,4.2874193083234164,,,,1.0,False,5.047905036785832,英乙,False
20261010-E3-NewportCounty-Colchester-AU25,E3,2026-10-10,16:00,Newport County,Colchester,1X2+OU25,A&U25,客胜 Colchester + 小于 2.5 球,0.19914422071532026,0.1381945821506754,0.15512115089727846,average,,6.446574140377556,6.639971364588883,,,,1.0,False,5.069530513698534,英乙,False
20261010-E3-PortVale-Grimsby-H,E3,2026-10-10,16:00,Port Vale,Grimsby,1X2,H,主胜 Port Vale,0.3724908662183508,0.37248733470270545,0.3724883941573991,average,market_avg,2.6846474029401275,2.7651868250283314,2.5,2.5,-0.06877901460650226,1.0,False,,英乙,False
20261010-E3-PortVale-Grimsby-D,E3,2026-10-10,16:00,Port Vale,Grimsby,1X2,D,平局,0.28189668310050037,0.2813348449416204,0.2815033963892844,average,market_avg,3.5523550082398425,3.6589256584870378,3.31,3.31,-0.06822375795146862,1.0,False,,英乙,False
20261010-E3-PortVale-Grimsby-A,E3,2026-10-10,16:00,Port Vale,Grimsby,1X2,A,客胜 Grimsby,0.3456124506811489,0.34617782035567424,0.3460082094533166,average,market_avg,2.8901048376279057,2.976807982756743,2.69,2.69,-0.06923791657057832,1.0,False,,英乙,False
20261010-E3-PortVale-Grimsby-O25,E3,2026-10-10,16:00,Port Vale,Grimsby,OU25,O25,大于 2.5 球,0.4209791448854789,0.4865591397849462,0.46688514131510594,average,market_avg,2.1418544123791015,2.2061100447504747,1.91,1.91,-0.10824938008814766,1.0,False,,英乙,False
20261010-E3-PortVale-Grimsby-U25,E3,2026-10-10,16:00,Port Vale,Grimsby,OU25,U25,小于 2.5 球,0.5790208551145211,0.5134408602150538,0.5331148586848939,average,market_avg,1.8757683896990498,1.9320414413900213,1.81,1.81,-0.03506210578034197,1.0,False,,英乙,False
20261010-E3-PortVale-Grimsby-HO25,E3,2026-10-10,16:00,Port Vale,Grimsby,1X2+OU25,H&O25,主胜 Port Vale + 大于 2.5 球,0.1914653788376462,0.21821488170665165,0.21031093697009792,average,,4.754864461196235,4.897510395032122,,,,1.0,False,5.7501238856694075,英乙,False
20261010-E3-PortVale-Grimsby-HU25,E3,2026-10-10,16:00,Port Vale,Grimsby,1X2+OU25,H&U25,主胜 Port Vale + 小于 2.5 球,0.18102548738070456,0.15427245299611214,0.1621774571876178,average,,6.166085085691858,6.351067638262614,,,,1.0,False,5.035776735922739,英乙,False
20261010-E3-PortVale-Grimsby-DO25,E3,2026-10-10,16:00,Port Vale,Grimsby,1X2+OU25,D&O25,平局 + 大于 2.5 球,0.05363203917524314,0.06726470057792293,0.06295768962653894,average,,15.883683247144823,16.36019374455917,,,,1.0,False,7.608627248735505,英乙,False
20261010-E3-PortVale-Grimsby-DU25,E3,2026-10-10,16:00,Port Vale,Grimsby,1X2+OU25,D&U25,平局 + 小于 2.5 球,0.2282646439252572,0.21407014436358757,0.21854570676214982,average,,4.5757018740630375,4.712972930284929,,,,1.0,False,6.663395233445404,英乙,False
20261010-E3-PortVale-Grimsby-AO25,E3,2026-10-10,16:00,Port Vale,Grimsby,1X2+OU25,A&O25,客胜 Grimsby + 大于 2.5 球,0.17588172687258963,0.20107955750037168,0.19361651471846916,average,,5.16484867757311,5.3197941379003035,,,,1.0,False,6.190183798711516,英乙,False
20261010-E3-PortVale-Grimsby-AU25,E3,2026-10-10,16:00,Port Vale,Grimsby,1X2+OU25,A&U25,客胜 Grimsby + 小于 2.5 球,0.16973072380855936,0.1450982628553541,0.1523916947351264,average,,6.562037398022973,6.758898519963662,,,,1.0,False,5.42116729733873,英乙,False
20261010-E3-Rotherham-Gillingham-H,E3,2026-10-10,16:00,Rotherham,Gillingham,1X2,H,主胜 Rotherham,0.47465713503150264,0.493845881028811,0.4880892572296185,average,market_avg,2.0488055928048348,2.11026976058898,1.89,1.89,-0.07751130383602112,1.0,False,,英乙,False
20261010-E3-Rotherham-Gillingham-D,E3,2026-10-10,16:00,Rotherham,Gillingham,1X2,D,平局,0.2597906666328351,0.2674408925915337,0.2651458248039241,average,market_avg,3.7715095108116525,3.8846547961360023,3.49,3.49,-0.07464107143430476,1.0,False,,英乙,False
20261010-E3-Rotherham-Gillingham-A,E3,2026-10-10,16:00,Rotherham,Gillingham,1X2,A,客胜 Gillingham,0.26555219833566235,0.23871322637965542,0.2467649179664575,average,market_avg,4.052439902076879,4.174013099139185,3.91,3.91,-0.035149170751151204,1.0,False,,英乙,False
20261010-E3-Rotherham-Gillingham-O25,E3,2026-10-10,16:00,Rotherham,Gillingham,OU25,O25,大于 2.5 球,0.4771832600056029,0.4879356568364612,0.48470993778720367,average,market_avg,2.063089534671389,2.124982220711531,1.91,1.91,-0.07420401882644101,1.0,False,,英乙,False
20261010-E3-Rotherham-Gillingham-U25,E3,2026-10-10,16:00,Rotherham,Gillingham,OU25,U25,小于 2.5 球,0.522816739994397,0.5120643431635389,0.5152900622127963,average,market_avg,1.9406545426196011,1.9988741788981892,1.82,1.82,-0.0621720867727108,1.0,False,,英乙,False
20261010-E3-Rotherham-Gillingham-HO25,E3,2026-10-10,16:00,Rotherham,Gillingham,1X2+OU25,H&O25,主胜 Rotherham + 大于 2.5 球,0.27466212143945173,0.29231113530850455,0.2869655167909633,average,,3.484739250843293,3.589281428368592,,,,1.0,False,4.226869377091866,英乙,False
20261010-E3-Rotherham-Gillingham-HU25,E3,2026-10-10,16:00,Rotherham,Gillingham,1X2+OU25,H&U25,主胜 Rotherham + 小于 2.5 球,0.1999950135920509,0.20153474572042063,0.20112374043941228,average,,4.972063456135085,5.121225359819138,,,,1.0,False,3.9760238806211476,英乙,False
20261010-E3-Rotherham-Gillingham-DO25,E3,2026-10-10,16:00,Rotherham,Gillingham,1X2+OU25,D&O25,平局 + 大于 2.5 球,0.05924286146040517,0.06359644344127054,0.06226520801110326,average,,16.06033340194861,16.54214340400707,,,,1.0,False,7.7809618016691315,英乙,False
20261010-E3-Rotherham-Gillingham-DU25,E3,2026-10-10,16:00,Rotherham,Gillingham,1X2+OU25,D&U25,平局 + 小于 2.5 球,0.20054780517242993,0.20384444915011438,0.20288061679182517,average,,4.9290070969475375,5.076877309855964,,,,1.0,False,7.319197064689663,英乙,False
20261010-E3-Rotherham-Gillingham-AO25,E3,2026-10-10,16:00,Rotherham,Gillingham,1X2+OU25,A&O25,客胜 Gillingham + 大于 2.5 球,0.14327827710574592,0.13202807808668604,0.1354792129851372,average,,7.381206149386957,7.602642333868565,,,,1.0,False,8.360546351859558,英乙,False
20261010-E3-Rotherham-Gillingham-AU25,E3,2026-10-10,16:00,Rotherham,Gillingham,1X2+OU25,A&U25,客胜 Gillingham + 小于 2.5 球,0.12227392122991637,0.10668514829300392,0.1112857049815588,average,,8.98588008375119,9.255456486263727,,,,1.0,False,7.864385904658426,英乙,False
20261010-E3-Shrewsbury-Exeter-H,E3,2026-10-10,16:00,Shrewsbury,Exeter,1X2,H,主胜 Shrewsbury,0.2567116151302539,0.4113190749037209,0.3649368369716808,average,market_avg,2.7402002173806324,2.822406223902051,2.27,2.27,-0.1715933800742846,1.0,False,,英乙,False
20261010-E3-Shrewsbury-Exeter-D,E3,2026-10-10,16:00,Shrewsbury,Exeter,1X2,D,平局,0.4568368378991645,0.2855334250860692,0.3369244489299978,average,market_avg,2.9680244433901803,3.057065176691886,3.27,3.27,0.10174294800109274,1.0,True,,英乙,False
20261010-E3-Shrewsbury-Exeter-A,E3,2026-10-10,16:00,Shrewsbury,Exeter,1X2,A,客胜 Exeter,0.2864515469705815,0.3031475000102099,0.2981387140983214,average,market_avg,3.35414339940507,3.4547677013872224,3.08,3.08,-0.08173276057717016,1.0,False,,英乙,False
20261010-E3-Shrewsbury-Exeter-O25,E3,2026-10-10,16:00,Shrewsbury,Exeter,OU25,O25,大于 2.5 球,0.08842993954001428,0.44297082228116713,0.3366085574588213,average,tipico_partial,2.9708097962492652,3.0599340901367436,2.1,2.1,-0.29312202933647524,1.0,False,,英乙,False
20261010-E3-Shrewsbury-Exeter-U25,E3,2026-10-10,16:00,Shrewsbury,Exeter,OU25,U25,小于 2.5 球,0.9115700604599857,0.557029177718833,0.6633914425411788,average,tipico_partial,1.5074056369636195,1.5526278060725283,1.67,1.67,0.10786370904376841,1.0,True,,英乙,False
20261010-E3-Shrewsbury-Exeter-HO25,E3,2026-10-10,16:00,Shrewsbury,Exeter,1X2+OU25,H&O25,主胜 Shrewsbury + 大于 2.5 球,0.03798855793009757,0.236390221642097,0.17075576458424457,average,,5.8563176618651545,6.032007191721109,,,,1.0,False,8.140613649478748,英乙,False
20261010-E3-Shrewsbury-Exeter-HU25,E3,2026-10-10,16:00,Shrewsbury,Exeter,1X2+OU25,H&U25,主胜 Shrewsbury + 小于 2.5 球,0.21872305720015633,0.17492885326213795,0.19418107238773485,average,,5.149832513043447,5.30432748843475,,,,1.0,False,4.130593254088501,英乙,False
20261010-E3-Shrewsbury-Exeter-DO25,E3,2026-10-10,16:00,Shrewsbury,Exeter,1X2+OU25,D&O25,平局 + 大于 2.5 球,0.006696545646828578,0.029621270173127857,0.023599770836772716,average,,42.373292813581855,43.644491597989315,,,,1.0,False,8.817436091930821,英乙,False
20261010-E3-Shrewsbury-Exeter-DU25,E3,2026-10-10,16:00,Shrewsbury,Exeter,1X2+OU25,D&U25,平局 + 小于 2.5 球,0.450140292252336,0.25591215491202257,0.3133246780926653,average,,3.1915775229943795,3.287324848684211,,,,1.0,False,4.474016776612167,英乙,False
20261010-E3-Shrewsbury-Exeter-AO25,E3,2026-10-10,16:00,Shrewsbury,Exeter,1X2+OU25,A&O25,客胜 Exeter + 大于 2.5 球,0.04374483596308816,0.1769593304659422,0.14225302203780402,average,,7.029727633724702,7.2406194627364435,,,,1.0,False,9.964522068977395,英乙,False
20261010-E3-Shrewsbury-Exeter-AU25,E3,2026-10-10,16:00,Shrewsbury,Exeter,1X2+OU25,A&U25,客胜 Exeter + 小于 2.5 球,0.2427067110074933,0.12618816954467252,0.1558856920607785,average,,6.414956926323351,6.607405634113051,,,,1.0,False,5.05605466744752,英乙,False
20261010-E3-Tranmere-Rochdale-H,E3,2026-10-10,16:00,Tranmere,Rochdale,1X2,H,主胜 Tranmere,0.38950244598531847,0.4711970584229879,0.44668867469168705,average,market_avg,2.2386956658129264,2.305856535787314,1.98,1.98,-0.11555642411045963,1.0,False,,英乙,False
20261010-E3-Tranmere-Rochdale-D,E3,2026-10-10,16:00,Tranmere,Rochdale,1X2,D,平局,0.273355584989936,0.2696445594443688,0.27075786710803895,average,market_avg,3.6933368203885864,3.804136925000244,3.46,3.46,-0.06317777980618522,1.0,False,,英乙,False
20261010-E3-Tranmere-Rochdale-A,E3,2026-10-10,16:00,Tranmere,Rochdale,1X2,A,客胜 Rochdale,0.33714196902474547,0.25915838213264336,0.282553458200274,average,market_avg,3.5391532857870724,3.6453278843606847,3.6,3.6,0.01719244952098653,1.0,False,,英乙,False
20261010-E3-Tranmere-Rochdale-O25,E3,2026-10-10,16:00,Tranmere,Rochdale,OU25,O25,大于 2.5 球,0.4524817069618069,0.4946236559139785,0.481981071228327,average,market_avg,2.0747702756282598,2.137013383897108,1.88,1.88,-0.09387558609074531,1.0,False,,英乙,False
20261010-E3-Tranmere-Rochdale-U25,E3,2026-10-10,16:00,Tranmere,Rochdale,OU25,U25,小于 2.5 球,0.5475182930381931,0.5053763440860215,0.518018928771673,average,market_avg,1.930431388619719,1.9883443302783106,1.84,1.84,-0.04684517106012165,1.0,False,,英乙,False
20261010-E3-Tranmere-Rochdale-HO25,E3,2026-10-10,16:00,Tranmere,Rochdale,1X2+OU25,H&O25,主胜 Tranmere + 大于 2.5 球,0.21277470849038008,0.2778209282385343,0.25762010960928966,average,,3.8816845529512984,3.9981350895398373,,,,1.0,False,4.644779223606476,英乙,False
20261010-E3-Tranmere-Rochdale-HU25,E3,2026-10-10,16:00,Tranmere,Rochdale,1X2+OU25,H&U25,主胜 Tranmere + 小于 2.5 球,0.1767277374949383,0.1933761301847241,0.18906856508255032,average,,5.289086525638909,5.447759121408076,,,,1.0,False,4.321648382852194,英乙,False
20261010-E3-Tranmere-Rochdale-DO25,E3,2026-10-10,16:00,Tranmere,Rochdale,1X2+OU25,D&O25,平局 + 大于 2.5 球,0.058815240721930576,0.06646669718852895,0.06411351543344472,average,,15.597335339349549,16.065255399530034,,,,1.0,False,7.662825452825628,英乙,False
20261010-E3-Tranmere-Rochdale-DU25,E3,2026-10-10,16:00,Tranmere,Rochdale,1X2+OU25,D&U25,平局 + 小于 2.5 球,0.21454034426800545,0.2031778622554355,0.2066443516743545,average,,4.839232197238443,4.984409163155596,,,,1.0,False,7.129733326823076,英乙,False
20261010-E3-Tranmere-Rochdale-AO25,E3,2026-10-10,16:00,Tranmere,Rochdale,1X2+OU25,A&O25,客胜 Rochdale + 大于 2.5 球,0.18089175774949623,0.15033603048691527,0.16024744618559272,average,,6.240349058928756,6.427559530696619,,,,1.0,False,7.342930038243106,英乙,False
20261010-E3-Tranmere-Rochdale-AU25,E3,2026-10-10,16:00,Tranmere,Rochdale,1X2+OU25,A&U25,客胜 Rochdale + 小于 2.5 球,0.15625021127524924,0.10882235164586197,0.12230601201476814,average,,8.176212955739679,8.421499344411869,,,,1.0,False,6.83209259201998,英乙,False
20261010-EC-Altrincham-Aldershot-H,EC,2026-10-10,13:30,Altrincham,Aldershot,1X2,H,主胜 Altrincham,0.46983089008008294,0.49368602186801774,0.4865294823316373,average,market_avg,2.055373900894173,2.1170351179209983,1.84,1.84,-0.10478575250978739,1.0,False,,英格兰国家联赛,False
20261010-EC-Altrincham-Aldershot-D,EC,2026-10-10,13:30,Altrincham,Aldershot,1X2,D,平局,0.23735998139326017,0.24751560769404707,0.24446891980381097,average,market_avg,4.090499523630697,4.213214509339618,3.67,3.67,-0.10279906432001373,1.0,False,,英格兰国家联赛,False
20261010-EC-Altrincham-Aldershot-A,EC,2026-10-10,13:30,Altrincham,Aldershot,1X2,A,客胜 Aldershot,0.29280912852665686,0.25879837043793524,0.2690015978645517,average,market_avg,3.7174500372429846,3.828973538360274,3.51,3.51,-0.0558043914954236,1.0,False,,英格兰国家联赛,False
20261010-EC-Altrincham-Aldershot-O25,EC,2026-10-10,13:30,Altrincham,Aldershot,OU25,O25,大于 2.5 球,0.5777545401237391,0.59375,0.5889513620371216,average,market_avg,1.697933079806631,1.7488710722008298,1.56,1.56,-0.08123587522209019,1.0,False,,英格兰国家联赛,False
20261010-EC-Altrincham-Aldershot-U25,EC,2026-10-10,13:30,Altrincham,Aldershot,OU25,U25,小于 2.5 球,0.42224545987626094,0.40625000000000006,0.4110486379628783,average,market_avg,2.432802125208136,2.5057861889643798,2.28,2.28,-0.06280910544463747,1.0,False,,英格兰国家联赛,False
20261010-EC-Altrincham-Aldershot-HO25,EC,2026-10-10,13:30,Altrincham,Aldershot,1X2+OU25,H&O25,主胜 Altrincham + 大于 2.5 球,0.3132167107269967,0.33806224427542586,0.330529526453626,average,,3.025448318428224,3.116211767981071,,,,1.0,False,3.489887337699413,英格兰国家联赛,False
20261010-EC-Altrincham-Aldershot-HU25,EC,2026-10-10,13:30,Altrincham,Aldershot,1X2+OU25,H&U25,主胜 Altrincham + 小于 2.5 球,0.15661417935308625,0.15562377759325002,0.15599995587841275,average,,6.41025822327415,6.602565969972375,,,,1.0,False,5.000317994192681,英格兰国家联赛,False
20261010-EC-Altrincham-Aldershot-DO25,EC,2026-10-10,13:30,Altrincham,Aldershot,1X2+OU25,D&O25,平局 + 大于 2.5 球,0.07806379628281535,0.08598284162872338,0.08354707318158235,average,,11.969300203091333,12.328379209184073,,,,1.0,False,6.945394454105827,英格兰国家联赛,False
20261010-EC-Altrincham-Aldershot-DU25,EC,2026-10-10,13:30,Altrincham,Aldershot,1X2+OU25,D&U25,平局 + 小于 2.5 球,0.15929618511044483,0.16153276606443057,0.16092184662167708,average,,6.214196648830242,6.40062254829515,,,,1.0,False,9.951375934251628,英格兰国家联赛,False
20261010-EC-Altrincham-Aldershot-AO25,EC,2026-10-10,13:30,Altrincham,Aldershot,1X2+OU25,A&O25,客胜 Aldershot + 大于 2.5 球,0.18647403311392702,0.16970491409585076,0.17487476240191321,average,,5.718378033885235,5.889929374901792,,,,1.0,False,6.311981390763256,英格兰国家联赛,False
20261010-EC-Altrincham-Aldershot-AU25,EC,2026-10-10,13:30,Altrincham,Aldershot,1X2+OU25,A&U25,客胜 Aldershot + 小于 2.5 球,0.10633509541272987,0.08909345634231945,0.09412683546278852,average,,10.623962816590529,10.942681701088246,,,,1.0,False,9.043820350959797,英格兰国家联赛,False
20261010-EC-Carlisle-Kidderminster-H,EC,2026-10-10,13:30,Carlisle,Kidderminster,1X2,H,主胜 Carlisle,0.4790238356163198,0.6095689787062407,0.5704054357792644,average,market_avg,1.7531389732179554,1.8057331424144942,1.49,1.49,-0.1500959006888961,1.0,False,,英格兰国家联赛,False
20261010-EC-Carlisle-Kidderminster-D,EC,2026-10-10,13:30,Carlisle,Kidderminster,1X2,D,平局,0.2672251084356837,0.21676796617477292,0.23190510885304613,average,market_avg,4.312108538469849,4.441471794623944,4.19,4.19,-0.028317593905736627,1.0,False,,英格兰国家联赛,False
20261010-EC-Carlisle-Kidderminster-A,EC,2026-10-10,13:30,Carlisle,Kidderminster,1X2,A,客胜 Kidderminster,0.2537510559479965,0.17366305511898633,0.19768945536768937,average,market_avg,5.058438742420863,5.210191904693489,5.23,5.23,0.033915851573015354,1.0,False,,英格兰国家联赛,False
20261010-EC-Carlisle-Kidderminster-O25,EC,2026-10-10,13:30,Carlisle,Kidderminster,OU25,O25,大于 2.5 球,0.42962245550565387,0.5890052356020942,0.5411904015731621,average,market_avg,1.8477785213727826,1.9032118770139663,1.57,1.57,-0.15033106953013542,1.0,False,,英格兰国家联赛,False
20261010-EC-Carlisle-Kidderminster-U25,EC,2026-10-10,13:30,Carlisle,Kidderminster,OU25,U25,小于 2.5 球,0.5703775444943462,0.4109947643979057,0.45880959842683783,average,market_avg,2.179553355964633,2.244939956643572,2.25,2.25,0.03232159646038513,1.0,True,,英格兰国家联赛,False
20261010-EC-Carlisle-Kidderminster-HO25,EC,2026-10-10,13:30,Carlisle,Kidderminster,1X2+OU25,H&O25,主胜 Carlisle + 大于 2.5 球,0.25522776474014974,0.4130680675525643,0.3627473927002029,average,,2.756739318114031,2.839441497657452,,,,1.0,False,3.239412539693672,英格兰国家联赛,False
20261010-EC-Carlisle-Kidderminster-HU25,EC,2026-10-10,13:30,Carlisle,Kidderminster,1X2+OU25,H&U25,主胜 Carlisle + 小于 2.5 球,0.22379607087616993,0.19650091115383855,0.2076580430791653,average,,4.815609283281028,4.960077561779459,,,,1.0,False,3.821059932549586,英格兰国家联赛,False
20261010-EC-Carlisle-Kidderminster-DO25,EC,2026-10-10,13:30,Carlisle,Kidderminster,1X2+OU25,D&O25,平局 + 大于 2.5 球,0.050704924988338396,0.06535685018241981,0.061223543119486544,average,,16.33358588947321,16.823593466157405,,,,1.0,False,7.967821539212769,英格兰国家联赛,False
20261010-EC-Carlisle-Kidderminster-DU25,EC,2026-10-10,13:30,Carlisle,Kidderminster,1X2+OU25,D&U25,平局 + 小于 2.5 球,0.2165201834473453,0.1514111159921662,0.1706815657334363,average,,5.858863525787902,6.034629431561538,,,,1.0,False,9.398470636305708,英格兰国家联赛,False
20261010-EC-Carlisle-Kidderminster-AO25,EC,2026-10-10,13:30,Carlisle,Kidderminster,1X2+OU25,A&O25,客胜 Kidderminster + 大于 2.5 球,0.12368976577716574,0.11058031786711013,0.11721946575347278,average,,8.531006292957564,8.786936481746292,,,,1.0,False,9.346874459925221,英格兰国家联赛,False
20261010-EC-Carlisle-Kidderminster-AU25,EC,2026-10-10,13:30,Carlisle,Kidderminster,1X2+OU25,A&U25,客胜 Kidderminster + 小于 2.5 球,0.13006129017083076,0.0630827372519011,0.08046998961423625,average,,12.426993029250823,12.799802820128347,,,,1.0,False,11.025137136984911,英格兰国家联赛,False
20261010-EC-BostonUtd-Southend-H,EC,2026-10-10,16:00,Boston Utd,Southend,1X2,H,主胜 Boston Utd,0.25586884336956994,0.2553687364741135,0.25551876854275046,average,market_avg,3.913606838758271,4.03101504392102,3.55,3.55,-0.09290837167323596,1.0,False,,英格兰国家联赛,False
20261010-EC-BostonUtd-Southend-D,EC,2026-10-10,16:00,Boston Utd,Southend,1X2,D,平局,0.23858848158047305,0.2324510293546418,0.23429226502239114,average,market_avg,4.268173342830719,4.396218543115641,3.9,3.9,-0.08626016641267453,1.0,False,,英格兰国家联赛,False
20261010-EC-BostonUtd-Southend-A,EC,2026-10-10,16:00,Boston Utd,Southend,1X2,A,客胜 Southend,0.505542675049957,0.5121802341712446,0.5101889664348582,average,market_avg,1.9600580682641666,2.0188598103120916,1.77,1.77,-0.0969655294103009,1.0,False,,英格兰国家联赛,False
20261010-EC-BostonUtd-Southend-O25,EC,2026-10-10,16:00,Boston Utd,Southend,OU25,O25,大于 2.5 球,0.5454784597526809,0.6528117359413204,0.6206117530847285,average,market_avg,1.6113133453073292,1.659652745666549,1.42,1.42,-0.11873131061968556,1.0,False,,英格兰国家联赛,False
20261010-EC-BostonUtd-Southend-U25,EC,2026-10-10,16:00,Boston Utd,Southend,OU25,U25,小于 2.5 球,0.45452154024731906,0.34718826405867975,0.3793882469152715,average,market_avg,2.635822295842837,2.714896964718122,2.67,2.67,0.012966619263774959,1.0,False,,英格兰国家联赛,False
20261010-EC-BostonUtd-Southend-HO25,EC,2026-10-10,16:00,Boston Utd,Southend,1X2+OU25,H&O25,主胜 Boston Utd + 大于 2.5 球,0.15241046669675914,0.17992234521818337,0.1718336409235828,average,,5.8195822111731665,5.994169677508362,,,,1.0,False,6.306046927577231,英格兰国家联赛,False
20261010-EC-BostonUtd-Southend-HU25,EC,2026-10-10,16:00,Boston Utd,Southend,1X2+OU25,H&U25,主胜 Boston Utd + 小于 2.5 球,0.10345837667281083,0.07544639125608815,0.08368512761927357,average,,11.949554579751748,12.3080412171443,,,,1.0,False,10.315572162762052,英格兰国家联赛,False
20261010-EC-BostonUtd-Southend-DO25,EC,2026-10-10,16:00,Boston Utd,Southend,1X2+OU25,D&O25,平局 + 大于 2.5 球,0.06914417389325836,0.09246928611583236,0.08494485512528908,average,,11.772343345868963,12.125513646245032,,,,1.0,False,6.8773646673881315,英格兰国家联赛,False
20261010-EC-BostonUtd-Southend-DU25,EC,2026-10-10,16:00,Boston Utd,Southend,1X2+OU25,D&U25,平局 + 小于 2.5 球,0.1694443076872147,0.13998174323810086,0.14934740989661915,average,,6.695797407482441,6.896671329706915,,,,1.0,False,11.25014645955526,英格兰国家联赛,False
20261010-EC-BostonUtd-Southend-AO25,EC,2026-10-10,16:00,Boston Utd,Southend,1X2+OU25,A&O25,客胜 Southend + 大于 2.5 球,0.3239238191626635,0.3804201046073045,0.36383325703585667,average,,2.748511799462707,2.830967153446588,,,,1.0,False,3.1582677229713556,英格兰国家联赛,False
20261010-EC-BostonUtd-Southend-AU25,EC,2026-10-10,16:00,Boston Utd,Southend,1X2+OU25,A&U25,客胜 Southend + 小于 2.5 球,0.18161885588729343,0.1317601295644907,0.14635570939937878,average,,6.832668189740226,7.0376482354324335,,,,1.0,False,5.166364757477331,英格兰国家联赛,False
20261010-EC-Fylde-Scunthorpe-H,EC,2026-10-10,16:00,Fylde,Scunthorpe,1X2,H,主胜 Fylde,0.3785505941928192,0.524842707613417,0.48095507358723766,average,market_avg,2.079196280312481,2.141572168721855,1.73,1.73,-0.16794772269407887,1.0,False,,英格兰国家联赛,False
20261010-EC-Fylde-Scunthorpe-D,EC,2026-10-10,16:00,Fylde,Scunthorpe,1X2,D,平局,0.2332138942796329,0.22363987294857426,0.22651207934789186,average,market_avg,4.41477559553959,4.547218863405777,4.06,4.06,-0.08036095784755914,1.0,False,,英格兰国家联赛,False
20261010-EC-Fylde-Scunthorpe-A,EC,2026-10-10,16:00,Fylde,Scunthorpe,1X2,A,客胜 Scunthorpe,0.3882355115275479,0.2515174194380087,0.2925328470648705,average,market_avg,3.418419538296311,3.520972124445201,3.61,3.61,0.05604357790418235,1.0,True,,英格兰国家联赛,False
20261010-EC-Fylde-Scunthorpe-O25,EC,2026-10-10,16:00,Fylde,Scunthorpe,OU25,O25,大于 2.5 球,0.6248452061254749,0.7013574660633485,0.6784037880819864,average,market_avg,1.4740483729126053,1.5182698240999835,1.32,1.32,-0.1045069997317779,1.0,False,,英格兰国家联赛,False
20261010-EC-Fylde-Scunthorpe-U25,EC,2026-10-10,16:00,Fylde,Scunthorpe,OU25,U25,小于 2.5 球,0.3751547938745251,0.2986425339366516,0.32159621191801363,average,market_avg,3.1094893625641826,3.2027740434411083,3.1,3.1,-0.003051743054157674,1.0,False,,英格兰国家联赛,False
20261010-EC-Fylde-Scunthorpe-HO25,EC,2026-10-10,16:00,Fylde,Scunthorpe,1X2+OU25,H&O25,主胜 Fylde + 大于 2.5 球,0.26375106628623385,0.40235725382802795,0.35882189749484106,average,,2.78689792061639,2.8705048582348818,,,,1.0,False,3.0648358939605536,英格兰国家联赛,False
20261010-EC-Fylde-Scunthorpe-HU25,EC,2026-10-10,16:00,Fylde,Scunthorpe,1X2+OU25,H&U25,主胜 Fylde + 小于 2.5 球,0.11479952790658532,0.12248545378594831,0.1221331760928188,average,,8.18778346712297,8.433416971136658,,,,1.0,False,6.465238716314675,英格兰国家联赛,False
20261010-EC-Fylde-Scunthorpe-DO25,EC,2026-10-10,16:00,Fylde,Scunthorpe,1X2+OU25,D&O25,平局 + 大于 2.5 球,0.09002428016186816,0.1058677701675425,0.10094890217971665,average,,9.906001733626846,10.203181785635651,,,,1.0,False,6.50759278337941,英格兰国家联赛,False
20261010-EC-Fylde-Scunthorpe-DU25,EC,2026-10-10,16:00,Fylde,Scunthorpe,1X2+OU25,D&U25,平局 + 小于 2.5 球,0.14318961411776476,0.11777210278019924,0.12556317716749127,average,,7.964118323209357,8.203041872905638,,,,1.0,False,13.727697752438306,英格兰国家联赛,False
20261010-EC-Fylde-Scunthorpe-AO25,EC,2026-10-10,16:00,Fylde,Scunthorpe,1X2+OU25,A&O25,客胜 Scunthorpe + 大于 2.5 球,0.27106985967737285,0.19313244206777783,0.21863298840742876,average,,4.573875183631812,4.711091439140766,,,,1.0,False,5.038915758358337,英格兰国家联赛,False
20261010-EC-Fylde-Scunthorpe-AU25,EC,2026-10-10,16:00,Fylde,Scunthorpe,1X2+OU25,A&U25,客胜 Scunthorpe + 小于 2.5 球,0.11716565185017505,0.05838497737050398,0.0738998586577036,average,,13.531825610545416,13.93778037886178,,,,1.0,False,10.629539191113944,英格兰国家联赛,False
20261010-EC-Halifax-Gateshead-H,EC,2026-10-10,16:00,Halifax,Gateshead,1X2,H,主胜 Halifax,0.6064380527056736,0.6666990838892887,0.6486207745342041,average,market_avg,1.5417329189280637,1.5879849064959057,1.36,1.36,-0.11787574663348244,1.0,False,,英格兰国家联赛,False
20261010-EC-Halifax-Gateshead-D,EC,2026-10-10,16:00,Halifax,Gateshead,1X2,D,平局,0.2176245835194763,0.20015689935749065,0.20539720460608635,average,market_avg,4.868615431830312,5.014673894785221,4.53,4.53,-0.06955066313442881,1.0,False,,英格兰国家联赛,False
20261010-EC-Halifax-Gateshead-A,EC,2026-10-10,16:00,Halifax,Gateshead,1X2,A,客胜 Gateshead,0.17593736377484995,0.13314401675322066,0.14598202085970943,average,market_avg,6.850158629883694,7.055663388780205,6.81,6.81,-0.005862437945378773,1.0,False,,英格兰国家联赛,False
20261010-EC-Halifax-Gateshead-O25,EC,2026-10-10,16:00,Halifax,Gateshead,OU25,O25,大于 2.5 球,0.5394124713573766,0.575197889182058,0.5644622638346536,average,market_avg,1.7715976143498715,1.8247455427803676,1.61,1.61,-0.09121575522620762,1.0,False,,英格兰国家联赛,False
20261010-EC-Halifax-Gateshead-U25,EC,2026-10-10,16:00,Halifax,Gateshead,OU25,U25,小于 2.5 球,0.4605875286426234,0.42480211081794195,0.4355377361653463,average,market_avg,2.2960123014928904,2.364892670537677,2.18,2.18,-0.050527735159545006,1.0,False,,英格兰国家联赛,False
20261010-EC-Halifax-Gateshead-HO25,EC,2026-10-10,16:00,Halifax,Gateshead,1X2+OU25,H&O25,主胜 Halifax + 大于 2.5 球,0.3867365599173873,0.4424027812928256,0.4254052794629157,average,,2.3506995523481136,2.421220538918557,,,,1.0,False,2.731330361137622,英格兰国家联赛,False
20261010-EC-Halifax-Gateshead-HU25,EC,2026-10-10,16:00,Halifax,Gateshead,1X2+OU25,H&U25,主胜 Halifax + 小于 2.5 球,0.21970149278828638,0.22429630259677058,0.22321549507151184,average,,4.479975727848234,4.6143749996836805,,,,1.0,False,3.5398377474753757,英格兰国家联赛,False
20261010-EC-Halifax-Gateshead-DO25,EC,2026-10-10,16:00,Halifax,Gateshead,1X2+OU25,D&O25,平局 + 大于 2.5 球,0.05569893444884844,0.05568406628253314,0.055736092928716965,average,,17.941695362086797,18.479946222949405,,,,1.0,False,8.62522748421755,英格兰国家联赛,False
20261010-EC-Halifax-Gateshead-DU25,EC,2026-10-10,16:00,Halifax,Gateshead,1X2+OU25,D&U25,平局 + 小于 2.5 球,0.16192564907062784,0.14447283307464726,0.14966111167714274,average,,6.681762475192992,6.882215349448781,,,,1.0,False,11.178400922720517,英格兰国家联赛,False
20261010-EC-Halifax-Gateshead-AO25,EC,2026-10-10,16:00,Halifax,Gateshead,1X2+OU25,A&O25,客胜 Gateshead + 大于 2.5 球,0.09697697699114095,0.07711104160669932,0.08332089144302109,average,,12.001791899740404,12.361845656732616,,,,1.0,False,12.135724686620136,英格兰国家联赛,False
20261010-EC-Halifax-Gateshead-AU25,EC,2026-10-10,16:00,Halifax,Gateshead,1X2+OU25,A&U25,客胜 Gateshead + 小于 2.5 球,0.078960386783709,0.0560329751465241,0.06266112941669184,average,,15.958856939045488,16.437622647216852,,,,1.0,False,15.728048481390644,英格兰国家联赛,False
20261010-EC-Hornchurch-Eastleigh-H,EC,2026-10-10,16:00,Hornchurch,Eastleigh,1X2,H,主胜 Hornchurch,0.4309253881501522,0.45379391792146445,0.44693335899007075,average,market_avg,2.237470038619821,2.3045941397784158,2.0,2.0,-0.1061332820198585,1.0,False,,英格兰国家联赛,False
20261010-EC-Hornchurch-Eastleigh-D,EC,2026-10-10,16:00,Hornchurch,Eastleigh,1X2,D,平局,0.26774022481472665,0.26080110225371517,0.2628828390220186,average,market_avg,3.8039759602422807,3.918095239049549,3.48,3.48,-0.08516772020337526,1.0,False,,英格兰国家联赛,False
20261010-EC-Hornchurch-Eastleigh-A,EC,2026-10-10,16:00,Hornchurch,Eastleigh,1X2,A,客胜 Eastleigh,0.30133438703512117,0.2854049798248204,0.2901838019879106,average,market_avg,3.4460917292746105,3.5494744811528487,3.18,3.18,-0.07721550967844426,1.0,False,,英格兰国家联赛,False
20261010-EC-Hornchurch-Eastleigh-O25,EC,2026-10-10,16:00,Hornchurch,Eastleigh,OU25,O25,大于 2.5 球,0.45261045722755056,0.5442359249329759,0.5167482846213483,average,market_avg,1.9351781704176505,1.99323351553018,1.7,1.7,-0.12152791614370795,1.0,False,,英格兰国家联赛,False
20261010-EC-Hornchurch-Eastleigh-U25,EC,2026-10-10,16:00,Hornchurch,Eastleigh,OU25,U25,小于 2.5 球,0.5473895427724494,0.4557640750670242,0.48325171537865175,average,market_avg,2.0693149515598726,2.1313944001066685,2.03,2.03,-0.018999017781337058,1.0,False,,英格兰国家联赛,False
20261010-EC-Hornchurch-Eastleigh-HO25,EC,2026-10-10,16:00,Hornchurch,Eastleigh,1X2+OU25,H&O25,主胜 Hornchurch + 大于 2.5 球,0.23691944846149754,0.29205991591364766,0.2753669340483854,average,,3.631518081340469,3.7404636237806828,,,,1.0,False,4.329903175700615,英格兰国家联赛,False
20261010-EC-Hornchurch-Eastleigh-HU25,EC,2026-10-10,16:00,Hornchurch,Eastleigh,1X2+OU25,H&U25,主胜 Hornchurch + 小于 2.5 球,0.19400593968865468,0.1617340020078895,0.17156642494210225,average,,5.828646253702993,6.003505641314082,,,,1.0,False,4.6300302045832415,英格兰国家联赛,False
20261010-EC-Hornchurch-Eastleigh-DO25,EC,2026-10-10,16:00,Hornchurch,Eastleigh,1X2+OU25,D&O25,平局 + 大于 2.5 球,0.05755902144372986,0.07517131295592233,0.06957612851673743,average,,14.372745671806634,14.803928041960832,,,,1.0,False,7.361371239054382,英格兰国家联赛,False
20261010-EC-Hornchurch-Eastleigh-DU25,EC,2026-10-10,16:00,Hornchurch,Eastleigh,1X2+OU25,D&U25,平局 + 小于 2.5 球,0.21018120337099677,0.18562978929768512,0.1933067105046592,average,,5.173126154748246,5.328319939390694,,,,1.0,False,7.871624329903674,英格兰国家联赛,False
20261010-EC-Hornchurch-Eastleigh-AO25,EC,2026-10-10,16:00,Hornchurch,Eastleigh,1X2+OU25,A&O25,客胜 Eastleigh + 大于 2.5 球,0.15813198732232303,0.17700469606340588,0.17180522205622542,average,,5.820544847424587,5.995161192847325,,,,1.0,False,6.668801487749039,英格兰国家联赛,False
20261010-EC-Hornchurch-Eastleigh-AU25,EC,2026-10-10,16:00,Hornchurch,Eastleigh,1X2+OU25,A&U25,客胜 Eastleigh + 小于 2.5 球,0.14320239971279813,0.10840028376144951,0.11837857993189031,average,,8.447474201627987,8.700898427676828,,,,1.0,False,7.131049139834767,英格兰国家联赛,False
20261010-EC-Tamworth-Barrow-H,EC,2026-10-10,16:00,Tamworth,Barrow,1X2,H,主胜 Tamworth,0.2907191771903976,0.35767708252831515,0.33758971092693985,average,market_avg,2.9621755866144186,3.051040854212851,2.54,2.54,-0.1425221342455728,1.0,False,,英格兰国家联赛,False
20261010-EC-Tamworth-Barrow-D,EC,2026-10-10,16:00,Tamworth,Barrow,1X2,D,平局,0.2315355453782303,0.25736537949629473,0.24961642926087538,average,market_avg,4.006146562391913,4.1263309592636706,3.53,3.53,-0.11885400470911,1.0,False,,英格兰国家联赛,False
20261010-EC-Tamworth-Barrow-A,EC,2026-10-10,16:00,Tamworth,Barrow,1X2,A,客胜 Barrow,0.4777452774313721,0.38495753797539006,0.41279385981218464,average,market_avg,2.4225166538450593,2.495192153460411,2.36,2.36,-0.025806490843244267,1.0,False,,英格兰国家联赛,False
20261010-EC-Tamworth-Barrow-O25,EC,2026-10-10,16:00,Tamworth,Barrow,OU25,O25,大于 2.5 球,0.6038362760936609,0.5778364116094987,0.5856363709547473,average,market_avg,1.7075442195807047,1.7587705461681258,1.6,1.6,-0.06298180647240426,1.0,False,,英格兰国家联赛,False
20261010-EC-Tamworth-Barrow-U25,EC,2026-10-10,16:00,Tamworth,Barrow,OU25,U25,小于 2.5 球,0.39616372390633914,0.42216358839050133,0.41436362904525265,average,market_avg,2.4133392264763422,2.4857394032706326,2.19,2.19,-0.09254365239089668,1.0,False,,英格兰国家联赛,False
20261010-EC-Tamworth-Barrow-HO25,EC,2026-10-10,16:00,Tamworth,Barrow,1X2+OU25,H&O25,主胜 Tamworth + 大于 2.5 球,0.1918026282308582,0.2303943720620242,0.2190365690295272,average,,4.565447698668048,4.702411129628089,,,,1.0,False,5.058045800306533,英格兰国家联赛,False
20261010-EC-Tamworth-Barrow-HU25,EC,2026-10-10,16:00,Tamworth,Barrow,1X2+OU25,H&U25,主胜 Tamworth + 小于 2.5 球,0.09891654895953934,0.12728271046606562,0.1185531418972816,average,,8.435035832845607,8.688086907830975,,,,1.0,False,7.148734538887147,英格兰国家联赛,False
20261010-EC-Tamworth-Barrow-DO25,EC,2026-10-10,16:00,Tamworth,Barrow,1X2+OU25,D&O25,平局 + 大于 2.5 球,0.08237812866120113,0.08755063740040425,0.08606666224457159,average,,11.618900674437066,11.967467694670178,,,,1.0,False,6.840672405405422,英格兰国家联赛,False
20261010-EC-Tamworth-Barrow-DU25,EC,2026-10-10,16:00,Tamworth,Barrow,1X2+OU25,D&U25,平局 + 小于 2.5 球,0.14915741671702915,0.16981474209647174,0.1635497670166733,average,,6.1143468330227195,6.297777238013402,,,,1.0,False,9.668190646033757,英格兰国家联赛,False
20261010-EC-Tamworth-Barrow-AO25,EC,2026-10-10,16:00,Tamworth,Barrow,1X2+OU25,A&O25,客胜 Barrow + 大于 2.5 球,0.32965551920160174,0.2598914021470703,0.28053313968064847,average,,3.564641243948482,3.6715804812669366,,,,1.0,False,4.136554309111122,英格兰国家联赛,False
20261010-EC-Tamworth-Barrow-AU25,EC,2026-10-10,16:00,Tamworth,Barrow,1X2+OU25,A&U25,客胜 Barrow + 小于 2.5 球,0.14808975822977044,0.12506613582796391,0.13226072013129783,average,,7.560823795661178,7.787648509531013,,,,1.0,False,5.846354467516492,英格兰国家联赛,False
20261010-EC-Wealdstone-Yeovil-H,EC,2026-10-10,16:00,Wealdstone,Yeovil,1X2,H,主胜 Wealdstone,0.41629152269162945,0.36978786136413744,0.38373895976238503,average,market_avg,2.6059381633264707,2.6841163082262645,2.45,2.45,-0.059839548582156565,1.0,False,,英格兰国家联赛,False
20261010-EC-Wealdstone-Yeovil-D,EC,2026-10-10,16:00,Wealdstone,Yeovil,1X2,D,平局,0.25170217860741045,0.25738075577901615,0.2556771826275344,average,market_avg,3.911182021497713,4.028517482142645,3.52,3.52,-0.10001631715107884,1.0,False,,英格兰国家联赛,False
20261010-EC-Wealdstone-Yeovil-A,EC,2026-10-10,16:00,Wealdstone,Yeovil,1X2,A,客胜 Yeovil,0.33200629870095993,0.37283138285684636,0.36058385761008044,average,market_avg,2.7732799982448357,2.856478398192181,2.43,2.43,-0.12378122600750452,1.0,False,,英格兰国家联赛,False
20261010-EC-Wealdstone-Yeovil-O25,EC,2026-10-10,16:00,Wealdstone,Yeovil,OU25,O25,大于 2.5 球,0.5293846767492556,0.5826771653543307,0.5666894187728081,average,market_avg,1.7646350308878995,1.8175740818145365,1.59,1.59,-0.09896382415123506,1.0,False,,英格兰国家联赛,False
20261010-EC-Wealdstone-Yeovil-U25,EC,2026-10-10,16:00,Wealdstone,Yeovil,OU25,U25,小于 2.5 球,0.4706153232507444,0.41732283464566927,0.4333105812271918,average,market_avg,2.3078134791166884,2.377047883490189,2.22,2.22,-0.03805050967563417,1.0,False,,英格兰国家联赛,False
20261010-EC-Wealdstone-Yeovil-HO25,EC,2026-10-10,16:00,Wealdstone,Yeovil,1X2+OU25,H&O25,主胜 Wealdstone + 大于 2.5 球,0.2572691870111602,0.2493518719002728,0.25237609156260143,average,,3.9623404650117258,4.081210678962077,,,,1.0,False,4.598529771333562,英格兰国家联赛,False
20261010-EC-Wealdstone-Yeovil-HU25,EC,2026-10-10,16:00,Wealdstone,Yeovil,1X2+OU25,H&U25,主胜 Wealdstone + 小于 2.5 球,0.15902233568046925,0.12043598946401443,0.13136286819987764,average,,7.612501262369144,7.840876300240218,,,,1.0,False,6.014019219069415,英格兰国家联赛,False
20261010-EC-Wealdstone-Yeovil-DO25,EC,2026-10-10,16:00,Wealdstone,Yeovil,1X2+OU25,D&O25,平局 + 大于 2.5 球,0.07188741323506742,0.08711348421109621,0.08230842413190569,average,,12.149424685830722,12.513907426405643,,,,1.0,False,6.901808807313814,英格兰国家联赛,False
20261010-EC-Wealdstone-Yeovil-DU25,EC,2026-10-10,16:00,Wealdstone,Yeovil,1X2+OU25,D&U25,平局 + 小于 2.5 球,0.17981476537234306,0.17026727156764213,0.17336875849546038,average,,5.768051918224844,5.94109347577159,,,,1.0,False,9.02627858849128,英格兰国家联赛,False
20261010-EC-Wealdstone-Yeovil-AO25,EC,2026-10-10,16:00,Wealdstone,Yeovil,1X2+OU25,A&O25,客胜 Yeovil + 大于 2.5 球,0.20022807650302796,0.24621180924296165,0.23200490307830113,average,,4.3102537348639665,4.439561346909886,,,,1.0,False,4.89382703536357,英格兰国家联赛,False
20261010-EC-Wealdstone-Yeovil-AU25,EC,2026-10-10,16:00,Wealdstone,Yeovil,1X2+OU25,A&U25,客胜 Yeovil + 小于 2.5 球,0.13177822219793203,0.12661957361401271,0.1285789545318538,average,,7.7773225302766225,8.01064220618492,,,,1.0,False,6.400212961314139,英格兰国家联赛,False
20261010-EC-Woking-Harrogate-H,EC,2026-10-10,16:00,Woking,Harrogate,1X2,H,主胜 Woking,0.34279602723335934,0.35875702536727216,0.35396872592709827,average,market_avg,2.8251083408028403,2.909861591026926,2.53,2.53,-0.10445912340444141,1.0,False,,英格兰国家联赛,False
20261010-EC-Woking-Harrogate-D,EC,2026-10-10,16:00,Woking,Harrogate,1X2,D,平局,0.2278282271562671,0.2646225289152182,0.25358423838753286,average,market_avg,3.9434627576173664,4.061766640345888,3.43,3.43,-0.13020606233076226,1.0,False,,英格兰国家联赛,False
20261010-EC-Woking-Harrogate-A,EC,2026-10-10,16:00,Woking,Harrogate,1X2,A,客胜 Harrogate,0.4293757456103735,0.37662044571750974,0.3924470356853689,average,market_avg,2.548114545580913,2.6245579819483402,2.41,2.41,-0.05420264399826091,1.0,False,,英格兰国家联赛,False
20261010-EC-Woking-Harrogate-O25,EC,2026-10-10,16:00,Woking,Harrogate,OU25,O25,大于 2.5 球,0.6462409173170768,0.5442359249329759,0.5748374226482061,average,market_avg,1.7396223011945213,1.791810970230357,1.7,1.7,-0.022776381498049614,1.0,False,,英格兰国家联赛,False
20261010-EC-Woking-Harrogate-U25,EC,2026-10-10,16:00,Woking,Harrogate,OU25,U25,小于 2.5 球,0.3537590826829232,0.4557640750670242,0.4251625773517939,average,market_avg,2.3520414384273667,2.4226026815801878,2.03,2.03,-0.13691996797585848,1.0,False,,英格兰国家联赛,False
20261010-EC-Woking-Harrogate-HO25,EC,2026-10-10,16:00,Woking,Harrogate,1X2+OU25,H&O25,主胜 Woking + 大于 2.5 球,0.24311459334127386,0.22209468177193345,0.22888587866519539,average,,4.368989497437532,4.500059182360658,,,,1.0,False,4.914621472951273,英格兰国家联赛,False
20261010-EC-Woking-Harrogate-HU25,EC,2026-10-10,16:00,Woking,Harrogate,1X2+OU25,H&U25,主胜 Woking + 小于 2.5 球,0.09968143389208539,0.13666234359527174,0.12508284726186053,average,,7.994701287111759,8.234542325725112,,,,1.0,False,6.644771885615065,英格兰国家联赛,False
20261010-EC-Woking-Harrogate-DO25,EC,2026-10-10,16:00,Woking,Harrogate,1X2+OU25,D&O25,平局 + 大于 2.5 球,0.09316640289369035,0.08349912817737316,0.08665212460302456,average,,11.540397936937548,11.886609875045675,,,,1.0,False,6.860135757081216,英格兰国家联赛,False
20261010-EC-Woking-Harrogate-DU25,EC,2026-10-10,16:00,Woking,Harrogate,1X2+OU25,D&U25,平局 + 小于 2.5 球,0.13466182426257672,0.18112340073799607,0.16693211378460687,average,,5.9904590993815825,6.170172872363031,,,,1.0,False,9.275187816811101,英格兰国家联赛,False
20261010-EC-Woking-Harrogate-AO25,EC,2026-10-10,16:00,Woking,Harrogate,1X2+OU25,A&O25,客胜 Harrogate + 大于 2.5 球,0.3099599210821127,0.23864211498366927,0.25929941937998613,average,,3.8565454654357176,3.9722418293987896,,,,1.0,False,4.4327568894907,英格兰国家联赛,False
20261010-EC-Woking-Harrogate-AU25,EC,2026-10-10,16:00,Woking,Harrogate,1X2+OU25,A&U25,客胜 Harrogate + 小于 2.5 球,0.11941582452826072,0.13797833073375643,0.13314761630532654,average,,7.510461153933518,7.7357749885515235,,,,1.0,False,5.993271001065827,英格兰国家联赛,False
20261010-EC-Worthing-Solihull-H,EC,2026-10-10,16:00,Worthing,Solihull,1X2,H,主胜 Worthing,0.628267819561533,0.5107890344947004,0.5460326700147501,average,market_avg,1.8313922497952124,1.8863340172890688,1.78,1.78,-0.02806184737374484,1.0,False,,英格兰国家联赛,False
20261010-EC-Worthing-Solihull-D,EC,2026-10-10,16:00,Worthing,Solihull,1X2,D,平局,0.1849948500109551,0.2301783497216624,0.2166232998084502,average,market_avg,4.6163085913853825,4.754797849126944,3.95,3.95,-0.14433796575662172,1.0,False,,英格兰国家联赛,False
20261010-EC-Worthing-Solihull-A,EC,2026-10-10,16:00,Worthing,Solihull,1X2,A,客胜 Solihull,0.186737330427512,0.25903261578363723,0.23734403017679964,average,market_avg,4.213293248855222,4.339692046320879,3.51,3.51,-0.1669224540794333,1.0,False,,英格兰国家联赛,False
20261010-EC-Worthing-Solihull-O25,EC,2026-10-10,16:00,Worthing,Solihull,OU25,O25,大于 2.5 球,0.7127821040733321,0.6560975609756098,0.6731029239049264,average,market_avg,1.4856568950831757,1.530226601935671,1.41,1.41,-0.050924877294053816,1.0,False,,英格兰国家联赛,False
20261010-EC-Worthing-Solihull-U25,EC,2026-10-10,16:00,Worthing,Solihull,OU25,U25,小于 2.5 球,0.2872178959266679,0.34390243902439027,0.3268970760950735,average,market_avg,3.059066822944491,3.1508388276328256,2.69,2.69,-0.12064686530425228,1.0,False,,英格兰国家联赛,False
20261010-EC-Worthing-Solihull-HO25,EC,2026-10-10,16:00,Worthing,Solihull,1X2+OU25,H&O25,主胜 Worthing + 大于 2.5 球,0.4944921292514039,0.3854745723469598,0.4173522680047621,average,,2.396057423578179,2.4679391462855245,,,,1.0,False,2.7208205235101466,英格兰国家联赛,False
20261010-EC-Worthing-Solihull-HU25,EC,2026-10-10,16:00,Worthing,Solihull,1X2+OU25,H&U25,主胜 Worthing + 小于 2.5 球,0.13377569031012904,0.12531446214753478,0.1286804020098711,average,,7.771191140071895,8.004326874274053,,,,1.0,False,5.602351271146204,英格兰国家联赛,False
20261010-EC-Worthing-Solihull-DO25,EC,2026-10-10,16:00,Worthing,Solihull,1X2+OU25,D&O25,平局 + 大于 2.5 球,0.08336606129712978,0.09338151821526638,0.09066109668290627,average,,11.030089383294934,11.360992064793782,,,,1.0,False,6.858250688623395,英格兰国家联赛,False
20261010-EC-Worthing-Solihull-DU25,EC,2026-10-10,16:00,Worthing,Solihull,1X2+OU25,D&U25,平局 + 小于 2.5 球,0.1016287887138253,0.13679683150663144,0.12596220312567347,average,,7.938889406390362,8.177056088582074,,,,1.0,False,14.121596456380637,英格兰国家联赛,False
20261010-EC-Worthing-Solihull-AO25,EC,2026-10-10,16:00,Worthing,Solihull,1X2+OU25,A&O25,客胜 Solihull + 大于 2.5 球,0.13492391352479835,0.17724147041338348,0.16508955921725812,average,,6.057318250417026,6.239037797929537,,,,1.0,False,6.259508166169154,英格兰国家联赛,False
20261010-EC-Worthing-Solihull-AU25,EC,2026-10-10,16:00,Worthing,Solihull,1X2+OU25,A&U25,客胜 Solihull + 小于 2.5 球,0.051813416902713676,0.08179114537022396,0.07225447095952903,average,,13.839974007423253,14.255173227645951,,,,1.0,False,12.888745592909016,英格兰国家联赛,False
20261010-EC-ForestGreen-Hartlepool-H,EC,2026-10-10,18:30,Forest Green,Hartlepool,1X2,H,主胜 Forest Green,0.5768822797463911,0.5596797599186566,0.5648405158669769,average,market_avg,1.7704112433668011,1.8235235806678052,1.62,1.62,-0.0849583642954973,1.0,False,,英格兰国家联赛,False
20261010-EC-ForestGreen-Hartlepool-D,EC,2026-10-10,18:30,Forest Green,Hartlepool,1X2,D,平局,0.239642163053982,0.23188777776680916,0.234214093352961,average,market_avg,4.269597895174473,4.397685832029708,3.91,3.91,-0.08422289498992241,1.0,False,,英格兰国家联赛,False
20261010-EC-ForestGreen-Hartlepool-A,EC,2026-10-10,18:30,Forest Green,Hartlepool,1X2,A,客胜 Hartlepool,0.18347555719962721,0.20843246231453422,0.20094539078006213,average,market_avg,4.976476425351382,5.125770718111923,4.35,4.35,-0.1258875501067298,1.0,False,,英格兰国家联赛,False
20261010-EC-ForestGreen-Hartlepool-O25,EC,2026-10-10,18:30,Forest Green,Hartlepool,OU25,O25,大于 2.5 球,0.4622897568334722,0.59375,0.5543119270500416,average,market_avg,1.8040383964347262,1.858159548327768,1.56,1.56,-0.13527339380193504,1.0,False,,英格兰国家联赛,False
20261010-EC-ForestGreen-Hartlepool-U25,EC,2026-10-10,18:30,Forest Green,Hartlepool,OU25,U25,小于 2.5 球,0.5377102431665278,0.40625000000000006,0.4456880729499584,average,market_avg,2.243721698409191,2.3110333493614665,2.28,2.28,0.016168806325905116,1.0,False,,英格兰国家联赛,False
20261010-EC-ForestGreen-Hartlepool-HO25,EC,2026-10-10,18:30,Forest Green,Hartlepool,1X2+OU25,H&O25,主胜 Forest Green + 大于 2.5 球,0.32699805433768564,0.3927947387925799,0.37448789560310997,average,,2.6703132777883445,2.750422676121995,,,,1.0,False,3.193889860513454,英格兰国家联赛,False
20261010-EC-ForestGreen-Hartlepool-HU25,EC,2026-10-10,18:30,Forest Green,Hartlepool,1X2+OU25,H&U25,主胜 Forest Green + 小于 2.5 球,0.24988422540870542,0.16688502112686004,0.190352620264277,average,,5.253408114958676,5.411010358407436,,,,1.0,False,3.972310121849687,英格兰国家联赛,False
20261010-EC-ForestGreen-Hartlepool-DO25,EC,2026-10-10,18:30,Forest Green,Hartlepool,1X2+OU25,D&O25,平局 + 大于 2.5 球,0.04662762325180667,0.07023779759698588,0.062400004839254064,average,,16.02563978281823,16.506408976302776,,,,1.0,False,7.70251854023164,英格兰国家联赛,False
20261010-EC-ForestGreen-Hartlepool-DU25,EC,2026-10-10,18:30,Forest Green,Hartlepool,1X2+OU25,D&U25,平局 + 小于 2.5 球,0.19301453980217534,0.1616499801689498,0.17181408851325658,average,,5.820244478512852,5.994851812868237,,,,1.0,False,9.579789440885177,英格兰国家联赛,False
20261010-EC-ForestGreen-Hartlepool-AO25,EC,2026-10-10,18:30,Forest Green,Hartlepool,1X2+OU25,A&O25,客胜 Hartlepool + 大于 2.5 球,0.08866407924397982,0.13071746361043415,0.11742402660767765,average,,8.51614468426529,8.77162902479325,,,,1.0,False,8.977754550286125,英格兰国家联赛,False
20261010-EC-ForestGreen-Hartlepool-AU25,EC,2026-10-10,18:30,Forest Green,Hartlepool,1X2+OU25,A&U25,客胜 Hartlepool + 小于 2.5 球,0.09481147795564741,0.07771499870419019,0.0835213641724248,average,,11.972984516100103,12.332174051583106,,,,1.0,False,11.1658281371827,英格兰国家联赛,False
20261010-F1-Lille-LeHavre-H,F1,2026-10-10,17:15,Lille,Le Havre,1X2,H,主胜 Lille,0.6274776667111424,0.6601617838132361,0.650356548682608,average,market_avg,1.537618098911506,1.5837466418788513,1.42,1.42,-0.07649370087069673,1.0,False,,法甲,False
20261010-F1-Lille-LeHavre-D,F1,2026-10-10,17:15,Lille,Le Havre,1X2,D,平局,0.24136436397145042,0.20116517875853973,0.21322493432241293,average,market_avg,4.689883025068358,4.830579515820409,4.66,4.66,-0.006371806057555718,1.0,False,,法甲,False
20261010-F1-Lille-LeHavre-A,F1,2026-10-10,17:15,Lille,Le Havre,1X2,A,客胜 Le Havre,0.13115796931740742,0.13867303742822412,0.13641851699497912,average,market_avg,7.330383162256521,7.550294657124217,6.76,6.76,-0.07781082511394122,1.0,False,,法甲,False
20261010-F1-Lille-LeHavre-O25,F1,2026-10-10,17:15,Lille,Le Havre,OU25,O25,大于 2.5 球,0.42626592012857323,0.5844155844155844,0.536970685129481,average,market_avg,1.862299055969634,1.918168027648723,1.6,1.6,-0.14084690379283038,1.0,False,,法甲,False
20261010-F1-Lille-LeHavre-U25,F1,2026-10-10,17:15,Lille,Le Havre,OU25,U25,小于 2.5 球,0.5737340798714268,0.41558441558441556,0.4630293148705189,average,market_avg,2.159690472901568,2.224481187088615,2.25,2.25,0.04181595845866748,1.0,True,,法甲,False
20261010-F1-Lille-LeHavre-HO25,F1,2026-10-10,17:15,Lille,Le Havre,1X2+OU25,H&O25,主胜 Lille + 大于 2.5 球,0.33605323526266756,0.45458517332272036,0.41939848757499704,average,,2.3843672059527385,2.455898222131321,,,,1.0,False,2.863504734044721,法甲,False
20261010-F1-Lille-LeHavre-HU25,F1,2026-10-10,17:15,Lille,Le Havre,1X2+OU25,H&U25,主胜 Lille + 小于 2.5 球,0.29142443144847474,0.2055766104912911,0.2309580611080202,average,,4.329790418236561,4.459684130783658,,,,1.0,False,3.3207791591802005,法甲,False
20261010-F1-Lille-LeHavre-DO25,F1,2026-10-10,17:15,Lille,Le Havre,1X2+OU25,D&O25,平局 + 大于 2.5 球,0.03357881735470393,0.04759124050144561,0.0432547986103601,average,,23.118822237690104,23.812386904820805,,,,1.0,False,8.733964730192815,法甲,False
20261010-F1-Lille-LeHavre-DU25,F1,2026-10-10,17:15,Lille,Le Havre,1X2+OU25,D&U25,平局 + 小于 2.5 球,0.20778554661674647,0.1535739382563054,0.16997013571163744,average,,5.883386489121527,6.0598880837951725,,,,1.0,False,10.128695688262919,法甲,False
20261010-F1-Lille-LeHavre-AO25,F1,2026-10-10,17:15,Lille,Le Havre,1X2+OU25,A&O25,客胜 Le Havre + 大于 2.5 球,0.05663386751120175,0.08223917059141846,0.07431739894412401,average,,13.455799236890087,13.85947321399679,,,,1.0,False,13.65136564296602,法甲,False
20261010-F1-Lille-LeHavre-AU25,F1,2026-10-10,17:15,Lille,Le Havre,1X2+OU25,A&U25,客胜 Le Havre + 小于 2.5 球,0.07452410180620565,0.05643386683681914,0.062101118050861326,average,,16.102769666417146,16.58585275640966,,,,1.0,False,15.831358678243479,法甲,False
20261010-F1-Brest-Angers-H,F1,2026-10-10,20:45,Brest,Angers,1X2,H,主胜 Brest,0.4973952627898729,0.4740722828816428,0.48106917685411177,average,market_avg,2.078703122364579,2.1410642160355167,1.98,1.98,-0.04748302982885866,1.0,False,,法甲,False
20261010-F1-Brest-Angers-D,F1,2026-10-10,20:45,Brest,Angers,1X2,D,平局,0.2753473924340642,0.26001748479380965,0.264616457085886,average,market_avg,3.7790544511577076,3.8924260846924392,3.61,3.61,-0.044734589919951606,1.0,False,,法甲,False
20261010-F1-Brest-Angers-A,F1,2026-10-10,20:45,Brest,Angers,1X2,A,客胜 Angers,0.22725734477606288,0.2659102323245475,0.25431436606000213,average,market_avg,3.932141213619301,4.05010545002788,3.53,3.53,-0.10227028780819258,1.0,False,,法甲,False
20261010-F1-Brest-Angers-O25,F1,2026-10-10,20:45,Brest,Angers,OU25,O25,大于 2.5 球,0.43396775956174577,0.5425531914893618,0.5099775619110769,average,market_avg,1.9608705846834231,2.019696702223926,1.72,1.72,-0.12283859351294779,1.0,False,,法甲,False
20261010-F1-Brest-Angers-U25,F1,2026-10-10,20:45,Brest,Angers,OU25,U25,小于 2.5 球,0.5660322404382543,0.4574468085106383,0.4900224380889231,average,market_avg,2.040722877711434,2.101944564042777,2.04,2.04,-0.00035422629859682697,1.0,False,,法甲,False
20261010-F1-Brest-Angers-HO25,F1,2026-10-10,20:45,Brest,Angers,1X2+OU25,H&O25,主胜 Brest + 大于 2.5 球,0.27142580670163313,0.3119387824355608,0.30089515552504664,average,,3.323416750446019,3.4231192529593995,,,,1.0,False,4.076067806934289,法甲,False
20261010-F1-Brest-Angers-HU25,F1,2026-10-10,20:45,Brest,Angers,1X2+OU25,H&U25,主胜 Brest + 小于 2.5 球,0.22596945608823973,0.16213350044619046,0.18017402132957291,average,,5.550189714480579,5.716695405914996,,,,1.0,False,4.242057017779586,法甲,False
20261010-F1-Brest-Angers-DO25,F1,2026-10-10,20:45,Brest,Angers,1X2+OU25,D&O25,平局 + 大于 2.5 球,0.04946330374695342,0.06751831062921662,0.06176007149557252,average,,16.191691100482103,16.677441833496566,,,,1.0,False,7.410236711192107,法甲,False
20261010-F1-Brest-Angers-DU25,F1,2026-10-10,20:45,Brest,Angers,1X2+OU25,D&U25,平局 + 小于 2.5 球,0.22588408868711077,0.19249917416444723,0.2028563855896446,average,,4.929595867013456,5.077483743023859,,,,1.0,False,7.71200287459476,法甲,False
20261010-F1-Brest-Angers-AO25,F1,2026-10-10,20:45,Brest,Angers,1X2+OU25,A&O25,客胜 Angers + 大于 2.5 球,0.11307864911315917,0.1630960984245843,0.14732233489045776,average,,6.787837029215936,6.991472140092414,,,,1.0,False,7.710420040607465,法甲,False
20261010-F1-Brest-Angers-AU25,F1,2026-10-10,20:45,Brest,Angers,1X2+OU25,A&U25,客胜 Angers + 小于 2.5 球,0.11417869566290374,0.10281413390000049,0.10699203116970556,average,,9.346490472863803,9.626885187049718,,,,1.0,False,8.02441053302491,法甲,False
20261010-F1-Lorient-ParisFC-H,F1,2026-10-10,20:45,Lorient,Paris FC,1X2,H,主胜 Lorient,0.3695322674343832,0.2977517953159395,0.3192859369514726,average,market_avg,3.1319888672453096,3.225948533262669,3.15,3.15,0.0057507013971387355,1.0,False,,法甲,False
20261010-F1-Lorient-ParisFC-D,F1,2026-10-10,20:45,Lorient,Paris FC,1X2,D,平局,0.2813816943683762,0.28165710367724006,0.28157448088458087,average,market_avg,3.5514582033799655,3.6580019494813647,3.33,3.33,-0.06235697865434564,1.0,False,,法甲,False
20261010-F1-Lorient-ParisFC-A,F1,2026-10-10,20:45,Lorient,Paris FC,1X2,A,客胜 Paris FC,0.34908603819724054,0.4205911010068204,0.3991395821639464,average,market_avg,2.5053892038932144,2.580550880010011,2.23,2.23,-0.10991873177439948,1.0,False,,法甲,False
20261010-F1-Lorient-ParisFC-O25,F1,2026-10-10,20:45,Lorient,Paris FC,OU25,O25,大于 2.5 球,0.4656247336676506,0.4959785522788205,0.4868724066954695,average,market_avg,2.0539262160845424,2.1155440025670784,1.88,1.88,-0.08467987541251742,1.0,False,,法甲,False
20261010-F1-Lorient-ParisFC-U25,F1,2026-10-10,20:45,Lorient,Paris FC,OU25,U25,小于 2.5 球,0.5343752663323493,0.5040214477211796,0.5131275933045305,average,market_avg,1.9488330252521051,2.0072980160096683,1.85,1.85,-0.050713952386618466,1.0,False,,法甲,False
20261010-F1-Lorient-ParisFC-HO25,F1,2026-10-10,20:45,Lorient,Paris FC,1X2+OU25,H&O25,主胜 Lorient + 大于 2.5 球,0.2085122195872289,0.1778978765293394,0.18760717450231995,average,,5.330286555686248,5.490195152356836,,,,1.0,False,6.43287404292007,法甲,False
20261010-F1-Lorient-ParisFC-HU25,F1,2026-10-10,20:45,Lorient,Paris FC,1X2+OU25,H&U25,主胜 Lorient + 小于 2.5 球,0.16102004784715435,0.11985391878700677,0.13167876244942087,average,,7.594239051146232,7.822066222680619,,,,1.0,False,6.103723339209591,法甲,False
20261010-F1-Lorient-ParisFC-DO25,F1,2026-10-10,20:45,Lorient,Paris FC,1X2+OU25,D&O25,平局 + 大于 2.5 球,0.061298555230727504,0.06815914802419396,0.06604643777770856,average,,15.14086200024419,15.595087860251517,,,,1.0,False,7.294433109250619,法甲,False
20261010-F1-Lorient-ParisFC-DU25,F1,2026-10-10,20:45,Lorient,Paris FC,1X2+OU25,D&U25,平局 + 小于 2.5 球,0.22008313913764865,0.2134979556520834,0.21552804310627982,average,,4.639767454794207,4.778960478438033,,,,1.0,False,6.9211990345493835,法甲,False
20261010-F1-Lorient-ParisFC-AO25,F1,2026-10-10,20:45,Lorient,Paris FC,1X2+OU25,A&O25,客胜 Paris FC + 大于 2.5 球,0.19581395884969416,0.2499215277252871,0.23321879441544097,average,,4.287819094968239,4.4164536678172865,,,,1.0,False,5.145884567371454,法甲,False
20261010-F1-Lorient-ParisFC-AU25,F1,2026-10-10,20:45,Lorient,Paris FC,1X2+OU25,A&U25,客胜 Paris FC + 小于 2.5 球,0.15327207934754644,0.17066957328208934,0.16592078774882982,average,,6.0269723496840895,6.2077815201746125,,,,1.0,False,4.882585221657177,法甲,False
20261010-F1-Monaco-Toulouse-H,F1,2026-10-10,20:45,Monaco,Toulouse,1X2,H,主胜 Monaco,0.5572378004676585,0.5907091036091067,0.5806677126666722,average,market_avg,1.7221553363240678,1.77381999641379,1.59,1.59,-0.07673833685999121,1.0,False,,法甲,False
20261010-F1-Monaco-Toulouse-D,F1,2026-10-10,20:45,Monaco,Toulouse,1X2,D,平局,0.22927639763169838,0.2225657523076966,0.22457894590489713,average,market_avg,4.452777155804587,4.586360470478724,4.22,4.22,-0.052276848281334165,1.0,False,,法甲,False
20261010-F1-Monaco-Toulouse-A,F1,2026-10-10,20:45,Monaco,Toulouse,1X2,A,客胜 Toulouse,0.2134858019006433,0.18672514408319674,0.1947533414284307,average,market_avg,5.13470009123046,5.288741093967373,5.03,5.03,-0.02039069261499349,1.0,False,,法甲,False
20261010-F1-Monaco-Toulouse-O25,F1,2026-10-10,20:45,Monaco,Toulouse,OU25,O25,大于 2.5 球,0.5985667658451054,0.6015424164524421,0.6006497212702411,average,market_avg,1.6648638375877733,1.7148097527154067,1.55,1.55,-0.06899293203112633,1.0,False,,法甲,False
20261010-F1-Monaco-Toulouse-U25,F1,2026-10-10,20:45,Monaco,Toulouse,OU25,U25,小于 2.5 球,0.4014332341548946,0.39845758354755784,0.39935027872975887,average,market_avg,2.5040673645721983,2.579189385509364,2.34,2.34,-0.06552034777236426,1.0,False,,法甲,False
20261010-F1-Monaco-Toulouse-HO25,F1,2026-10-10,20:45,Monaco,Toulouse,1X2+OU25,H&O25,主胜 Monaco + 大于 2.5 球,0.3881669715742426,0.41094424551589687,0.40411777114402503,average,,2.474526168866764,2.5487619539327673,,,,1.0,False,2.86715414215475,法甲,False
20261010-F1-Monaco-Toulouse-HU25,F1,2026-10-10,20:45,Monaco,Toulouse,1X2+OU25,H&U25,主胜 Monaco + 小于 2.5 球,0.1690708288934159,0.17976485809300394,0.17654994152250003,average,,5.664119689739785,5.834043280431978,,,,1.0,False,4.3123929744129565,法甲,False
20261010-F1-Monaco-Toulouse-DO25,F1,2026-10-10,20:45,Monaco,Toulouse,1X2+OU25,D&O25,平局 + 大于 2.5 球,0.07247491521784587,0.07014645373871152,0.07084372645031166,average,,14.115575931785287,14.539043209738846,,,,1.0,False,7.413267663535994,法甲,False
20261010-F1-Monaco-Toulouse-DU25,F1,2026-10-10,20:45,Monaco,Toulouse,1X2+OU25,D&U25,平局 + 小于 2.5 球,0.15680148241385247,0.1524192985692209,0.15373521945475574,average,,6.504690360131173,6.699831070935108,,,,1.0,False,11.150053957562879,法甲,False
20261010-F1-Monaco-Toulouse-AO25,F1,2026-10-10,20:45,Monaco,Toulouse,1X2+OU25,A&O25,客胜 Toulouse + 大于 2.5 球,0.13792487905301692,0.1204517171978336,0.12568822367590446,average,,7.956194866581672,8.194880712579122,,,,1.0,False,8.548576498748233,法甲,False
20261010-F1-Monaco-Toulouse-AU25,F1,2026-10-10,20:45,Monaco,Toulouse,1X2+OU25,A&U25,客胜 Toulouse + 小于 2.5 球,0.07556092284762639,0.06627342688533301,0.06906511775250311,average,,14.479089192079995,14.913461867842395,,,,1.0,False,12.857634925316082,法甲,False
20261011-F1-Nice-Strasbourg-H,F1,2026-10-11,15:00,Nice,Strasbourg,1X2,H,主胜 Nice,0.32254302587376893,0.40964000336782685,0.38351091011960947,average,market_avg,2.607487749665635,2.6857123821556037,2.29,2.29,-0.1217600158260943,1.0,False,,法甲,False
20261011-F1-Nice-Strasbourg-D,F1,2026-10-11,15:00,Nice,Strasbourg,1X2,D,平局,0.2496898593791066,0.2635043841888549,0.2593600267459304,average,market_avg,3.855644266182938,3.9713135941684263,3.56,3.56,-0.07667830478448778,1.0,False,,法甲,False
20261011-F1-Nice-Strasbourg-A,F1,2026-10-11,15:00,Nice,Strasbourg,1X2,A,客胜 Strasbourg,0.4277671147471246,0.32685561244331823,0.35712906313446013,average,market_avg,2.800108149202903,2.8841113936789906,2.87,2.87,0.024960411195900534,1.0,False,,法甲,False
20261011-F1-Nice-Strasbourg-O25,F1,2026-10-11,15:00,Nice,Strasbourg,OU25,O25,大于 2.5 球,0.5923221698097331,0.5620052770448549,0.5711003448743184,average,market_avg,1.7510057715340186,1.8035359446800392,1.66,1.66,-0.05197342750863154,1.0,False,,法甲,False
20261011-F1-Nice-Strasbourg-U25,F1,2026-10-11,15:00,Nice,Strasbourg,OU25,U25,小于 2.5 球,0.40767783019026693,0.4379947229551451,0.4288996551256816,average,market_avg,2.331547689650082,2.4014941203395845,2.13,2.13,-0.08644373458229815,1.0,False,,法甲,False
20261011-F1-Nice-Strasbourg-HO25,F1,2026-10-11,15:00,Nice,Strasbourg,1X2+OU25,H&O25,主胜 Nice + 大于 2.5 球,0.2163770927001502,0.2647405732189732,0.25069495364505945,average,,3.9889115654710245,4.1085789124351555,,,,1.0,False,4.565726098868777,法甲,False
20261011-F1-Nice-Strasbourg-HU25,F1,2026-10-11,15:00,Nice,Strasbourg,1X2+OU25,H&U25,主胜 Nice + 小于 2.5 球,0.10616593317361872,0.14489943014866943,0.13281595647443173,average,,7.529215815213506,7.7550922896699115,,,,1.0,False,6.079482038523802,法甲,False
20261011-F1-Nice-Strasbourg-DO25,F1,2026-10-11,15:00,Nice,Strasbourg,1X2+OU25,D&O25,平局 + 大于 2.5 球,0.08285290999640718,0.08117210580716776,0.08170675650171964,average,,12.238889937810143,12.606056635944448,,,,1.0,False,6.751255363068371,法甲,False
20261011-F1-Nice-Strasbourg-DU25,F1,2026-10-11,15:00,Nice,Strasbourg,1X2+OU25,D&U25,平局 + 小于 2.5 球,0.16683694938269938,0.18233227838204422,0.1776532702444587,average,,5.628942257150437,5.797810524864951,,,,1.0,False,8.989618480931416,法甲,False
20261011-F1-Nice-Strasbourg-AO25,F1,2026-10-11,15:00,Nice,Strasbourg,1X2+OU25,A&O25,客胜 Strasbourg + 大于 2.5 球,0.2930921671131757,0.21609259801871394,0.23869863472753922,average,,4.189382989732818,4.3150644794248025,,,,1.0,False,4.903005530173723,法甲,False
20261011-F1-Nice-Strasbourg-AU25,F1,2026-10-11,15:00,Nice,Strasbourg,1X2+OU25,A&U25,客胜 Strasbourg + 小于 2.5 球,0.13467494763394885,0.11076301442443143,0.11843042840679116,average,,8.44377592357554,8.697089201282807,,,,1.0,False,6.528585686044396,法甲,False
20261011-F1-Rennes-Auxerre-H,F1,2026-10-11,17:15,Rennes,Auxerre,1X2,H,主胜 Rennes,0.5491971624946885,0.6601376097062244,0.6268554755427636,average,market_avg,1.5952640425357199,1.6431219638117913,1.42,1.42,-0.10986522472927585,1.0,False,,法甲,False
20261011-F1-Rennes-Auxerre-D,F1,2026-10-11,17:15,Rennes,Auxerre,1X2,D,平局,0.23263335597563548,0.1940777237645628,0.2056444134278846,average,market_avg,4.862762782275533,5.008645665743799,4.83,4.83,-0.006737483143317458,1.0,False,,法甲,False
20261011-F1-Rennes-Auxerre-A,F1,2026-10-11,17:15,Rennes,Auxerre,1X2,A,客胜 Auxerre,0.2181694815296759,0.14578466652921282,0.16750011102935175,average,market_avg,5.970145296350077,6.149249655240579,6.43,6.43,0.07702571391873181,1.0,False,,法甲,False
20261011-F1-Rennes-Auxerre-O25,F1,2026-10-11,17:15,Rennes,Auxerre,OU25,O25,大于 2.5 球,0.5898779831411485,0.6352357320099257,0.6216284073492925,average,market_avg,1.6086780915694234,1.6569384343165061,1.47,1.47,-0.08620624119654008,1.0,False,,法甲,False
20261011-F1-Rennes-Auxerre-U25,F1,2026-10-11,17:15,Rennes,Auxerre,OU25,U25,小于 2.5 球,0.4101220168588515,0.3647642679900745,0.3783715926507076,average,market_avg,2.6429045399376654,2.7221916761357954,2.56,2.56,-0.031368722814188565,1.0,False,,法甲,False
20261011-F1-Rennes-Auxerre-HO25,F1,2026-10-11,17:15,Rennes,Auxerre,1X2+OU25,H&O25,主胜 Rennes + 大于 2.5 球,0.37837588524097565,0.4723716797017356,0.4435664409304378,average,,2.2544536910916233,2.322087301824372,,,,1.0,False,2.5662663154956853,法甲,False
20261011-F1-Rennes-Auxerre-HU25,F1,2026-10-11,17:15,Rennes,Auxerre,1X2+OU25,H&U25,主胜 Rennes + 小于 2.5 球,0.17082127725371277,0.1877659300048021,0.18328903461260979,average,,5.455863751552559,5.619539664099135,,,,1.0,False,4.216130580416967,法甲,False
20261011-F1-Rennes-Auxerre-DO25,F1,2026-10-11,17:15,Rennes,Auxerre,1X2+OU25,D&O25,平局 + 大于 2.5 球,0.07189984279321257,0.06538329713247842,0.06750958187025727,average,,14.8127120965116,15.257093459406947,,,,1.0,False,7.822619952345824,法甲,False
20261011-F1-Rennes-Auxerre-DU25,F1,2026-10-11,17:15,Rennes,Auxerre,1X2+OU25,D&U25,平局 + 小于 2.5 球,0.1607335131824229,0.12869442663174208,0.13813483155730957,average,,7.239303720330079,7.456482831939981,,,,1.0,False,12.851817833915918,法甲,False
20261011-F1-Rennes-Auxerre-AO25,F1,2026-10-11,17:15,Rennes,Auxerre,1X2+OU25,A&O25,客胜 Auxerre + 大于 2.5 球,0.13960225510696017,0.09748075517571139,0.11055238454859738,average,,9.045485577567195,9.316850144894211,,,,1.0,False,9.604041941724612,法甲,False
20261011-F1-Rennes-Auxerre-AU25,F1,2026-10-11,17:15,Rennes,Auxerre,1X2+OU25,A&U25,客胜 Auxerre + 小于 2.5 球,0.07856722642271577,0.0483039113535302,0.05694772648078826,average,,17.55996352790936,18.086762433746642,,,,1.0,False,15.778524107811116,法甲,False
20261010-F2-Clermont-RedStar-H,F2,2026-10-10,14:00,Clermont,Red Star,1X2,H,主胜 Clermont,0.31692567868001786,0.2657860824742268,0.28112796133596407,average,market_avg,3.5570990350722975,3.663812006124467,3.44,3.44,-0.032919813004283593,1.0,False,,法乙,False
20261010-F2-Clermont-RedStar-D,F2,2026-10-10,14:00,Clermont,Red Star,1X2,D,平局,0.2979901565156313,0.2770618556701031,0.28334034592376156,average,market_avg,3.5293244128002517,3.6352041451842596,3.3,3.3,-0.06497685845158685,1.0,False,,法乙,False
20261010-F2-Clermont-RedStar-A,F2,2026-10-10,14:00,Clermont,Red Star,1X2,A,客胜 Red Star,0.3850841648043507,0.4571520618556701,0.43553169274027426,average,market_avg,2.2960441608926536,2.364925485719433,2.0,2.0,-0.1289366145194515,1.0,False,,法乙,False
20261010-F2-Clermont-RedStar-O25,F2,2026-10-10,14:00,Clermont,Red Star,OU25,O25,大于 2.5 球,0.35856374707760347,0.47708894878706204,0.44153138827422445,average,market_avg,2.264844644247408,2.33278998357483,1.94,1.94,-0.14342910674800458,1.0,False,,法乙,False
20261010-F2-Clermont-RedStar-U25,F2,2026-10-10,14:00,Clermont,Red Star,OU25,U25,小于 2.5 球,0.6414362529223965,0.522911051212938,0.5584686117257756,average,market_avg,1.7906109296094679,1.8443292574977521,1.77,1.77,-0.011510557245377306,1.0,False,,法乙,False
20261010-F2-Clermont-RedStar-HO25,F2,2026-10-10,14:00,Clermont,Red Star,1X2+OU25,H&O25,主胜 Clermont + 大于 2.5 球,0.1400783855995037,0.15086908718021128,0.14926245332612464,average,,6.699608493068867,6.900596747860933,,,,1.0,False,8.056276698641115,法乙,False
20261010-F2-Clermont-RedStar-HU25,F2,2026-10-10,14:00,Clermont,Red Star,1X2+OU25,H&U25,主胜 Clermont + 小于 2.5 球,0.1768472930805142,0.11491699529414573,0.13186550800989905,average,,7.583484226405367,7.810988753197528,,,,1.0,False,6.369380409903749,法乙,False
20261010-F2-Clermont-RedStar-DO25,F2,2026-10-10,14:00,Clermont,Red Star,1X2+OU25,D&O25,平局 + 大于 2.5 球,0.043047448090137864,0.060584396597700395,0.05507877469515658,average,,18.155814204921597,18.700488631069245,,,,1.0,False,7.993371494142279,法乙,False
20261010-F2-Clermont-RedStar-DU25,F2,2026-10-10,14:00,Clermont,Red Star,1X2+OU25,D&U25,平局 + 小于 2.5 球,0.25494270842549344,0.21647745907201535,0.22826157122843904,average,,4.380938914151355,4.5123670815758965,,,,1.0,False,6.3196468676976485,法乙,False
20261010-F2-Clermont-RedStar-AO25,F2,2026-10-10,14:00,Clermont,Red Star,1X2+OU25,A&O25,客胜 Red Star + 大于 2.5 球,0.17543791338796197,0.26563546500915036,0.23719016025294323,average,,4.216026495085566,4.342507289938133,,,,1.0,False,5.20018332075326,法乙,False
20261010-F2-Clermont-RedStar-AU25,F2,2026-10-10,14:00,Clermont,Red Star,1X2+OU25,A&U25,客胜 Red Star + 小于 2.5 球,0.20964625141638882,0.19151659684677694,0.19834153248743752,average,,5.0418083769890085,5.193062628298678,,,,1.0,False,4.111321769360385,法乙,False
20261010-F2-StEtienne-Rodez-H,F2,2026-10-10,20:00,St Etienne,Rodez,1X2,H,主胜 St Etienne,0.643799804703451,0.6656979618507994,0.6591285147065948,average,market_avg,1.5171548153172238,1.5626694597767408,1.38,1.38,-0.0904026497048992,1.0,False,,法乙,False
20261010-F2-StEtienne-Rodez-D,F2,2026-10-10,20:00,St Etienne,Rodez,1X2,D,平局,0.18016197816019885,0.19340277628507432,0.18943053684761166,average,market_avg,5.278979918662507,5.437349316222382,4.75,4.75,-0.10020494997384466,1.0,False,,法乙,False
20261010-F2-StEtienne-Rodez-A,F2,2026-10-10,20:00,St Etienne,Rodez,1X2,A,客胜 Rodez,0.17603821713635012,0.14089926186412624,0.1514409484457934,average,market_avg,6.603233869457301,6.80133088554102,6.52,6.52,-0.012605016133427127,1.0,False,,法乙,False
20261010-F2-StEtienne-Rodez-O25,F2,2026-10-10,20:00,St Etienne,Rodez,OU25,O25,大于 2.5 球,0.7246187300184808,0.6560975609756098,0.676653911688471,average,market_avg,1.477860369571611,1.5221961806587594,1.41,1.41,-0.045917984519255994,1.0,False,,法乙,False
20261010-F2-StEtienne-Rodez-U25,F2,2026-10-10,20:00,St Etienne,Rodez,OU25,U25,小于 2.5 球,0.27538126998151924,0.34390243902439027,0.32334608831152895,average,market_avg,3.0926615046493047,3.1854413497887837,2.69,2.69,-0.1301990224419871,1.0,False,,法乙,False
20261010-F2-StEtienne-Rodez-HO25,F2,2026-10-10,20:00,St Etienne,Rodez,1X2+OU25,H&O25,主胜 St Etienne + 大于 2.5 球,0.5133623947157325,0.49054577581500264,0.4979495301384357,average,,2.008235653364285,2.0684827229652134,,,,1.0,False,2.2421429760620617,法乙,False
20261010-F2-StEtienne-Rodez-HU25,F2,2026-10-10,20:00,St Etienne,Rodez,1X2+OU25,H&U25,主胜 St Etienne + 小于 2.5 球,0.13043740998771838,0.17515218603539262,0.1611789845679176,average,,6.204282789600402,6.390411273288414,,,,1.0,False,4.6920462939249035,法乙,False
20261010-F2-StEtienne-Rodez-DO25,F2,2026-10-10,20:00,St Etienne,Rodez,1X2+OU25,D&O25,平局 + 大于 2.5 球,0.08251258590975444,0.07262433477409856,0.07554170866092853,average,,13.237720164479377,13.634851769413759,,,,1.0,False,7.801595213555685,法乙,False
20261010-F2-StEtienne-Rodez-DU25,F2,2026-10-10,20:00,St Etienne,Rodez,1X2+OU25,D&U25,平局 + 小于 2.5 球,0.09764939225044442,0.12077844151138362,0.11388882818692798,average,,8.780492484817565,9.043907259362092,,,,1.0,False,16.32609797826425,法乙,False
20261010-F2-StEtienne-Rodez-AO25,F2,2026-10-10,20:00,St Etienne,Rodez,1X2+OU25,A&O25,客胜 Rodez + 大于 2.5 球,0.12874374939299374,0.09292745038650857,0.1031626728891068,average,,9.693428562818795,9.98423141970336,,,,1.0,False,9.758657646683947,法乙,False
20261010-F2-StEtienne-Rodez-AU25,F2,2026-10-10,20:00,St Etienne,Rodez,1X2+OU25,A&U25,客胜 Rodez + 小于 2.5 球,0.0472944677433564,0.047971811477614056,0.04827827555668339,average,,20.713250182805364,21.334647688289525,,,,1.0,False,20.421567194267066,法乙,False
20261010-G1-AEK-OFICrete-H,G1,2026-10-10,18:30,AEK,OFI Crete,1X2,H,主胜 AEK,0.7812174201697274,0.7536704132636869,0.761934515335499,average,market_avg,1.3124487470680792,1.5,1.21,1.21,-0.07805923644404622,1.0,False,,希超,False
20261010-G1-AEK-OFICrete-D,G1,2026-10-10,18:30,AEK,OFI Crete,1X2,D,平局,0.158567428085102,0.1580487348438581,0.15820434281623125,average,market_avg,6.320938996988161,6.510567166897807,5.77,5.77,-0.08716094195034574,1.0,False,,希超,False
20261010-G1-AEK-OFICrete-A,G1,2026-10-10,18:30,AEK,OFI Crete,1X2,A,客胜 OFI Crete,0.06021515174517041,0.08828085189245509,0.07986114184826969,average,market_avg,12.521734311036106,12.89738634036719,10.33,10.33,-0.17503440470737408,1.0,False,,希超,False
20261010-G1-AEK-OFICrete-O25,G1,2026-10-10,18:30,AEK,OFI Crete,OU25,O25,大于 2.5 球,0.6239366922416497,0.6281407035175879,0.6268795001348064,average,market_avg,1.595202905478575,1.6430589926429324,1.48,1.48,-0.07221833980048653,1.0,False,,希超,False
20261010-G1-AEK-OFICrete-U25,G1,2026-10-10,18:30,AEK,OFI Crete,OU25,U25,小于 2.5 球,0.3760633077583503,0.37185929648241206,0.3731204998651935,average,market_avg,2.680099325449271,2.760502305212749,2.5,2.5,-0.06719875033701617,1.0,False,,希超,False
20261010-G1-AEK-OFICrete-HO25,G1,2026-10-10,18:30,AEK,OFI Crete,1X2+OU25,H&O25,主胜 AEK + 大于 2.5 球,0.5548421650145534,0.5405870643850905,0.5449127792003257,average,,1.8351560803318419,1.890210762741797,,,,1.0,False,2.0936220546147157,希超,False
20261010-G1-AEK-OFICrete-HU25,G1,2026-10-10,18:30,AEK,OFI Crete,1X2+OU25,H&U25,主胜 AEK + 小于 2.5 球,0.22637525515517432,0.21308334887958594,0.21702173613586748,average,,4.607833380219322,4.746068381625902,,,,1.0,False,3.5174930017039006,希超,False
20261010-G1-AEK-OFICrete-DO25,G1,2026-10-10,18:30,AEK,OFI Crete,1X2+OU25,D&O25,平局 + 大于 2.5 球,0.03275337967323594,0.03354848032923081,0.033308690410430775,average,,30.022195039131446,30.92286089030539,,,,1.0,False,10.083180253348345,希超,False
20261010-G1-AEK-OFICrete-DU25,G1,2026-10-10,18:30,AEK,OFI Crete,1X2+OU25,D&U25,平局 + 小于 2.5 球,0.12581404841186605,0.12450025451365901,0.12489565240512097,average,,8.006683825601266,8.246884340369304,,,,1.0,False,16.940744342033963,希超,False
20261010-G1-AEK-OFICrete-AO25,G1,2026-10-10,18:30,AEK,OFI Crete,1X2+OU25,A&O25,客胜 OFI Crete + 大于 2.5 球,0.036341147553860254,0.054005158803266645,0.04865803052405007,average,,20.551592187968495,21.16813995360755,,,,1.0,False,19.97470695459556,希超,False
20261010-G1-AEK-OFICrete-AU25,G1,2026-10-10,18:30,AEK,OFI Crete,1X2+OU25,A&U25,客胜 OFI Crete + 小于 2.5 球,0.02387400419131016,0.034275693089167135,0.03120311132420513,average,,32.0480861542891,33.00952873891778,,,,1.0,False,33.55949168046286,希超,False
20261010-G1-AsterasTripolis-Atromitos-H,G1,2026-10-10,18:30,Asteras Tripolis,Atromitos,1X2,H,主胜 Asteras Tripolis,0.30619422431736226,0.39836740347034977,0.3707154497244535,average,market_avg,2.697486713173899,2.7784113145691163,2.29,2.29,-0.15106162013100144,1.0,False,,希超,False
20261010-G1-AsterasTripolis-Atromitos-D,G1,2026-10-10,18:30,Asteras Tripolis,Atromitos,1X2,D,平局,0.32123959605480235,0.2923914595984297,0.30104590053534147,average,market_avg,3.3217525906239813,3.421405168342701,3.12,3.12,-0.06073679032973456,1.0,False,,希超,False
20261010-G1-AsterasTripolis-Atromitos-A,G1,2026-10-10,18:30,Asteras Tripolis,Atromitos,1X2,A,客胜 Atromitos,0.3725661796278355,0.30924113693122063,0.3282386497402051,average,market_avg,3.046563836377836,3.137960751469171,2.95,2.95,-0.03169598326639489,1.0,False,,希超,False
20261010-G1-AsterasTripolis-Atromitos-O25,G1,2026-10-10,18:30,Asteras Tripolis,Atromitos,OU25,O25,大于 2.5 球,0.40827074417781983,0.41732283464566927,0.4146072075053144,average,market_avg,2.4119214087400596,2.4842790510022614,2.22,2.22,-0.07957199933820203,1.0,False,,希超,False
20261010-G1-AsterasTripolis-Atromitos-U25,G1,2026-10-10,18:30,Asteras Tripolis,Atromitos,OU25,U25,小于 2.5 球,0.5917292558221802,0.5826771653543307,0.5853927924946855,average,market_avg,1.7082547185769776,1.759502360134287,1.59,1.59,-0.06922545993345008,1.0,False,,希超,False
20261010-G1-AsterasTripolis-Atromitos-HO25,G1,2026-10-10,18:30,Asteras Tripolis,Atromitos,1X2+OU25,H&O25,主胜 Asteras Tripolis + 大于 2.5 球,0.15971187556277383,0.20738312114010124,0.1931002769972263,average,,5.1786564760565525,5.3340161703382485,,,,1.0,False,6.506125953295983,希超,False
20261010-G1-AsterasTripolis-Atromitos-HU25,G1,2026-10-10,18:30,Asteras Tripolis,Atromitos,1X2+OU25,H&U25,主胜 Asteras Tripolis + 小于 2.5 球,0.1464823487545884,0.19098428232977707,0.1776151727268449,average,,5.630149635571416,5.799054124638559,,,,1.0,False,4.607994406078015,希超,False
20261010-G1-AsterasTripolis-Atromitos-DO25,G1,2026-10-10,18:30,Asteras Tripolis,Atromitos,1X2+OU25,D&O25,平局 + 大于 2.5 球,0.051185687008495906,0.0464291286551506,0.04785219768836907,average,,20.897681784907018,21.524612238454228,,,,1.0,False,8.011806187863735,希超,False
20261010-G1-AsterasTripolis-Atromitos-DU25,G1,2026-10-10,18:30,Asteras Tripolis,Atromitos,1X2+OU25,D&U25,平局 + 小于 2.5 球,0.27005390904630644,0.24596233094414524,0.253193702847719,average,,3.949545303665947,4.068031662775925,,,,1.0,False,5.674399536878716,希超,False
20261010-G1-AsterasTripolis-Atromitos-AO25,G1,2026-10-10,18:30,Asteras Tripolis,Atromitos,1X2+OU25,A&O25,客胜 Atromitos + 大于 2.5 球,0.19737318160654999,0.16351058485041745,0.1736547328197191,average,,5.758553099950101,5.931309692948604,,,,1.0,False,7.34807254005295,希超,False
20261010-G1-AsterasTripolis-Atromitos-AU25,G1,2026-10-10,18:30,Asteras Tripolis,Atromitos,1X2+OU25,A&U25,客胜 Atromitos + 小于 2.5 球,0.1751929980212855,0.14573055208040836,0.15458391692012155,average,,6.468978273572483,6.663047621779658,,,,1.0,False,5.204307048938418,希超,False
20261011-G1-Kifisia-Panetolikos-H,G1,2026-10-11,16:00,Kifisia,Panetolikos,1X2,H,主胜 Kifisia,0.3922361651887783,0.4947918633723345,0.4640251539172676,average,market_avg,2.155055586013108,2.219707253593502,1.84,1.84,-0.1461937167922276,1.0,False,,希超,False
20261011-G1-Kifisia-Panetolikos-D,G1,2026-10-11,16:00,Kifisia,Panetolikos,1X2,D,平局,0.34018933856502476,0.27588394806215016,0.2951755652130125,average,market_avg,3.387814297156857,3.4894487260715628,3.3,3.3,-0.02592063479705875,1.0,False,,希超,False
20261011-G1-Kifisia-Panetolikos-A,G1,2026-10-11,16:00,Kifisia,Panetolikos,1X2,A,客胜 Panetolikos,0.267574496246197,0.22932418856551526,0.2407992808697198,average,market_avg,4.152836322385166,4.2774214120567216,3.97,3.97,-0.04402685494721237,1.0,False,,希超,False
20261011-G1-Kifisia-Panetolikos-O25,G1,2026-10-11,16:00,Kifisia,Panetolikos,OU25,O25,大于 2.5 球,0.3390797694933676,0.44533333333333336,0.4134572641813436,average,market_avg,2.418629654457823,2.491188544091558,2.08,2.08,-0.1400088905028053,1.0,False,,希超,False
20261011-G1-Kifisia-Panetolikos-U25,G1,2026-10-11,16:00,Kifisia,Panetolikos,OU25,U25,小于 2.5 球,0.6609202305066324,0.5546666666666668,0.5865427358186565,average,market_avg,1.7049056086327077,1.756052776891689,1.67,1.67,-0.020473631182843732,1.0,False,,希超,False
20261011-G1-Kifisia-Panetolikos-HO25,G1,2026-10-11,16:00,Kifisia,Panetolikos,1X2+OU25,H&O25,主胜 Kifisia + 大于 2.5 球,0.181014362133657,0.276564795982519,0.24642866686752962,average,,4.0579694428877495,4.179708526174382,,,,1.0,False,5.212281347336286,希超,False
20261011-G1-Kifisia-Panetolikos-HU25,G1,2026-10-11,16:00,Kifisia,Panetolikos,1X2+OU25,H&U25,主胜 Kifisia + 小于 2.5 球,0.21122180305512128,0.2182270673900579,0.2175964870498874,average,,4.595662428000201,4.733532300840208,,,,1.0,False,3.674166355508995,希超,False
20261011-G1-Kifisia-Panetolikos-DO25,G1,2026-10-11,16:00,Kifisia,Panetolikos,1X2+OU25,D&O25,平局 + 大于 2.5 球,0.039140223129783616,0.044489099947989795,0.04327866230522547,average,,23.106074604326665,23.799256842456465,,,,1.0,False,8.193868122899762,希超,False
20261011-G1-Kifisia-Panetolikos-DU25,G1,2026-10-11,16:00,Kifisia,Panetolikos,1X2+OU25,D&U25,平局 + 小于 2.5 球,0.30104911543524115,0.23139484811382272,0.2518969029075714,average,,3.969878106706736,4.088974449907938,,,,1.0,False,5.7759035962288,希超,False
20261011-G1-Kifisia-Panetolikos-AO25,G1,2026-10-11,16:00,Kifisia,Panetolikos,1X2+OU25,A&O25,客胜 Panetolikos + 大于 2.5 球,0.11892518422992704,0.12427943740282459,0.12374993500858848,average,,8.080812324714337,8.323236694455767,,,,1.0,False,10.044173079430333,希超,False
20261011-G1-Kifisia-Panetolikos-AU25,G1,2026-10-11,16:00,Kifisia,Panetolikos,1X2+OU25,A&U25,客胜 Panetolikos + 小于 2.5 球,0.14864931201626994,0.10504475116278618,0.11704934586119756,average,,8.543405284689463,8.799707443230147,,,,1.0,False,7.080193937768098,希超,False
20261011-G1-Aris-VolosNFC-H,G1,2026-10-11,18:00,Aris,Volos NFC,1X2,H,主胜 Aris,0.566877402397997,0.6171228084830892,0.6020491866575615,average,market_avg,1.660993855920261,1.7108236715978689,1.48,1.48,-0.10896720374680902,1.0,False,,希超,False
20261011-G1-Aris-VolosNFC-D,G1,2026-10-11,18:00,Aris,Volos NFC,1X2,D,平局,0.2810703993724239,0.22833543913874302,0.24415592720884727,average,market_avg,4.095743287627071,4.218615586255884,4.0,4.0,-0.02337629116461093,1.0,False,,希超,False
20261011-G1-Aris-VolosNFC-A,G1,2026-10-11,18:00,Aris,Volos NFC,1X2,A,客胜 Volos NFC,0.15205219822957897,0.15454175237816786,0.15379488613359119,average,market_avg,6.502166782914796,6.697231786402241,5.91,5.91,-0.09107222295047612,1.0,False,,希超,False
20261011-G1-Aris-VolosNFC-O25,G1,2026-10-11,18:00,Aris,Volos NFC,OU25,O25,大于 2.5 球,0.4174482435690921,0.5094339622641508,0.48183824665563324,average,market_avg,2.0753852707643063,2.1376468288872355,1.82,1.82,-0.12305439108674743,1.0,False,,希超,False
20261011-G1-Aris-VolosNFC-U25,G1,2026-10-11,18:00,Aris,Volos NFC,OU25,U25,小于 2.5 球,0.582551756430908,0.4905660377358491,0.5181617533443668,average,market_avg,1.9298992902230028,1.9877962689296929,1.89,1.89,-0.020674286179146906,1.0,False,,希超,False
20261011-G1-Aris-VolosNFC-HO25,G1,2026-10-11,18:00,Aris,Volos NFC,1X2+OU25,H&O25,主胜 Aris + 大于 2.5 球,0.3059635739204898,0.38169705871087517,0.35865127578252604,average,,2.7882237357671245,2.8718704478401382,,,,1.0,False,3.44720218340692,希超,False
20261011-G1-Aris-VolosNFC-HU25,G1,2026-10-11,18:00,Aris,Volos NFC,1X2+OU25,H&U25,主胜 Aris + 小于 2.5 球,0.2609138284775073,0.23542574977262792,0.24339791087534898,average,,4.108498698298724,4.231753659247685,,,,1.0,False,3.2055508636052803,希超,False
20261011-G1-Aris-VolosNFC-DO25,G1,2026-10-11,18:00,Aris,Volos NFC,1X2+OU25,D&O25,平局 + 大于 2.5 球,0.038493226161583995,0.041082374563380035,0.040590258926488175,average,,24.63645284478403,25.375546430127553,,,,1.0,False,8.500245291972998,希超,False
20261011-G1-Aris-VolosNFC-DU25,G1,2026-10-11,18:00,Aris,Volos NFC,1X2+OU25,D&U25,平局 + 小于 2.5 球,0.24257717321083994,0.18725306457490035,0.20356566828200678,average,,4.91241970436127,5.059792295492108,,,,1.0,False,7.904372063727112,希超,False
20261011-G1-Aris-VolosNFC-AO25,G1,2026-10-11,18:00,Aris,Volos NFC,1X2+OU25,A&O25,客胜 Volos NFC + 大于 2.5 球,0.07299144348701836,0.08665452898989567,0.08259671194661909,average,,12.10701947368418,12.470230057894705,,,,1.0,False,13.494501169314303,希超,False
20261011-G1-Aris-VolosNFC-AU25,G1,2026-10-11,18:00,Aris,Volos NFC,1X2+OU25,A&U25,客胜 Volos NFC + 小于 2.5 球,0.07906075474256062,0.0678872233883209,0.07119817418701097,average,,14.045303990146913,14.46666310985132,,,,1.0,False,12.54852705925885,希超,False
20261011-G1-Olympiakos-Panathinaikos-H,G1,2026-10-11,20:00,Olympiakos,Panathinaikos,1X2,H,主胜 Olympiakos,0.47901439130126366,0.43548758579391034,0.4485456274461163,average,market_avg,2.2294275962374193,2.296310424124542,2.09,2.09,-0.06253963863761702,1.0,False,,希超,False
20261011-G1-Olympiakos-Panathinaikos-D,G1,2026-10-11,20:00,Olympiakos,Panathinaikos,1X2,D,平局,0.35079527987905673,0.2853194527615275,0.3049622008967863,average,market_avg,3.2790949076946347,3.377467754925474,3.19,3.19,-0.027170579139251805,1.0,False,,希超,False
20261011-G1-Olympiakos-Panathinaikos-A,G1,2026-10-11,20:00,Olympiakos,Panathinaikos,1X2,A,客胜 Panathinaikos,0.17019032881967935,0.2791929614445621,0.24649217165709728,average,market_avg,4.056923971569898,4.178631690716995,3.26,3.26,-0.19643552039786294,1.0,False,,希超,False
20261011-G1-Olympiakos-Panathinaikos-O25,G1,2026-10-11,20:00,Olympiakos,Panathinaikos,OU25,O25,大于 2.5 球,0.2552786066240506,0.44533333333333336,0.38831691532054846,average,market_avg,2.5752161714987833,2.652472656643747,2.08,2.08,-0.19230081613325922,1.0,False,,希超,False
20261011-G1-Olympiakos-Panathinaikos-U25,G1,2026-10-11,20:00,Olympiakos,Panathinaikos,OU25,U25,小于 2.5 球,0.7447213933759493,0.5546666666666668,0.6116830846794515,average,market_avg,1.634833502914411,1.6838785080018432,1.67,1.67,0.02151075141468395,1.0,False,,希超,False
20261011-G1-Olympiakos-Panathinaikos-HO25,G1,2026-10-11,20:00,Olympiakos,Panathinaikos,1X2+OU25,H&O25,主胜 Olympiakos + 大于 2.5 球,0.17839879259415556,0.256415180943278,0.23724299568011709,average,,4.2150875608919325,4.3415401877186905,,,,1.0,False,5.741257999016262,希超,False
20261011-G1-Olympiakos-Panathinaikos-HU25,G1,2026-10-11,20:00,Olympiakos,Panathinaikos,1X2+OU25,H&U25,主胜 Olympiakos + 小于 2.5 球,0.3006155987071082,0.17907240485078485,0.21130263176629374,average,,4.73254872237477,4.874525184046013,,,,1.0,False,3.644742926650875,希超,False
20261011-G1-Olympiakos-Panathinaikos-DO25,G1,2026-10-11,20:00,Olympiakos,Panathinaikos,1X2+OU25,D&O25,平局 + 大于 2.5 球,0.021902757575178972,0.03949989169277329,0.03412420084043853,average,,29.30471557930114,30.18385704668017,,,,1.0,False,8.444378234174533,希超,False
20261011-G1-Olympiakos-Panathinaikos-DU25,G1,2026-10-11,20:00,Olympiakos,Panathinaikos,1X2+OU25,D&U25,平局 + 小于 2.5 球,0.3288925223038778,0.24581956106854067,0.27083800005595415,average,,3.692244071339338,3.803011393479518,,,,1.0,False,5.360774214335226,希超,False
20261011-G1-Olympiakos-Panathinaikos-AO25,G1,2026-10-11,20:00,Olympiakos,Panathinaikos,1X2+OU25,A&O25,客胜 Panathinaikos + 大于 2.5 球,0.05497705645471606,0.14941826069728206,0.11694971879999279,average,,8.550683236016996,8.807203733097506,,,,1.0,False,10.44745621812787,希超,False
20261011-G1-Olympiakos-Panathinaikos-AU25,G1,2026-10-11,20:00,Olympiakos,Panathinaikos,1X2+OU25,A&U25,客胜 Panathinaikos + 小于 2.5 球,0.1152132723649633,0.12977470074734127,0.12954245285720362,average,,7.719477113053537,7.9510614264451425,,,,1.0,False,6.63239522749906,希超,False
20261010-I1-Genoa-Fiorentina-H,I1,2026-10-10,15:00,Genoa,Fiorentina,1X2,H,主胜 Genoa,0.32462540734977924,0.2961785988729508,0.3047126414159993,average,market_avg,3.2817804845673653,3.3802338991043865,3.18,3.18,-0.031013800297122196,1.0,False,,意甲,False
20261010-I1-Genoa-Fiorentina-D,I1,2026-10-10,15:00,Genoa,Fiorentina,1X2,D,平局,0.27261573606584266,0.288910412397541,0.28402200949803147,average,market_avg,3.520853900609174,3.6264795176274496,3.26,3.26,-0.07408824903641742,1.0,False,,意甲,False
20261010-I1-Genoa-Fiorentina-A,I1,2026-10-10,15:00,Genoa,Fiorentina,1X2,A,客胜 Fiorentina,0.40275885658437816,0.41491098872950816,0.4112653490859691,average,market_avg,2.4315201906080453,2.504465796326287,2.27,2.27,-0.06642765757485003,1.0,False,,意甲,False
20261010-I1-Genoa-Fiorentina-O25,I1,2026-10-10,15:00,Genoa,Fiorentina,OU25,O25,大于 2.5 球,0.4417250590868897,0.46419098143236076,0.4574512047287194,average,market_avg,2.186025503185692,2.251606268281263,2.02,2.02,-0.07594856644798675,1.0,False,,意甲,False
20261010-I1-Genoa-Fiorentina-U25,I1,2026-10-10,15:00,Genoa,Fiorentina,OU25,U25,小于 2.5 球,0.5582749409131103,0.5358090185676393,0.5425487952712805,average,market_avg,1.8431521896569483,1.8984467553466566,1.75,1.75,-0.05053960827525905,1.0,False,,意甲,False
20261010-I1-Genoa-Fiorentina-HO25,I1,2026-10-10,15:00,Genoa,Fiorentina,1X2+OU25,H&O25,主胜 Genoa + 大于 2.5 球,0.1691356380918983,0.1632564721570428,0.1652040825750102,average,,6.053119174860308,6.234712750106118,,,,1.0,False,7.17405583512136,意甲,False
20261010-I1-Genoa-Fiorentina-HU25,I1,2026-10-10,15:00,Genoa,Fiorentina,1X2+OU25,H&U25,主胜 Genoa + 小于 2.5 球,0.155489769257881,0.1329221267160141,0.13950855884104774,average,,7.168018996880133,7.383059566786537,,,,1.0,False,6.04882088610378,意甲,False
20261010-I1-Genoa-Fiorentina-DO25,I1,2026-10-10,15:00,Genoa,Fiorentina,1X2+OU25,D&O25,平局 + 大于 2.5 球,0.056671490117051665,0.06604095802571358,0.0631134765263736,average,,15.844476568837468,16.319810865902593,,,,1.0,False,7.696676419722476,意甲,False
20261010-I1-Genoa-Fiorentina-DU25,I1,2026-10-10,15:00,Genoa,Fiorentina,1X2+OU25,D&U25,平局 + 小于 2.5 球,0.21594424594879102,0.22286945437154712,0.22090853297150642,average,,4.526760404175893,4.66256321630117,,,,1.0,False,6.489469576370006,意甲,False
20261010-I1-Genoa-Fiorentina-AO25,I1,2026-10-10,15:00,Genoa,Fiorentina,1X2+OU25,A&O25,客胜 Fiorentina + 大于 2.5 球,0.21591793087793967,0.23489355124960432,0.22913364562733568,average,,4.364265218502244,4.495193175057312,,,,1.0,False,5.315365148180123,意甲,False
20261010-I1-Genoa-Fiorentina-AU25,I1,2026-10-10,15:00,Genoa,Fiorentina,1X2+OU25,A&U25,客胜 Fiorentina + 小于 2.5 球,0.18684092570643845,0.18001743748007806,0.18213170345872645,average,,5.490532296188696,5.655248265074357,,,,1.0,False,4.481661763514299,意甲,False
20261010-I1-Inter-Parma-H,I1,2026-10-10,18:00,Inter,Parma,1X2,H,主胜 Inter,0.7647631236249919,0.8327705123169913,0.8123682957093914,average,market_avg,1.230968767837944,1.5,1.13,1.13,-0.08202382584838785,1.0,False,,意甲,False
20261010-I1-Inter-Parma-D,I1,2026-10-10,18:00,Inter,Parma,1X2,D,平局,0.1517261703992807,0.11229483041983294,0.12412423241366727,average,market_avg,8.056444584223591,8.2981379217503,8.38,8.38,0.04016106762653182,1.0,False,,意甲,False
20261010-I1-Inter-Parma-A,I1,2026-10-10,18:00,Inter,Parma,1X2,A,客胜 Parma,0.08351070597572735,0.05493465726317572,0.06350747187694121,average,market_avg,15.7461786848909,16.218564045437628,17.13,17.13,0.08788299325200288,1.0,False,,意甲,False
20261010-I1-Inter-Parma-O25,I1,2026-10-10,18:00,Inter,Parma,OU25,O25,大于 2.5 球,0.6125828821085039,0.7037861915367484,0.676425198708275,average,market_avg,1.4783600639207921,1.522710865838416,1.33,1.33,-0.10035448571799421,1.0,False,,意甲,False
20261010-I1-Inter-Parma-U25,I1,2026-10-10,18:00,Inter,Parma,OU25,U25,小于 2.5 球,0.38741711789149613,0.2962138084632517,0.323574801291725,average,market_avg,3.0904755129508095,3.1831897783393335,3.16,3.16,0.022496372081850957,1.0,False,,意甲,False
20261010-I1-Inter-Parma-HO25,I1,2026-10-10,18:00,Inter,Parma,1X2+OU25,H&O25,主胜 Inter + 大于 2.5 球,0.5309656866565955,0.6346499424511522,0.6027659678874304,average,,1.659018679347131,1.708789239727545,,,,1.0,False,1.8198150663054016,意甲,False
20261010-I1-Inter-Parma-HU25,I1,2026-10-10,18:00,Inter,Parma,1X2+OU25,H&U25,主胜 Inter + 小于 2.5 球,0.23379743696839647,0.19812056986594323,0.2096023278220953,average,,4.770939380257134,4.914067561664848,,,,1.0,False,3.804278834210395,意甲,False
20261010-I1-Inter-Parma-DO25,I1,2026-10-10,18:00,Inter,Parma,1X2+OU25,D&O25,平局 + 大于 2.5 球,0.03730911798454314,0.035377458498439006,0.0362738584363692,average,,27.5680625967645,28.395104474667434,,,,1.0,False,11.910325930507108,意甲,False
20261010-I1-Inter-Parma-DU25,I1,2026-10-10,18:00,Inter,Parma,1X2+OU25,D&U25,平局 + 小于 2.5 球,0.1144170524147376,0.07691737192130037,0.0878503739771779,average,,11.382990814128847,11.724480538552713,,,,1.0,False,24.898244708988173,意甲,False
20261010-I1-Inter-Parma-AO25,I1,2026-10-10,18:00,Inter,Parma,1X2+OU25,A&O25,客胜 Parma + 大于 2.5 球,0.0443080774673654,0.033758790587157105,0.037385372384475396,average,,26.74842956533606,27.550882452296143,,,,1.0,False,23.278521727103527,意甲,False
20261010-I1-Inter-Parma-AU25,I1,2026-10-10,18:00,Inter,Parma,1X2+OU25,A&U25,客胜 Parma + 小于 2.5 球,0.03920262850836195,0.021175866676008112,0.026122099492451777,average,,38.28176216421499,39.43021502914144,,,,1.0,False,48.663179648203304,意甲,False
20261011-I1-Como-Roma-H,I1,2026-10-11,12:30,Como,Roma,1X2,H,主胜 Como,0.3224672791471336,0.3690443224576892,0.3550712094645225,average,market_avg,2.816336479401089,2.9008265737831223,2.54,2.54,-0.0981191279601129,1.0,False,,意甲,False
20261011-I1-Como-Roma-D,I1,2026-10-11,12:30,Como,Roma,1X2,D,平局,0.27532976680844745,0.26479451385382224,0.26795508974020976,average,market_avg,3.7319686704571615,3.8439277305708766,3.54,3.54,-0.05143898231965738,1.0,False,,意甲,False
20261011-I1-Como-Roma-A,I1,2026-10-11,12:30,Como,Roma,1X2,A,客胜 Roma,0.4022029540444191,0.36616116368848856,0.3769737007952677,average,market_avg,2.6527049443777893,2.732286092709123,2.56,2.56,-0.03494732596411465,1.0,False,,意甲,False
20261011-I1-Como-Roma-O25,I1,2026-10-11,12:30,Como,Roma,OU25,O25,大于 2.5 球,0.4309786941114131,0.5796344647519582,0.5350377335597947,average,market_avg,1.869027055992196,1.925097867671962,1.61,1.61,-0.13858924896873048,1.0,False,,意甲,False
20261011-I1-Como-Roma-U25,I1,2026-10-11,12:30,Como,Roma,OU25,U25,小于 2.5 球,0.5690213058885869,0.42036553524804177,0.46496226644020533,average,market_avg,2.150712159195398,2.21523352397126,2.22,2.22,0.03221623149725583,1.0,True,,意甲,False
20261011-I1-Como-Roma-HO25,I1,2026-10-11,12:30,Como,Roma,1X2+OU25,H&O25,主胜 Como + 大于 2.5 球,0.16460485531653776,0.24565128187301738,0.2203821676986616,average,,4.537572211229652,4.6736993775665425,,,,1.0,False,5.2638090787784435,意甲,False
20261011-I1-Como-Roma-HU25,I1,2026-10-11,12:30,Como,Roma,1X2+OU25,H&U25,主胜 Como + 小于 2.5 球,0.15786242383059582,0.1233930405848129,0.1346890417659291,average,,7.424508979266935,7.647244248644944,,,,1.0,False,6.0571291106334835,意甲,False
20261011-I1-Como-Roma-DO25,I1,2026-10-11,12:30,Como,Roma,1X2+OU25,D&O25,平局 + 大于 2.5 球,0.054826247181708386,0.08523871890656361,0.07520514695955,average,,13.296962248313433,13.695871115762836,,,,1.0,False,6.975150417199658,意甲,False
20261011-I1-Como-Roma-DU25,I1,2026-10-11,12:30,Como,Roma,1X2+OU25,D&U25,平局 + 小于 2.5 球,0.2205035196267391,0.1795557949469553,0.1927499427805069,average,,5.188068984999624,5.343711054549613,,,,1.0,False,8.0263903972885,意甲,False
20261011-I1-Como-Roma-AO25,I1,2026-10-11,12:30,Como,Roma,1X2+OU25,A&O25,客胜 Roma + 大于 2.5 球,0.21154759161316689,0.24874446397237732,0.23945041890158314,average,,4.176229904241727,4.301516801368979,,,,1.0,False,4.957977312606362,意甲,False
20261011-I1-Como-Roma-AU25,I1,2026-10-11,12:30,Como,Roma,1X2+OU25,A&U25,客胜 Roma + 小于 2.5 球,0.19065536243125222,0.11741669971627355,0.1375232818937693,average,,7.271496042193467,7.489640923459271,,,,1.0,False,5.705204778631063,意甲,False
20261011-I1-Lazio-Monza-H,I1,2026-10-11,15:00,Lazio,Monza,1X2,H,主胜 Lazio,0.6718588817382296,0.5981370945472311,0.6202536307045305,average,market_avg,1.6122436862870517,1.6606109968756633,1.57,1.57,-0.026201799793887037,1.0,False,,意甲,False
20261011-I1-Lazio-Monza-D,I1,2026-10-11,15:00,Lazio,Monza,1X2,D,平局,0.19470666294032712,0.23594855237164644,0.22357598554225064,average,market_avg,4.4727522840820635,4.6069348526045255,3.98,3.98,-0.11016757754184248,1.0,False,,意甲,False
20261011-I1-Lazio-Monza-A,I1,2026-10-11,15:00,Lazio,Monza,1X2,A,客胜 Monza,0.13343445532144324,0.16591435308112243,0.15617038375321868,average,market_avg,6.403262743979714,6.595360626299105,5.66,5.66,-0.11607562795678228,1.0,False,,意甲,False
20261011-I1-Lazio-Monza-O25,I1,2026-10-11,15:00,Lazio,Monza,OU25,O25,大于 2.5 球,0.5576706884421119,0.5080213903743315,0.5229161797946655,average,market_avg,1.9123523781434184,1.969722949487721,1.84,1.84,-0.037834229177815426,1.0,False,,意甲,False
20261011-I1-Lazio-Monza-U25,I1,2026-10-11,15:00,Lazio,Monza,OU25,U25,小于 2.5 球,0.4423293115578881,0.4919786096256684,0.47708382020533435,average,market_avg,2.096067729921349,2.158949761818989,1.9,1.9,-0.09354074160986481,1.0,False,,意甲,False
20261011-I1-Lazio-Monza-HO25,I1,2026-10-11,15:00,Lazio,Monza,1X2+OU25,H&O25,主胜 Lazio + 大于 2.5 球,0.43819178915428564,0.37196280412802146,0.39143740315082975,average,,2.5546868846733,2.6313274912134994,,,,1.0,False,3.083178047617755,意甲,False
20261011-I1-Lazio-Monza-HU25,I1,2026-10-11,15:00,Lazio,Monza,1X2+OU25,H&U25,主胜 Lazio + 小于 2.5 球,0.23366709258394408,0.22617429041902068,0.22881622755359124,average,,4.3703194073759,4.501428989597177,,,,1.0,False,3.3793719635957276,意甲,False
20261011-I1-Lazio-Monza-DO25,I1,2026-10-11,15:00,Lazio,Monza,1X2+OU25,D&O25,平局 + 大于 2.5 球,0.047927259035446416,0.052524634059972285,0.05131216758091724,average,,19.488554998637312,20.07321164859643,,,,1.0,False,8.553478467310741,意甲,False
20261011-I1-Lazio-Monza-DU25,I1,2026-10-11,15:00,Lazio,Monza,1X2+OU25,D&U25,平局 + 小于 2.5 球,0.14677940390488073,0.18342391831186095,0.17226381796144058,average,,5.805049556162974,5.979201042847864,,,,1.0,False,9.375191726596418,意甲,False
20261011-I1-Lazio-Monza-AO25,I1,2026-10-11,15:00,Lazio,Monza,1X2+OU25,A&O25,客胜 Monza + 大于 2.5 球,0.07155164025237999,0.08353395218633779,0.08016660906291859,average,,12.474021437218981,12.848242080335552,,,,1.0,False,12.245294736326759,意甲,False
20261011-I1-Lazio-Monza-AU25,I1,2026-10-11,15:00,Lazio,Monza,1X2+OU25,A&U25,客胜 Monza + 小于 2.5 球,0.06188281506906326,0.08238040089478672,0.07600377469030256,average,,13.157241256434485,13.55195849412752,,,,1.0,False,13.421672403863505,意甲,False
20261011-I1-Lecce-Bologna-H,I1,2026-10-11,15:00,Lecce,Bologna,1X2,H,主胜 Lecce,0.21272129207303997,0.22861627556944425,0.22384778052052295,average,market_avg,4.467321488176728,4.6013411328220295,4.1,4.1,-0.08222409986585599,1.0,False,,意甲,False
20261011-I1-Lecce-Bologna-D,I1,2026-10-11,15:00,Lecce,Bologna,1X2,D,平局,0.27749081604212655,0.28063674545949746,0.27969296663428617,average,market_avg,3.575349112398506,3.6826095857704613,3.34,3.34,-0.0658254914414842,1.0,False,,意甲,False
20261011-I1-Lecce-Bologna-A,I1,2026-10-11,15:00,Lecce,Bologna,1X2,A,客胜 Bologna,0.5097878918848335,0.4907469789710583,0.4964592528451909,average,market_avg,2.0142639990473223,2.074691919018742,1.91,1.91,-0.05176282706568547,1.0,False,,意甲,False
20261011-I1-Lecce-Bologna-O25,I1,2026-10-11,15:00,Lecce,Bologna,OU25,O25,大于 2.5 球,0.3664321774848974,0.4523809523809524,0.42659631991213587,average,market_avg,2.3441364899865182,2.414460584686114,2.07,2.07,-0.11694561778187884,1.0,False,,意甲,False
20261011-I1-Lecce-Bologna-U25,I1,2026-10-11,15:00,Lecce,Bologna,OU25,U25,小于 2.5 球,0.6335678225151026,0.5476190476190476,0.573403680087864,average,market_avg,1.7439720649277444,1.7962912268755769,1.71,1.71,-0.019479707049752548,1.0,False,,意甲,False
20261011-I1-Lecce-Bologna-HO25,I1,2026-10-11,15:00,Lecce,Bologna,1X2+OU25,H&O25,主胜 Lecce + 大于 2.5 球,0.08723255325298392,0.11674123535430847,0.10757755147375803,average,,9.295619637187368,9.57448822630299,,,,1.0,False,10.472011312935942,意甲,False
20261011-I1-Lecce-Bologna-HU25,I1,2026-10-11,15:00,Lecce,Bologna,1X2+OU25,H&U25,主胜 Lecce + 小于 2.5 球,0.12548873882005604,0.11187504021525947,0.11627022904681115,average,,8.600653909414708,8.858673526697151,,,,1.0,False,7.790883880431651,意甲,False
20261011-I1-Lecce-Bologna-DO25,I1,2026-10-11,15:00,Lecce,Bologna,1X2+OU25,D&O25,平局 + 大于 2.5 球,0.03776584952146885,0.05367338597468997,0.04848137169063884,average,,20.626479101726567,21.245273474778365,,,,1.0,False,8.381106318814247,意甲,False
20261011-I1-Lecce-Bologna-DU25,I1,2026-10-11,15:00,Lecce,Bologna,1X2+OU25,D&U25,平局 + 小于 2.5 球,0.2397249665206577,0.22696335948412708,0.2312115949433765,average,,4.325042609757088,4.454793888049801,,,,1.0,False,6.235308974387201,意甲,False
20261011-I1-Lecce-Bologna-AO25,I1,2026-10-11,15:00,Lecce,Bologna,1X2+OU25,A&O25,客胜 Bologna + 大于 2.5 球,0.24143377471044464,0.28196633105195396,0.270537396747739,average,,3.6963466493781785,3.8072370488595237,,,,1.0,False,4.721709740632998,意甲,False
20261011-I1-Lecce-Bologna-AU25,I1,2026-10-11,15:00,Lecce,Bologna,1X2+OU25,A&U25,客胜 Bologna + 小于 2.5 球,0.268354117174389,0.20878064791966106,0.2259218560976765,average,,4.426309243704396,4.559098521015528,,,,1.0,False,3.512820145728175,意甲,False
20261011-I1-Sassuolo-Milan-H,I1,2026-10-11,18:00,Sassuolo,Milan,1X2,H,主胜 Sassuolo,0.2644302339927014,0.23142828587085013,0.2413288703074055,average,market_avg,4.143723039544323,4.268034730730653,4.04,4.04,-0.02503136395808181,1.0,False,,意甲,False
20261011-I1-Sassuolo-Milan-D,I1,2026-10-11,18:00,Sassuolo,Milan,1X2,D,平局,0.25002570906551147,0.2520135511908988,0.2514171985532826,average,market_avg,3.977452639494235,4.096776218679062,3.71,3.71,-0.06724219336732162,1.0,False,,意甲,False
20261011-I1-Sassuolo-Milan-A,I1,2026-10-11,18:00,Sassuolo,Milan,1X2,A,客胜 Milan,0.48554405694178715,0.5165581629382512,0.5072539311393119,average,market_avg,1.97139921173989,2.0305411880920867,1.81,1.81,-0.08187038463784535,1.0,False,,意甲,False
20261011-I1-Sassuolo-Milan-O25,I1,2026-10-11,18:00,Sassuolo,Milan,OU25,O25,大于 2.5 球,0.5041275846501508,0.5425531914893618,0.5310255094375984,average,market_avg,1.8831487042102475,1.939643165336555,1.72,1.72,-0.08663612376733076,1.0,False,,意甲,False
20261011-I1-Sassuolo-Milan-U25,I1,2026-10-11,18:00,Sassuolo,Milan,OU25,U25,小于 2.5 球,0.49587241534984916,0.4574468085106383,0.46897449056240154,average,market_avg,2.1323121409029824,2.196281505130072,2.04,2.04,-0.043292039252700865,1.0,False,,意甲,False
20261011-I1-Sassuolo-Milan-HO25,I1,2026-10-11,18:00,Sassuolo,Milan,1X2+OU25,H&O25,主胜 Sassuolo + 大于 2.5 球,0.1483119427450313,0.13915360824734302,0.14219399749939318,average,,7.032645664274735,7.243625034202977,,,,1.0,False,7.80324667252404,意甲,False
20261011-I1-Sassuolo-Milan-HU25,I1,2026-10-11,18:00,Sassuolo,Milan,1X2+OU25,H&U25,主胜 Sassuolo + 小于 2.5 球,0.11611829124767012,0.09227467762357995,0.09913487280805708,average,,10.087267695760096,10.389885726632897,,,,1.0,False,8.83571094575977,意甲,False
20261011-I1-Sassuolo-Milan-DO25,I1,2026-10-11,18:00,Sassuolo,Milan,1X2+OU25,D&O25,平局 + 大于 2.5 球,0.06334162396369136,0.07208186275226294,0.06936693811974085,average,,14.416089669026551,14.848572359097346,,,,1.0,False,7.490134784121197,意甲,False
20261011-I1-Sassuolo-Milan-DU25,I1,2026-10-11,18:00,Sassuolo,Milan,1X2+OU25,D&U25,平局 + 小于 2.5 球,0.1866840851018201,0.17993168843828927,0.18205026043333727,average,,5.492988571505931,5.657778228651109,,,,1.0,False,8.48117055306017,意甲,False
20261011-I1-Sassuolo-Milan-AO25,I1,2026-10-11,18:00,Sassuolo,Milan,1X2+OU25,A&O25,客胜 Milan + 大于 2.5 球,0.2924740179414282,0.33131772048975583,0.31946457381846444,average,,3.130237534782963,3.2241446608264517,,,,1.0,False,3.7124378710690773,意甲,False
20261011-I1-Sassuolo-Milan-AU25,I1,2026-10-11,18:00,Sassuolo,Milan,1X2+OU25,A&U25,客胜 Milan + 小于 2.5 球,0.19307003900035885,0.1852404424487691,0.18778935732100724,average,,5.325115407315652,5.484868869535122,,,,1.0,False,4.203638473759537,意甲,False
20261011-I1-Cagliari-Juventus-H,I1,2026-10-11,20:45,Cagliari,Juventus,1X2,H,主胜 Cagliari,0.1941747484482103,0.1531235476817509,0.16543890791168872,average,market_avg,6.044527328080526,6.225863147922942,6.13,6.13,0.014140505498651867,1.0,False,,意甲,False
20261011-I1-Cagliari-Juventus-D,I1,2026-10-11,20:45,Cagliari,Juventus,1X2,D,平局,0.25850116226393466,0.24129751858332465,0.24645861168750766,average,market_avg,4.057476397976023,4.179200689915304,3.89,3.89,-0.041276000535595214,1.0,False,,意甲,False
20261011-I1-Cagliari-Juventus-A,I1,2026-10-11,20:45,Cagliari,Juventus,1X2,A,客胜 Juventus,0.547324089287855,0.6055789337349244,0.5881024804008036,average,market_avg,1.7003839183240308,1.7513954358737518,1.55,1.55,-0.08844115537875441,1.0,False,,意甲,False
20261011-I1-Cagliari-Juventus-O25,I1,2026-10-11,20:45,Cagliari,Juventus,OU25,O25,大于 2.5 球,0.40927828863772564,0.4786096256684492,0.45781022455923215,average,market_avg,2.1843111978610223,2.2498405337968532,1.95,1.95,-0.1072700621094973,1.0,False,,意甲,False
20261011-I1-Cagliari-Juventus-U25,I1,2026-10-11,20:45,Cagliari,Juventus,OU25,U25,小于 2.5 球,0.5907217113622744,0.5213903743315508,0.5421897754407679,average,market_avg,1.8443726630349306,1.8997038429259785,1.79,1.79,-0.02948030196102558,1.0,False,,意甲,False
20261011-I1-Cagliari-Juventus-HO25,I1,2026-10-11,20:45,Cagliari,Juventus,1X2+OU25,H&O25,主胜 Cagliari + 大于 2.5 球,0.08548710740397392,0.07767454405975137,0.08061281828246926,average,,12.404975056150201,12.777124307834708,,,,1.0,False,13.203128728503259,意甲,False
20261011-I1-Cagliari-Juventus-HU25,I1,2026-10-11,20:45,Cagliari,Juventus,1X2+OU25,H&U25,主胜 Cagliari + 小于 2.5 球,0.10868764104423637,0.07544900362201254,0.08482608962922737,average,,11.788825871509273,12.14249064765455,,,,1.0,False,11.148360964879293,意甲,False
20261011-I1-Cagliari-Juventus-DO25,I1,2026-10-11,20:45,Cagliari,Juventus,1X2+OU25,D&O25,平局 + 大于 2.5 球,0.04122592548909969,0.04800442423770535,0.04596393713363608,average,,21.756186749028668,22.40887235149953,,,,1.0,False,8.862791131155834,意甲,False
20261011-I1-Cagliari-Juventus-DU25,I1,2026-10-11,20:45,Cagliari,Juventus,1X2+OU25,D&U25,平局 + 小于 2.5 球,0.21727523677483498,0.1932930943454193,0.20049467455376305,average,,4.9876636485516626,5.137293558008213,,,,1.0,False,7.483498549336416,意甲,False
20261011-I1-Cagliari-Juventus-AO25,I1,2026-10-11,20:45,Cagliari,Juventus,1X2+OU25,A&O25,客胜 Juventus + 大于 2.5 球,0.282565255744652,0.3529306573709925,0.33123346914312674,average,,3.0190185870616166,3.109589144673465,,,,1.0,False,3.7141676334579827,意甲,False
20261011-I1-Cagliari-Juventus-AU25,I1,2026-10-11,20:45,Cagliari,Juventus,1X2+OU25,A&U25,客胜 Juventus + 小于 2.5 球,0.2647588335432031,0.25264827636411896,0.2568690112577775,average,,3.893034800513415,4.009825844528818,,,,1.0,False,3.136141615621063,意甲,False
20261010-I2-Empoli-Palermo-H,I2,2026-10-10,15:00,Empoli,Palermo,1X2,H,主胜 Empoli,0.2533277808951234,0.26434542238811215,0.2610401299402155,average,market_avg,3.8308286171517922,3.945753475666346,3.47,3.47,-0.09419074910745207,1.0,False,,意乙,False
20261010-I2-Empoli-Palermo-D,I2,2026-10-10,15:00,Empoli,Palermo,1X2,D,平局,0.2919352020573158,0.26283054890737795,0.2715619448523593,average,market_avg,3.682401083641054,3.7928731161502856,3.49,3.49,-0.052248812465266026,1.0,False,,意乙,False
20261010-I2-Empoli-Palermo-A,I2,2026-10-10,15:00,Empoli,Palermo,1X2,A,客胜 Palermo,0.45473701704756064,0.4728240287045099,0.4673979252074251,average,market_avg,2.1395045764403275,2.2036897137335374,1.94,1.94,-0.09324802509759533,1.0,False,,意乙,False
20261010-I2-Empoli-Palermo-O25,I2,2026-10-10,15:00,Empoli,Palermo,OU25,O25,大于 2.5 球,0.43739452225393166,0.5335120643431636,0.504676801716394,average,market_avg,1.981466151404272,2.0409101359464,1.74,1.74,-0.12186236501347458,1.0,False,,意乙,False
20261010-I2-Empoli-Palermo-U25,I2,2026-10-10,15:00,Empoli,Palermo,OU25,U25,小于 2.5 球,0.5626054777460683,0.46648793565683644,0.49532319828360594,average,market_avg,2.0188838388050474,2.079450353969199,1.99,1.99,-0.014306835415624164,1.0,False,,意乙,False
20261010-I2-Empoli-Palermo-HO25,I2,2026-10-10,15:00,Empoli,Palermo,1X2+OU25,H&O25,主胜 Empoli + 大于 2.5 球,0.13264032691605207,0.16335919033118762,0.15409577149273898,average,,6.489470738313674,6.684154860463084,,,,1.0,False,7.590657236717111,意乙,False
20261010-I2-Empoli-Palermo-HU25,I2,2026-10-10,15:00,Empoli,Palermo,1X2+OU25,H&U25,主胜 Empoli + 小于 2.5 球,0.12068745397907135,0.10098623205698329,0.10694435844751118,average,,9.35065686976658,9.631176575859577,,,,1.0,False,7.733997984399641,意乙,False
20261010-I2-Empoli-Palermo-DO25,I2,2026-10-10,15:00,Empoli,Palermo,1X2+OU25,D&O25,平局 + 大于 2.5 球,0.05287503718994299,0.06454947107588355,0.06104497991258216,average,,16.38136340501747,16.872804307167996,,,,1.0,False,7.296553103129159,意乙,False
20261010-I2-Empoli-Palermo-DU25,I2,2026-10-10,15:00,Empoli,Palermo,1X2+OU25,D&U25,平局 + 小于 2.5 球,0.23906016486737286,0.19828107783129534,0.21051696493965946,average,,4.750210987920286,4.892717317557895,,,,1.0,False,7.434340035761118,意乙,False
20261010-I2-Empoli-Palermo-AO25,I2,2026-10-10,15:00,Empoli,Palermo,1X2+OU25,A&O25,客胜 Palermo + 大于 2.5 球,0.2518791581479366,0.3056034029360924,0.2895360503110729,average,,3.453801345033256,3.5574153853842536,,,,1.0,False,4.239355898991042,意乙,False
20261010-I2-Empoli-Palermo-AU25,I2,2026-10-10,15:00,Empoli,Palermo,1X2+OU25,A&U25,客胜 Palermo + 小于 2.5 球,0.20285785889962402,0.16722062576855784,0.17786187489643535,average,,5.622340372731794,5.791010583913748,,,,1.0,False,4.319411212424815,意乙,False
20261010-I2-VirtusEntella-JuveStabia-H,I2,2026-10-10,15:00,Virtus Entella,Juve Stabia,1X2,H,主胜 Virtus Entella,0.36319464158406634,0.448780977224842,0.42310507653260926,average,market_avg,2.3634790870275193,2.434383459638345,2.05,2.05,-0.13263459310815107,1.0,False,,意乙,False
20261010-I2-VirtusEntella-JuveStabia-D,I2,2026-10-10,15:00,Virtus Entella,Juve Stabia,1X2,D,平局,0.3348828888866528,0.2920638105748971,0.3049095340684238,average,market_avg,3.279661303656032,3.3780511427657127,3.15,3.15,-0.03953496768446507,1.0,False,,意乙,False
20261010-I2-VirtusEntella-JuveStabia-A,I2,2026-10-10,15:00,Virtus Entella,Juve Stabia,1X2,A,客胜 Juve Stabia,0.3019224695292808,0.2591552122002609,0.2719853893989668,average,market_avg,3.676668082097349,3.7869681245602695,3.55,3.55,-0.03445186763366781,1.0,False,,意乙,False
20261010-I2-VirtusEntella-JuveStabia-O25,I2,2026-10-10,15:00,Virtus Entella,Juve Stabia,OU25,O25,大于 2.5 球,0.32116821410301644,0.448,0.4099504642309049,average,market_avg,2.4393191062146213,2.5124986794010598,2.07,2.07,-0.15140253904202683,1.0,False,,意乙,False
20261010-I2-VirtusEntella-JuveStabia-U25,I2,2026-10-10,15:00,Virtus Entella,Juve Stabia,OU25,U25,小于 2.5 球,0.6788317858969836,0.5519999999999999,0.5900495357690949,average,market_avg,1.6947729629115948,1.7456161517989426,1.68,1.68,-0.008716779907920635,1.0,False,,意乙,False
20261010-I2-VirtusEntella-JuveStabia-HO25,I2,2026-10-10,15:00,Virtus Entella,Juve Stabia,1X2+OU25,H&O25,主胜 Virtus Entella + 大于 2.5 球,0.15669365193590368,0.25311260810547614,0.22253044491956958,average,,4.493767135375276,4.6285801494365355,,,,1.0,False,5.765279694124917,意乙,False
20261010-I2-VirtusEntella-JuveStabia-HU25,I2,2026-10-10,15:00,Virtus Entella,Juve Stabia,1X2+OU25,H&U25,主胜 Virtus Entella + 小于 2.5 球,0.20650098964816266,0.19566836911963637,0.20057463161315028,average,,4.985675366607214,5.135245627605431,,,,1.0,False,4.00556045510122,意乙,False
20261010-I2-VirtusEntella-JuveStabia-DO25,I2,2026-10-10,15:00,Virtus Entella,Juve Stabia,1X2+OU25,D&O25,平局 + 大于 2.5 球,0.037230871945560885,0.05133234711271361,0.04714188612078243,average,,21.21255813647116,21.84893488056529,,,,1.0,False,8.00014047992091,意乙,False
20261010-I2-VirtusEntella-JuveStabia-DU25,I2,2026-10-10,15:00,Virtus Entella,Juve Stabia,1X2+OU25,D&U25,平局 + 小于 2.5 球,0.297652016941092,0.24073146346177038,0.2577676479474658,average,,3.8794627951285974,3.9958466789824554,,,,1.0,False,5.558281304943637,意乙,False
20261010-I2-VirtusEntella-JuveStabia-AO25,I2,2026-10-10,15:00,Virtus Entella,Juve Stabia,1X2+OU25,A&O25,客胜 Juve Stabia + 大于 2.5 球,0.12724369022155188,0.1435550447818103,0.1402781331905529,average,,7.128694809772001,7.342555654065161,,,,1.0,False,8.96856669986953,意乙,False
20261010-I2-VirtusEntella-JuveStabia-AU25,I2,2026-10-10,15:00,Virtus Entella,Juve Stabia,1X2+OU25,A&U25,客胜 Juve Stabia + 小于 2.5 球,0.17467877930772893,0.11560016741859323,0.13170725620847878,average,,7.592596101289247,7.820373984327925,,,,1.0,False,6.231117659138615,意乙,False
20261011-I2-Catanzaro-Mantova-H,I2,2026-10-11,15:00,Catanzaro,Mantova,1X2,H,主胜 Catanzaro,0.5303374828234939,0.3999079633046287,0.43903681916028825,average,market_avg,2.2777132950093404,2.3460446938596204,2.29,2.29,0.005394315877060185,1.0,False,,意乙,False
20261011-I2-Catanzaro-Mantova-D,I2,2026-10-11,15:00,Catanzaro,Mantova,1X2,D,平局,0.2369598630003898,0.27418839400227535,0.26301983470170964,average,market_avg,3.8019946333480834,3.916054472348526,3.34,3.34,-0.12151375209628978,1.0,False,,意乙,False
20261011-I2-Catanzaro-Mantova-A,I2,2026-10-11,15:00,Catanzaro,Mantova,1X2,A,客胜 Mantova,0.23270265417611635,0.32590364269309596,0.29794334613800205,average,market_avg,3.356342784499768,3.457033068034761,2.81,2.81,-0.16277919735221424,1.0,False,,意乙,False
20261011-I2-Catanzaro-Mantova-O25,I2,2026-10-11,15:00,Catanzaro,Mantova,OU25,O25,大于 2.5 球,0.6284985511711845,0.5361930294906166,0.5638846859947869,average,market_avg,1.7734122327437085,1.8266145997260197,1.73,1.73,-0.024479493229018656,1.0,False,,意乙,False
20261011-I2-Catanzaro-Mantova-U25,I2,2026-10-11,15:00,Catanzaro,Mantova,OU25,U25,小于 2.5 球,0.37150144882881553,0.4638069705093834,0.436115314005213,average,market_avg,2.2929715327264266,2.3617606787082193,2.0,2.0,-0.12776937198957405,1.0,False,,意乙,False
20261011-I2-Catanzaro-Mantova-HO25,I2,2026-10-11,15:00,Catanzaro,Mantova,1X2+OU25,H&O25,主胜 Catanzaro + 大于 2.5 球,0.3859891293835002,0.26164457588571494,0.2971555298918166,average,,3.36524109231305,3.4661983250824413,,,,1.0,False,4.039324620052543,意乙,False
20261011-I2-Catanzaro-Mantova-HU25,I2,2026-10-11,15:00,Catanzaro,Mantova,1X2+OU25,H&U25,主胜 Catanzaro + 小于 2.5 球,0.1443483534399937,0.13826338741848848,0.14188128926813395,average,,7.048145707995032,7.259590079234884,,,,1.0,False,5.222731745168926,意乙,False
20261011-I2-Catanzaro-Mantova-DO25,I2,2026-10-11,15:00,Catanzaro,Mantova,1X2+OU25,D&O25,平局 + 大于 2.5 球,0.08093163916136524,0.07362287181646306,0.07598565382515425,average,,13.160378961810823,13.555190330665146,,,,1.0,False,6.742503791605421,意乙,False
20261011-I2-Catanzaro-Mantova-DU25,I2,2026-10-11,15:00,Catanzaro,Mantova,1X2+OU25,D&U25,平局 + 小于 2.5 球,0.1560282238390245,0.2005655221864734,0.18703418087704793,average,,5.3466162992815605,5.507014788260007,,,,1.0,False,8.717865461845802,意乙,False
20261011-I2-Catanzaro-Mantova-AO25,I2,2026-10-11,15:00,Catanzaro,Mantova,1X2+OU25,A&O25,客胜 Mantova + 大于 2.5 球,0.16157778262631903,0.2009255817884386,0.19074350227781608,average,,5.242642543825737,5.399921820140509,,,,1.0,False,5.952179351312969,意乙,False
20261011-I2-Catanzaro-Mantova-AU25,I2,2026-10-11,15:00,Catanzaro,Mantova,1X2+OU25,A&U25,客胜 Mantova + 小于 2.5 球,0.07112487154979732,0.12497806090442154,0.1071998438600311,average,,9.328371796004497,9.608222949884633,,,,1.0,False,7.695998458929716,意乙,False
20261011-I2-Padova-Carrarese-H,I2,2026-10-11,17:15,Padova,Carrarese,1X2,H,主胜 Padova,0.4310342380209801,0.47219460255075285,0.459846493191821,average,market_avg,2.174638743157401,2.239877905452123,1.94,1.94,-0.10789780320786724,1.0,False,,意乙,False
20261011-I2-Padova-Carrarese-D,I2,2026-10-11,17:15,Padova,Carrarese,1X2,D,平局,0.3188763916633974,0.2726361693298989,0.28650823602994846,average,market_avg,3.490301060299959,3.5950100921089576,3.36,3.36,-0.03733232693937316,1.0,False,,意乙,False
20261011-I2-Padova-Carrarese-A,I2,2026-10-11,17:15,Padova,Carrarese,1X2,A,客胜 Carrarese,0.25008937031562267,0.2551692281193483,0.25364527077823057,average,market_avg,3.9425138774786346,4.060789293802994,3.59,3.59,-0.08941347790615228,1.0,False,,意乙,False
20261011-I2-Padova-Carrarese-O25,I2,2026-10-11,17:15,Padova,Carrarese,OU25,O25,大于 2.5 球,0.350278346421748,0.5027027027027027,0.45697539581841623,average,market_avg,2.1883016222548664,2.2539506709225128,1.84,1.84,-0.1591652716941141,1.0,False,,意乙,False
20261011-I2-Padova-Carrarese-U25,I2,2026-10-11,17:15,Padova,Carrarese,OU25,U25,小于 2.5 球,0.649721653578252,0.49729729729729727,0.5430246041815836,average,market_avg,1.84153718321317,1.896783298709565,1.86,1.86,0.010025763777745444,1.0,False,,意乙,False
20261011-I2-Padova-Carrarese-HO25,I2,2026-10-11,17:15,Padova,Carrarese,1X2+OU25,H&O25,主胜 Padova + 大于 2.5 球,0.2013019018008887,0.29382972119708556,0.2658298052421757,average,,3.7618054118836755,3.874659574240186,,,,1.0,False,4.758765489469624,意乙,False
20261011-I2-Padova-Carrarese-HU25,I2,2026-10-11,17:15,Padova,Carrarese,1X2+OU25,H&U25,主胜 Padova + 小于 2.5 球,0.2297323362200914,0.1783648813542182,0.19401668794988913,average,,5.154195809477385,5.308821683761707,,,,1.0,False,4.004678105580308,意乙,False
20261011-I2-Padova-Carrarese-DO25,I2,2026-10-11,17:15,Padova,Carrarese,1X2+OU25,D&O25,平局 + 大于 2.5 球,0.039577118182897095,0.05735184514425358,0.05196746655042474,average,,19.242808364146182,19.820092615070568,,,,1.0,False,7.63783147241228,意乙,False
20261011-I2-Padova-Carrarese-DU25,I2,2026-10-11,17:15,Padova,Carrarese,1X2+OU25,D&U25,平局 + 小于 2.5 球,0.2792992734805002,0.21528432418486743,0.2345407694791781,average,,4.2636510582812654,4.3915605900297034,,,,1.0,False,6.427519183150727,意乙,False
20261011-I2-Padova-Carrarese-AO25,I2,2026-10-11,17:15,Padova,Carrarese,1X2+OU25,A&O25,客胜 Carrarese + 大于 2.5 球,0.10939932643796223,0.15152113636136355,0.13917812402581595,average,,7.18503721040608,7.400588326718262,,,,1.0,False,8.62740951384882,意乙,False
20261011-I2-Padova-Carrarese-AU25,I2,2026-10-11,17:15,Padova,Carrarese,1X2+OU25,A&U25,客胜 Carrarese + 小于 2.5 球,0.14069004387766043,0.1036480917582116,0.11446714675251644,average,,8.736131094121257,8.998215026944894,,,,1.0,False,7.260285900710837,意乙,False
20261010-N1-GoAheadEagles-SpartaRotterdam-H,N1,2026-10-10,16:30,Go Ahead Eagles,Sparta Rotterdam,1X2,H,主胜 Go Ahead Eagles,0.567652967131165,0.5340599455040871,0.5441378519922104,average,market_avg,1.8377695952207262,1.892902683077348,1.74,1.74,-0.053200137533553904,1.0,False,,荷甲,False
20261010-N1-GoAheadEagles-SpartaRotterdam-D,N1,2026-10-10,16:30,Go Ahead Eagles,Sparta Rotterdam,1X2,D,平局,0.2325884644835971,0.22888283378746596,0.2299945229963053,average,market_avg,4.347929624463554,4.478367513197461,4.06,4.06,-0.0662222366350006,1.0,False,,荷甲,False
20261010-N1-GoAheadEagles-SpartaRotterdam-A,N1,2026-10-10,16:30,Go Ahead Eagles,Sparta Rotterdam,1X2,A,客胜 Sparta Rotterdam,0.1997585683852381,0.23705722070844687,0.22586762501148422,average,market_avg,4.42737200583375,4.560193166008762,3.92,3.92,-0.1145989099549819,1.0,False,,荷甲,False
20261010-N1-GoAheadEagles-SpartaRotterdam-O25,N1,2026-10-10,16:30,Go Ahead Eagles,Sparta Rotterdam,OU25,O25,大于 2.5 球,0.6148440154090976,0.6784037558685446,0.6593358337307105,average,market_avg,1.5166777669912377,1.562178100000975,1.37,1.37,-0.09670990778892663,1.0,False,,荷甲,False
20261010-N1-GoAheadEagles-SpartaRotterdam-U25,N1,2026-10-10,16:30,Go Ahead Eagles,Sparta Rotterdam,OU25,U25,小于 2.5 球,0.3851559845909024,0.3215962441314554,0.34066416626928947,average,market_avg,2.935442288959492,3.0235055576282766,2.89,2.89,-0.01548055948175342,1.0,False,,荷甲,False
20261010-N1-GoAheadEagles-SpartaRotterdam-HO25,N1,2026-10-10,16:30,Go Ahead Eagles,Sparta Rotterdam,1X2+OU25,H&O25,主胜 Go Ahead Eagles + 大于 2.5 球,0.4068961585626619,0.4145997450765732,0.4129693235414964,average,,2.421487367207596,2.494131988223824,,,,1.0,False,2.7873042859237622,荷甲,False
20261010-N1-GoAheadEagles-SpartaRotterdam-HU25,N1,2026-10-10,16:30,Go Ahead Eagles,Sparta Rotterdam,1X2+OU25,H&U25,主胜 Go Ahead Eagles + 小于 2.5 球,0.16075680856850305,0.11946020042827511,0.13116852845127913,average,,7.623779970752947,7.852493369875536,,,,1.0,False,5.394666587174888,荷甲,False
20261010-N1-GoAheadEagles-SpartaRotterdam-DO25,N1,2026-10-10,16:30,Go Ahead Eagles,Sparta Rotterdam,1X2+OU25,D&O25,平局 + 大于 2.5 球,0.07340440845572264,0.08866064623885979,0.08383478618866111,average,,11.928222703993164,12.28606938511296,,,,1.0,False,6.5944081938664345,荷甲,False
20261010-N1-GoAheadEagles-SpartaRotterdam-DU25,N1,2026-10-10,16:30,Go Ahead Eagles,Sparta Rotterdam,1X2+OU25,D&U25,平局 + 小于 2.5 球,0.15918405602787444,0.14022218754763652,0.14615973680693709,average,,6.841829506855937,7.047084392061616,,,,1.0,False,12.763096489070081,荷甲,False
20261010-N1-GoAheadEagles-SpartaRotterdam-AO25,N1,2026-10-10,16:30,Go Ahead Eagles,Sparta Rotterdam,1X2+OU25,A&O25,客胜 Sparta Rotterdam + 大于 2.5 球,0.134543448390713,0.17514336455311155,0.16253172400055302,average,,6.1526450060703075,6.337224356252417,,,,1.0,False,6.714896687447449,荷甲,False
20261010-N1-GoAheadEagles-SpartaRotterdam-AU25,N1,2026-10-10,16:30,Go Ahead Eagles,Sparta Rotterdam,1X2+OU25,A&U25,客胜 Sparta Rotterdam + 小于 2.5 球,0.06521511999452509,0.06191385615554379,0.06333590101107317,average,,15.78883356889748,16.262498575964408,,,,1.0,False,12.996295014879799,荷甲,False
20261010-N1-Feyenoord-AZAlkmaar-H,N1,2026-10-10,18:45,Feyenoord,AZ Alkmaar,1X2,H,主胜 Feyenoord,0.5426599748749494,0.5172586293146573,0.5248790329827449,average,market_avg,1.9052008885119145,1.962356915167272,1.8,1.8,-0.05521774063105922,1.0,False,,荷甲,False
20261010-N1-Feyenoord-AZAlkmaar-D,N1,2026-10-10,18:45,Feyenoord,AZ Alkmaar,1X2,D,平局,0.23516271053174617,0.2351175587793897,0.23513110430509662,average,market_avg,4.252946469823237,4.3805348639179345,3.96,3.96,-0.06888082695181741,1.0,False,,荷甲,False
20261010-N1-Feyenoord-AZAlkmaar-A,N1,2026-10-10,18:45,Feyenoord,AZ Alkmaar,1X2,A,客胜 AZ Alkmaar,0.22217731459330442,0.24762381190595295,0.23998986271215839,average,market_avg,4.166842668681347,4.291847948741787,3.76,3.76,-0.09763811620228457,1.0,False,,荷甲,False
20261010-N1-Feyenoord-AZAlkmaar-O25,N1,2026-10-10,18:45,Feyenoord,AZ Alkmaar,OU25,O25,大于 2.5 球,0.6305407777963953,0.669833729216152,0.658045843790225,average,market_avg,1.519650962674851,1.5652404915550964,1.39,1.39,-0.08531627713158729,1.0,False,,荷甲,False
20261010-N1-Feyenoord-AZAlkmaar-U25,N1,2026-10-10,18:45,Feyenoord,AZ Alkmaar,OU25,U25,小于 2.5 球,0.3694592222036047,0.33016627078384797,0.341954156209775,average,market_avg,2.9243686085995124,3.0120996668574977,2.82,2.82,-0.03568927948843459,1.0,False,,荷甲,False
20261010-N1-Feyenoord-AZAlkmaar-HO25,N1,2026-10-10,18:45,Feyenoord,AZ Alkmaar,1X2+OU25,H&O25,主胜 Feyenoord + 大于 2.5 球,0.39636465379617475,0.39714836223424516,0.3972135184087082,average,,2.5175376810087857,2.5930638114390496,,,,1.0,False,2.895240364316112,荷甲,False
20261010-N1-Feyenoord-AZAlkmaar-HU25,N1,2026-10-10,18:45,Feyenoord,AZ Alkmaar,1X2+OU25,H&U25,主胜 Feyenoord + 小于 2.5 球,0.14629532107877463,0.12011026708077283,0.1276655145742943,average,,7.832968858775525,8.06795792453879,,,,1.0,False,5.571509671440142,荷甲,False
20261010-N1-Feyenoord-AZAlkmaar-DO25,N1,2026-10-10,18:45,Feyenoord,AZ Alkmaar,1X2+OU25,D&O25,平局 + 大于 2.5 球,0.0797271420438326,0.0905174833398889,0.0871601795634564,average,,11.473129185925513,11.817323061503279,,,,1.0,False,6.462994197071492,荷甲,False
20261010-N1-Feyenoord-AZAlkmaar-DU25,N1,2026-10-10,18:45,Feyenoord,AZ Alkmaar,1X2+OU25,D&U25,平局 + 小于 2.5 球,0.15543556848791357,0.14460007543902414,0.14797092474130452,average,,6.758084412517431,6.960826944892954,,,,1.0,False,12.437183150405188,荷甲,False
20261010-N1-Feyenoord-AZAlkmaar-AO25,N1,2026-10-10,18:45,Feyenoord,AZ Alkmaar,1X2+OU25,A&O25,客胜 AZ Alkmaar + 大于 2.5 球,0.15444898195638787,0.18216788364201797,0.1736721458180605,average,,5.757975726560108,5.930714998356912,,,,1.0,False,6.332146472776253,荷甲,False
20261010-N1-Feyenoord-AZAlkmaar-AU25,N1,2026-10-10,18:45,Feyenoord,AZ Alkmaar,1X2+OU25,A&U25,客胜 AZ Alkmaar + 小于 2.5 球,0.06772833263691652,0.06545592826405103,0.06631771689417623,average,,15.078926821255154,15.531294625892809,,,,1.0,False,12.185383897264748,荷甲,False
20261010-N1-ForSittard-Twente-H,N1,2026-10-10,20:00,For Sittard,Twente,1X2,H,主胜 For Sittard,0.23496936284883407,0.15144027430106394,0.17649900086539497,average,market_avg,5.6657544524155075,5.835727085987973,6.16,6.16,0.087233845330833,1.0,False,,荷甲,False
20261010-N1-ForSittard-Twente-D,N1,2026-10-10,20:00,For Sittard,Twente,1X2,D,平局,0.25443574194531837,0.18694831456804684,0.20719454278122829,average,market_avg,4.8263819431570445,4.971173401451757,4.99,4.99,0.033900768478329235,1.0,True,,荷甲,False
20261010-N1-ForSittard-Twente-A,N1,2026-10-10,20:00,For Sittard,Twente,1X2,A,客胜 Twente,0.5105948952058474,0.6616114111308893,0.6163064563533767,average,market_avg,1.6225694047031398,1.671246486844234,1.41,1.41,-0.13100789654173894,1.0,False,,荷甲,False
20261010-N1-ForSittard-Twente-O25,N1,2026-10-10,20:00,For Sittard,Twente,OU25,O25,大于 2.5 球,0.5671469777618103,0.6896551724137931,0.6529027140181983,average,market_avg,1.5316217539449943,1.5775704065633442,1.35,1.35,-0.1185813360754322,1.0,False,,荷甲,False
20261010-N1-ForSittard-Twente-U25,N1,2026-10-10,20:00,For Sittard,Twente,OU25,U25,小于 2.5 球,0.43285302223818967,0.3103448275862069,0.3470972859818017,average,market_avg,2.8810366441540833,2.967467743478706,3.0,3.0,0.04129185794540513,1.0,True,,荷甲,False
20261010-N1-ForSittard-Twente-HO25,N1,2026-10-10,20:00,For Sittard,Twente,1X2+OU25,H&O25,主胜 For Sittard + 大于 2.5 球,0.15074038145135815,0.11173117068071979,0.12518279580877573,average,,7.9883181513820825,8.227967695923546,,,,1.0,False,8.6777927718303,荷甲,False
20261010-N1-ForSittard-Twente-HU25,N1,2026-10-10,20:00,For Sittard,Twente,1X2+OU25,H&U25,主胜 For Sittard + 小于 2.5 球,0.08422898139747592,0.03970910362038404,0.05131620505668184,average,,19.48702167074591,20.07163232086829,,,,1.0,False,16.32324619418823,荷甲,False
20261010-N1-ForSittard-Twente-DO25,N1,2026-10-10,20:00,For Sittard,Twente,1X2+OU25,D&O25,平局 + 大于 2.5 球,0.07150862460511952,0.07116257075417022,0.07202477991264357,average,,13.88411045771839,14.300633771449942,,,,1.0,False,7.392191576986642,荷甲,False
20261010-N1-ForSittard-Twente-DU25,N1,2026-10-10,20:00,For Sittard,Twente,1X2+OU25,D&U25,平局 + 小于 2.5 球,0.1829271173401989,0.11578574381356053,0.13516976286818666,average,,7.398104271109574,7.6200473992428615,,,,1.0,False,13.904983236919035,荷甲,False
20261010-N1-ForSittard-Twente-AO25,N1,2026-10-10,20:00,For Sittard,Twente,1X2+OU25,A&O25,客胜 Twente + 大于 2.5 球,0.3448979717053324,0.5067614309789031,0.45569513829677905,average,,2.194449569371384,2.2602830564525256,,,,1.0,False,2.4851625975289084,荷甲,False
20261010-N1-ForSittard-Twente-AU25,N1,2026-10-10,20:00,For Sittard,Twente,1X2+OU25,A&U25,客胜 Twente + 小于 2.5 球,0.16569692350051501,0.15484998015226237,0.16061131805693316,average,,6.226211278868418,6.4129976172344705,,,,1.0,False,4.674681912633023,荷甲,False
20261010-N1-Ajax-Nijmegen-H,N1,2026-10-10,21:00,Ajax,Nijmegen,1X2,H,主胜 Ajax,0.575686915043955,0.7171340207516835,0.674699889039365,average,market_avg,1.4821404542155714,1.5266046678420386,1.3,1.3,-0.1228901442488255,1.0,False,,荷甲,False
20261010-N1-Ajax-Nijmegen-D,N1,2026-10-10,21:00,Ajax,Nijmegen,1X2,D,平局,0.2212792766367894,0.1624171127137959,0.18007576189069394,average,market_avg,5.55321820938345,5.719814755664954,5.74,5.74,0.0336348732525833,1.0,False,,荷甲,False
20261010-N1-Ajax-Nijmegen-A,N1,2026-10-10,21:00,Ajax,Nijmegen,1X2,A,客胜 Nijmegen,0.20303380831925558,0.12044886653452049,0.145224349069941,average,market_avg,6.885897622570121,7.092474551247224,7.74,7.74,0.12403646180134342,1.0,False,,荷甲,False
20261010-N1-Ajax-Nijmegen-O25,N1,2026-10-10,21:00,Ajax,Nijmegen,OU25,O25,大于 2.5 球,0.6642105584223847,0.7249466950959489,0.7067258540938797,average,market_avg,1.414975827199839,1.5,1.29,1.29,-0.08832364821889516,1.0,False,,荷甲,False
20261010-N1-Ajax-Nijmegen-U25,N1,2026-10-10,21:00,Ajax,Nijmegen,OU25,U25,小于 2.5 球,0.33578944157761526,0.2750533049040512,0.29327414590612044,average,market_avg,3.409778918323433,3.512072285873136,3.4,3.4,-0.002867903919190562,1.0,False,,荷甲,False
20261010-N1-Ajax-Nijmegen-HO25,N1,2026-10-10,21:00,Ajax,Nijmegen,1X2+OU25,H&O25,主胜 Ajax + 大于 2.5 球,0.43659409348352746,0.5669889441342102,0.5268640068001816,average,,1.8980229947255818,1.9549636845673493,,,,1.0,False,2.097192915230023,荷甲,False
20261010-N1-Ajax-Nijmegen-HU25,N1,2026-10-10,21:00,Ajax,Nijmegen,1X2+OU25,H&U25,主胜 Ajax + 小于 2.5 球,0.13909282156042757,0.1501450766179739,0.14783588223983934,average,,6.764257667686286,6.967185397716874,,,,1.0,False,5.053771274778573,荷甲,False
20261010-N1-Ajax-Nijmegen-DO25,N1,2026-10-10,21:00,Ajax,Nijmegen,1X2+OU25,D&O25,平局 + 大于 2.5 球,0.08154346178713161,0.06699304284970815,0.07176359547677989,average,,13.934641838333809,14.352681093483824,,,,1.0,False,7.857669529443556,荷甲,False
20261010-N1-Ajax-Nijmegen-DU25,N1,2026-10-10,21:00,Ajax,Nijmegen,1X2+OU25,D&U25,平局 + 小于 2.5 球,0.13973581484965783,0.09542406986354852,0.10831216641318646,average,,9.23257315512669,9.509550349780492,,,,1.0,False,18.935246379205495,荷甲,False
20261010-N1-Ajax-Nijmegen-AO25,N1,2026-10-10,21:00,Ajax,Nijmegen,1X2+OU25,A&O25,客胜 Nijmegen + 大于 2.5 球,0.14607300315172567,0.09096470811203042,0.10809825181691801,average,,9.250843405808846,9.52836870798311,,,,1.0,False,9.74337868450956,荷甲,False
20261010-N1-Ajax-Nijmegen-AU25,N1,2026-10-10,21:00,Ajax,Nijmegen,1X2+OU25,A&U25,客胜 Nijmegen + 小于 2.5 球,0.056960805167529965,0.029484158422528797,0.03712609725309465,average,,26.935230848069946,27.743287773512044,,,,1.0,False,23.479388547173045,荷甲,False
20261011-N1-Utrecht-WillemII-H,N1,2026-10-11,12:15,Utrecht,Willem II,1X2,H,主胜 Utrecht,0.7196381322753638,0.6281628818942252,0.6556054570085668,average,market_avg,1.5253076210848762,1.5710668497174225,1.48,1.48,-0.029703923627321216,1.0,False,,荷甲,False
20261011-N1-Utrecht-WillemII-D,N1,2026-10-11,12:15,Utrecht,Willem II,1X2,D,平局,0.18031632837372452,0.20522760821268285,0.19775422426099534,average,market_avg,5.056781991570523,5.20848545131764,4.53,4.53,-0.10417336409769107,1.0,False,,荷甲,False
20261011-N1-Utrecht-WillemII-A,N1,2026-10-11,12:15,Utrecht,Willem II,1X2,A,客胜 Willem II,0.1000455393509119,0.166609509893092,0.14664031873043798,average,market_avg,6.819406890667314,7.023989097387334,5.58,5.58,-0.1817470214841561,1.0,False,,荷甲,False
20261011-N1-Utrecht-WillemII-O25,N1,2026-10-11,12:15,Utrecht,Willem II,OU25,O25,大于 2.5 球,0.6331385892356449,0.645320197044335,0.641665714701728,average,market_avg,1.5584438705204005,1.6051971866360126,1.44,1.44,-0.07600137082951175,1.0,False,,荷甲,False
20261011-N1-Utrecht-WillemII-U25,N1,2026-10-11,12:15,Utrecht,Willem II,OU25,U25,小于 2.5 球,0.3668614107643551,0.35467980295566504,0.35833428529827205,average,market_avg,2.790690260541536,2.8744109683577825,2.62,2.62,-0.06116417251852724,1.0,False,,荷甲,False
20261011-N1-Utrecht-WillemII-HO25,N1,2026-10-11,12:15,Utrecht,Willem II,1X2+OU25,H&O25,主胜 Utrecht + 大于 2.5 球,0.5210577517782461,0.4726693421215271,0.48784286733306326,average,,2.049840362465059,2.1113355733390105,,,,1.0,False,2.3771063127377787,荷甲,False
20261011-N1-Utrecht-WillemII-HU25,N1,2026-10-11,12:15,Utrecht,Willem II,1X2+OU25,H&U25,主胜 Utrecht + 小于 2.5 球,0.19858038049711751,0.15549353977310756,0.1677625896757289,average,,5.960804503154825,6.139628638249469,,,,1.0,False,4.2566611224913435,荷甲,False
20261011-N1-Utrecht-WillemII-DO25,N1,2026-10-11,12:15,Utrecht,Willem II,1X2+OU25,D&O25,平局 + 大于 2.5 球,0.048827397529937956,0.061731821737717026,0.05765579498029773,average,,17.344310322001846,17.8646396316619,,,,1.0,False,7.880710899321026,荷甲,False
20261011-N1-Utrecht-WillemII-DU25,N1,2026-10-11,12:15,Utrecht,Willem II,1X2+OU25,D&U25,平局 + 小于 2.5 球,0.1314889308437866,0.14349578647453545,0.14009842928046504,average,,7.137838769042055,7.351973932113317,,,,1.0,False,14.111912253557692,荷甲,False
20261011-N1-Utrecht-WillemII-AO25,N1,2026-10-11,12:15,Utrecht,Willem II,1X2+OU25,A&O25,客胜 Willem II + 大于 2.5 球,0.06325343992746081,0.11091903318509073,0.09616705238836683,average,,10.398571809828793,10.710528964123657,,,,1.0,False,10.62766286934506,荷甲,False
20261011-N1-Utrecht-WillemII-AU25,N1,2026-10-11,12:15,Utrecht,Willem II,1X2+OU25,A&U25,客胜 Willem II + 小于 2.5 球,0.03679209942345108,0.055690476708021956,0.050473266342078056,average,,19.812468510014575,20.406842565315014,,,,1.0,False,19.030852392455117,荷甲,False
20261011-N1-Excelsior-Groningen-H,N1,2026-10-11,16:45,Excelsior,Groningen,1X2,H,主胜 Excelsior,0.42050896319312975,0.36962196256680085,0.3848880627546995,average,market_avg,2.59815800168718,2.6761027417377954,2.51,2.51,-0.033930962485704375,1.0,False,,荷甲,False
20261011-N1-Excelsior-Groningen-D,N1,2026-10-11,16:45,Excelsior,Groningen,1X2,D,平局,0.27623611327303654,0.2562848414482514,0.2622702229956869,average,market_avg,3.812861363283491,3.9272472041819957,3.62,3.62,-0.050581792755613364,1.0,False,,荷甲,False
20261011-N1-Excelsior-Groningen-A,N1,2026-10-11,16:45,Excelsior,Groningen,1X2,A,客胜 Groningen,0.30325492353383354,0.37409319598494767,0.3528417142496134,average,market_avg,2.834132019017918,2.919155979588455,2.48,2.48,-0.12495254866095873,1.0,False,,荷甲,False
20261011-N1-Excelsior-Groningen-O25,N1,2026-10-11,16:45,Excelsior,Groningen,OU25,O25,大于 2.5 球,0.5254722153606156,0.6086956521739131,0.5837286211299237,average,market_avg,1.7131248388408633,1.7645185840060893,1.53,1.53,-0.10689520967121668,1.0,False,,荷甲,False
20261011-N1-Excelsior-Groningen-U25,N1,2026-10-11,16:45,Excelsior,Groningen,OU25,U25,小于 2.5 球,0.4745277846393844,0.391304347826087,0.41627137887007615,average,market_avg,2.4022790197932715,2.4743473903870696,2.38,2.38,-0.009274118289218758,1.0,False,,荷甲,False
20261011-N1-Excelsior-Groningen-HO25,N1,2026-10-11,16:45,Excelsior,Groningen,1X2+OU25,H&O25,主胜 Excelsior + 大于 2.5 球,0.26692727502400543,0.26319561654086465,0.2653815577815294,average,,3.7681593565112466,3.881204137206584,,,,1.0,False,4.45096900792345,荷甲,False
20261011-N1-Excelsior-Groningen-HU25,N1,2026-10-11,16:45,Excelsior,Groningen,1X2+OU25,H&U25,主胜 Excelsior + 小于 2.5 球,0.15358168816912432,0.10642634602643421,0.11950650497353758,average,,8.367745339230117,8.61877769940702,,,,1.0,False,6.241500457561123,荷甲,False
20261011-N1-Excelsior-Groningen-DO25,N1,2026-10-11,16:45,Excelsior,Groningen,1X2+OU25,D&O25,平局 + 大于 2.5 球,0.07052628432750857,0.08403117285240598,0.0798908902717938,average,,12.517071678609883,12.89258382896818,,,,1.0,False,6.531907508497585,荷甲,False
20261011-N1-Excelsior-Groningen-DU25,N1,2026-10-11,16:45,Excelsior,Groningen,1X2+OU25,D&U25,平局 + 小于 2.5 球,0.205709828945528,0.1722536685949077,0.1823793327232325,average,,5.483077413807285,5.647569736221503,,,,1.0,False,9.159556858396302,荷甲,False
20261011-N1-Excelsior-Groningen-AO25,N1,2026-10-11,16:45,Excelsior,Groningen,1X2+OU25,A&O25,客胜 Groningen + 大于 2.5 球,0.1880186560091016,0.2614688627806425,0.2384561730766006,average,,4.193642744064187,4.319452026386112,,,,1.0,False,4.8552219583338,荷甲,False
20261011-N1-Excelsior-Groningen-AU25,N1,2026-10-11,16:45,Excelsior,Groningen,1X2+OU25,A&U25,客胜 Groningen + 小于 2.5 球,0.11523626752473198,0.1126243332047451,0.11438554117330607,average,,8.742363674136884,9.004634584360991,,,,1.0,False,6.808375888611088,荷甲,False
20261010-P1-CasaPia-SantaClara-H,P1,2026-10-10,16:30,Casa Pia,Santa Clara,1X2,H,主胜 Casa Pia,0.23234776469063848,0.2153430121760362,0.22044443793041688,average,market_avg,4.536290456625852,4.672379170324628,4.31,4.31,-0.049884472519903356,1.0,False,,葡超,False
20261010-P1-CasaPia-SantaClara-D,P1,2026-10-10,16:30,Casa Pia,Santa Clara,1X2,D,平局,0.29748914804381643,0.2829659702679012,0.2873229236006758,average,market_avg,3.4804045130412558,3.5848166484324935,3.28,3.28,-0.05758081058978348,1.0,False,,葡超,False
20261010-P1-CasaPia-SantaClara-A,P1,2026-10-10,16:30,Casa Pia,Santa Clara,1X2,A,客胜 Santa Clara,0.47016308726554507,0.5016910175560626,0.4922326384689073,average,market_avg,2.0315597175971636,2.0925065091250783,1.85,1.85,-0.08936961883252148,1.0,False,,葡超,False
20261010-P1-CasaPia-SantaClara-O25,P1,2026-10-10,16:30,Casa Pia,Santa Clara,OU25,O25,大于 2.5 球,0.31449434297238277,0.4077922077922079,0.3798028483462603,average,market_avg,2.632944972251276,2.7119333214188144,2.28,2.28,-0.13404950577052654,1.0,False,,葡超,False
20261010-P1-CasaPia-SantaClara-U25,P1,2026-10-10,16:30,Casa Pia,Santa Clara,OU25,U25,小于 2.5 球,0.6855056570276172,0.5922077922077923,0.6201971516537398,average,market_avg,1.612390507330654,1.6607622225505736,1.57,1.57,-0.026290471903628543,1.0,False,,葡超,False
20261010-P1-CasaPia-SantaClara-HO25,P1,2026-10-10,16:30,Casa Pia,Santa Clara,1X2+OU25,H&O25,主胜 Casa Pia + 大于 2.5 球,0.08529228981626619,0.10099745503084571,0.09672604631146124,average,,10.338476947356714,10.648631255777415,,,,1.0,False,11.943803150444483,葡超,False
20261010-P1-CasaPia-SantaClara-HU25,P1,2026-10-10,16:30,Casa Pia,Santa Clara,1X2+OU25,H&U25,主胜 Casa Pia + 小于 2.5 球,0.14705547487437226,0.1143455571452609,0.12371839161898376,average,,8.082872618322632,8.32535879687231,,,,1.0,False,7.314271670758161,葡超,False
20261010-P1-CasaPia-SantaClara-DO25,P1,2026-10-10,16:30,Casa Pia,Santa Clara,1X2+OU25,D&O25,平局 + 大于 2.5 球,0.03247303182816959,0.044498231072000655,0.04072978650053501,average,,24.552056023835636,25.288617704550706,,,,1.0,False,9.163713564012626,葡超,False
20261010-P1-CasaPia-SantaClara-DU25,P1,2026-10-10,16:30,Casa Pia,Santa Clara,1X2+OU25,D&U25,平局 + 小于 2.5 球,0.26501611621564686,0.23846773919552197,0.24659313709999306,average,,4.055262898879874,4.17692078584627,,,,1.0,False,5.611771198498489,葡超,False
20261010-P1-CasaPia-SantaClara-AO25,P1,2026-10-10,16:30,Casa Pia,Santa Clara,1X2+OU25,A&O25,客胜 Santa Clara + 大于 2.5 球,0.19672902132794703,0.26229652168936146,0.24234701553426408,average,,4.126314482542558,4.250103917018834,,,,1.0,False,5.348984944275673,葡超,False
20261010-P1-CasaPia-SantaClara-AU25,P1,2026-10-10,16:30,Casa Pia,Santa Clara,1X2+OU25,A&U25,客胜 Santa Clara + 小于 2.5 球,0.273434065937598,0.2393944958670094,0.249885622934763,average,,4.001830870682254,4.121885796802721,,,,1.0,False,3.2756676037290107,葡超,False
20261011-P1-RioAve-Nacional-H,P1,2026-10-11,16:30,Rio Ave,Nacional,1X2,H,主胜 Rio Ave,0.37433313177572036,0.41277969497940553,0.40124572601829994,average,market_avg,2.4922383845015514,2.567005536036598,2.25,2.25,-0.09719711645882512,1.0,False,,葡超,False
20261011-P1-RioAve-Nacional-D,P1,2026-10-11,16:30,Rio Ave,Nacional,1X2,D,平局,0.2679037467386951,0.2866525659579205,0.28102792019215284,average,market_avg,3.5583653016264365,3.6651162606752297,3.24,3.24,-0.08946953857742479,1.0,False,,葡超,False
20261011-P1-RioAve-Nacional-A,P1,2026-10-11,16:30,Rio Ave,Nacional,1X2,A,客胜 Nacional,0.3577631214855844,0.300567739062674,0.3177263537895471,average,market_avg,3.1473624648157816,3.241783338760255,3.09,3.09,-0.01822556679029952,1.0,False,,葡超,False
20261011-P1-RioAve-Nacional-O25,P1,2026-10-11,16:30,Rio Ave,Nacional,OU25,O25,大于 2.5 球,0.4530952868957891,0.4533333333333333,0.45326191940207006,average,market_avg,2.206229901949784,2.272416799008278,2.05,2.05,-0.07081306522575648,1.0,False,,葡超,False
20261011-P1-RioAve-Nacional-U25,P1,2026-10-11,16:30,Rio Ave,Nacional,OU25,U25,小于 2.5 球,0.5469047131042108,0.5466666666666666,0.5467380805979298,average,market_avg,1.8290293569936975,1.8839002377035086,1.7,1.7,-0.07054526298351926,1.0,False,,葡超,False
20261011-P1-RioAve-Nacional-HO25,P1,2026-10-11,16:30,Rio Ave,Nacional,1X2+OU25,H&O25,主胜 Rio Ave + 大于 2.5 球,0.20202590844877816,0.225499961793522,0.2184020159809029,average,,4.5787123141182,4.7160736835417465,,,,1.0,False,5.498450846674346,葡超,False
20261011-P1-RioAve-Nacional-HU25,P1,2026-10-11,16:30,Rio Ave,Nacional,1X2+OU25,H&U25,主胜 Rio Ave + 小于 2.5 球,0.17230722332694223,0.18727973318608263,0.18284371003751212,average,,5.469151767894234,5.63322632093106,,,,1.0,False,4.5583771698798845,葡超,False
20261011-P1-RioAve-Nacional-DO25,P1,2026-10-11,16:30,Rio Ave,Nacional,1X2+OU25,D&O25,平局 + 大于 2.5 球,0.05914553080368459,0.0646061925916085,0.06294632794232656,average,,15.886550219676547,16.363146726266844,,,,1.0,False,7.850571930508806,葡超,False
20261011-P1-RioAve-Nacional-DU25,P1,2026-10-11,16:30,Rio Ave,Nacional,1X2+OU25,D&U25,平局 + 小于 2.5 球,0.2087582159350105,0.222046373365973,0.21808159224962356,average,,4.585439741541167,4.723002933787402,,,,1.0,False,6.508354599582486,葡超,False
20261011-P1-RioAve-Nacional-AO25,P1,2026-10-11,16:30,Rio Ave,Nacional,1X2+OU25,A&O25,客胜 Nacional + 大于 2.5 球,0.19192384764332646,0.16322717894820285,0.17191357547884067,average,,5.816876283415333,5.991382571917793,,,,1.0,False,6.943805182150952,葡超,False
20261011-P1-RioAve-Nacional-AU25,P1,2026-10-11,16:30,Rio Ave,Nacional,1X2+OU25,A&U25,客胜 Nacional + 小于 2.5 球,0.16583927384225797,0.1373405601146111,0.1458127783107943,average,,6.858109498939377,7.063852783907558,,,,1.0,False,5.756618345248108,葡超,False
20261011-P1-Benfica-Guimaraes-H,P1,2026-10-11,19:00,Benfica,Guimaraes,1X2,H,主胜 Benfica,0.7852451083774581,0.768551893979011,0.7735598582985451,average,market_avg,1.2927247830562367,1.5,1.21,1.21,-0.06399257145876047,1.0,False,,葡超,False
20261011-P1-Benfica-Guimaraes-D,P1,2026-10-11,19:00,Benfica,Guimaraes,1X2,D,平局,0.13925403608810405,0.15121102304302494,0.14762392695654866,average,market_avg,6.773969644462432,6.977188733796305,6.15,6.15,-0.09211284921722562,1.0,False,,葡超,False
20261011-P1-Benfica-Guimaraes-A,P1,2026-10-11,19:00,Benfica,Guimaraes,1X2,A,客胜 Guimaraes,0.07550085553443789,0.08023708297796406,0.0788162147449062,average,market_avg,12.687744561656062,13.068376898505745,11.59,11.59,-0.08652007110653714,1.0,False,,葡超,False
20261011-P1-Benfica-Guimaraes-O25,P1,2026-10-11,19:00,Benfica,Guimaraes,OU25,O25,大于 2.5 球,0.6334519969643669,0.6444444444444445,0.6411467102004212,average,market_avg,1.559705421692645,1.6064965843434242,1.44,1.44,-0.07674873731139342,1.0,False,,葡超,False
20261011-P1-Benfica-Guimaraes-U25,P1,2026-10-11,19:00,Benfica,Guimaraes,OU25,U25,小于 2.5 球,0.36654800303563306,0.3555555555555556,0.3588532897995788,average,market_avg,2.7866541241923812,2.8702537479181527,2.61,2.61,-0.0633929136230994,1.0,False,,葡超,False
20261011-P1-Benfica-Guimaraes-HO25,P1,2026-10-11,19:00,Benfica,Guimaraes,1X2+OU25,H&O25,主胜 Benfica + 大于 2.5 球,0.5576301554445309,0.5588824758284158,0.5585871533582952,average,,1.7902309317138356,1.8439378596652507,,,,1.0,False,2.0162698528892604,葡超,False
20261011-P1-Benfica-Guimaraes-HU25,P1,2026-10-11,19:00,Benfica,Guimaraes,1X2+OU25,H&U25,主胜 Benfica + 小于 2.5 球,0.22761495293292713,0.20966941815086462,0.21497270494039658,average,,4.651753348301871,4.791305948750927,,,,1.0,False,3.602376848149363,葡超,False
20261011-P1-Benfica-Guimaraes-DO25,P1,2026-10-11,19:00,Benfica,Guimaraes,1X2+OU25,D&O25,平局 + 大于 2.5 球,0.035647686541230836,0.04118784734316185,0.039468821791760866,average,,25.336454310089145,26.096547939391822,,,,1.0,False,10.565397180849454,葡超,False
20261011-P1-Benfica-Guimaraes-DU25,P1,2026-10-11,19:00,Benfica,Guimaraes,1X2+OU25,D&U25,平局 + 小于 2.5 球,0.10360634954687326,0.11002317569962478,0.10815510516465845,average,,9.24598056169028,9.523359978540988,,,,1.0,False,18.876710446895235,葡超,False
20261011-P1-Benfica-Guimaraes-AO25,P1,2026-10-11,19:00,Benfica,Guimaraes,1X2+OU25,A&O25,客胜 Guimaraes + 大于 2.5 球,0.04017415497860508,0.044374121272866836,0.04309073505036506,average,,23.20684478533926,23.903050128899437,,,,1.0,False,19.78914398186633,葡超,False
20261011-P1-Benfica-Guimaraes-AU25,P1,2026-10-11,19:00,Benfica,Guimaraes,1X2+OU25,A&U25,客胜 Guimaraes + 小于 2.5 球,0.035326700555832806,0.03586296170506616,0.0357254796945237,average,,27.991226669331144,28.830963469411078,,,,1.0,False,35.35635570943832,葡超,False
20261011-P1-Arouca-Estrela-H,P1,2026-10-11,21:30,Arouca,Estrela,1X2,H,主胜 Arouca,0.5117055134950896,0.4429927741552815,0.46360659595722387,average,market_avg,2.157001234926925,2.2217112719747334,2.09,2.09,-0.03106221444940216,1.0,False,,葡超,False
20261011-P1-Arouca-Estrela-D,P1,2026-10-11,21:30,Arouca,Estrela,1X2,D,平局,0.22677172893238018,0.27473439109333475,0.2603455924450484,average,market_avg,3.841048318154538,3.9562797676991743,3.37,3.37,-0.12263535346018684,1.0,False,,葡超,False
20261011-P1-Arouca-Estrela-A,P1,2026-10-11,21:30,Arouca,Estrela,1X2,A,客胜 Estrela,0.26152275757253024,0.2822728347513836,0.27604781159772757,average,market_avg,3.622560868032732,3.7312376940737138,3.28,3.28,-0.09456317795945368,1.0,False,,葡超,False
20261011-P1-Arouca-Estrela-O25,P1,2026-10-11,21:30,Arouca,Estrela,OU25,O25,大于 2.5 球,0.592787388628641,0.5067024128686327,0.5325279055966352,average,market_avg,1.877835864544257,1.934170940480585,1.84,1.84,-0.02014865370219121,1.0,False,,葡超,False
20261011-P1-Arouca-Estrela-U25,P1,2026-10-11,21:30,Arouca,Estrela,OU25,U25,小于 2.5 球,0.407212611371359,0.4932975871313674,0.46747209440336485,average,market_avg,2.139165122308105,2.2033400759773483,1.89,1.89,-0.11647774157764046,1.0,False,,葡超,False
20261011-P1-Arouca-Estrela-HO25,P1,2026-10-11,21:30,Arouca,Estrela,1X2+OU25,H&O25,主胜 Arouca + 大于 2.5 球,0.348560267960701,0.27110935315707296,0.29355543704918724,average,,3.406511594716071,3.508706942557553,,,,1.0,False,4.050494278812033,葡超,False
20261011-P1-Arouca-Estrela-HU25,P1,2026-10-11,21:30,Arouca,Estrela,1X2+OU25,H&U25,主胜 Arouca + 小于 2.5 球,0.1631452455343887,0.1718834209980322,0.17005115890792188,average,,5.880583269305874,6.05700076738505,,,,1.0,False,4.61418181053119,葡超,False
20261011-P1-Arouca-Estrela-DO25,P1,2026-10-11,21:30,Arouca,Estrela,1X2+OU25,D&O25,平局 + 大于 2.5 球,0.07742960357713081,0.07604953048000378,0.07686416227965576,average,,13.009964206227716,13.400263132414548,,,,1.0,False,7.2128582892779916,葡超,False
20261011-P1-Arouca-Estrela-DU25,P1,2026-10-11,21:30,Arouca,Estrela,1X2+OU25,D&U25,平局 + 小于 2.5 球,0.1493421253552494,0.19868486061356982,0.18348143016554463,average,,5.4501428242507055,5.613647108978227,,,,1.0,False,8.216636595296393,葡超,False
20261011-P1-Arouca-Estrela-AO25,P1,2026-10-11,21:30,Arouca,Estrela,1X2+OU25,A&O25,客胜 Estrela + 大于 2.5 球,0.16679751709080917,0.15954352923155582,0.16210830626779218,average,,6.168715367046437,6.353776828057831,,,,1.0,False,6.802574719486439,葡超,False
20261011-P1-Arouca-Estrela-AU25,P1,2026-10-11,21:30,Arouca,Estrela,1X2+OU25,A&U25,客胜 Estrela + 小于 2.5 球,0.09472524048172105,0.12272930551976532,0.11393950532989829,average,,8.776587164430975,9.039884779363906,,,,1.0,False,7.749255862333794,葡超,False
20261010-SC0-DundeeUnited-Hibernian-H,SC0,2026-10-10,16:00,Dundee United,Hibernian,1X2,H,主胜 Dundee United,0.31279185753203936,0.34968143428656095,0.33861456126020445,average,market_avg,2.953210270339088,3.0418065784492607,2.66,2.66,-0.09928526704785612,1.0,False,,苏超,False
20261010-SC0-DundeeUnited-Hibernian-D,SC0,2026-10-10,16:00,Dundee United,Hibernian,1X2,D,平局,0.2590036021043742,0.262754976045834,0.26162956386339603,average,market_avg,3.8221980162843043,3.9368639567728336,3.54,3.54,-0.07383134392357804,1.0,False,,苏超,False
20261010-SC0-DundeeUnited-Hibernian-A,SC0,2026-10-10,16:00,Dundee United,Hibernian,1X2,A,客胜 Hibernian,0.4282045403635865,0.38756358966760507,0.39975587487639946,average,market_avg,2.5015267137954886,2.576572515209353,2.4,2.4,-0.04058590029664133,1.0,False,,苏超,False
20261010-SC0-DundeeUnited-Hibernian-O25,SC0,2026-10-10,16:00,Dundee United,Hibernian,OU25,O25,大于 2.5 球,0.5030331867357196,0.5759162303664922,0.5540513172772604,average,market_avg,1.80488696410693,1.859033573030138,1.62,1.62,-0.10243686601083801,1.0,False,,苏超,False
20261010-SC0-DundeeUnited-Hibernian-U25,SC0,2026-10-10,16:00,Dundee United,Hibernian,OU25,U25,小于 2.5 球,0.4969668132642804,0.42408376963350786,0.4459486827227396,average,market_avg,2.24241048071832,2.3096827951398695,2.2,2.2,-0.018912898009972867,1.0,False,,苏超,False
20261010-SC0-DundeeUnited-Hibernian-HO25,SC0,2026-10-10,16:00,Dundee United,Hibernian,1X2+OU25,H&O25,主胜 Dundee United + 大于 2.5 球,0.18050331528108599,0.2291330785828406,0.21407074148750677,average,,4.671352997851695,4.811493587787246,,,,1.0,False,5.330210719201722,苏超,False
20261010-SC0-DundeeUnited-Hibernian-HU25,SC0,2026-10-10,16:00,Dundee United,Hibernian,1X2+OU25,H&U25,主胜 Dundee United + 小于 2.5 球,0.13228854225095332,0.1205483557040658,0.12454381977288985,average,,8.029302472202444,8.270181546368518,,,,1.0,False,6.622309661973354,苏超,False
20261010-SC0-DundeeUnited-Hibernian-DO25,SC0,2026-10-10,16:00,Dundee United,Hibernian,1X2+OU25,D&O25,平局 + 大于 2.5 球,0.06660530613665787,0.08548718116780545,0.07944815848678095,average,,12.586824151076904,12.964428875609212,,,,1.0,False,6.898635373826908,苏超,False
20261010-SC0-DundeeUnited-Hibernian-DU25,SC0,2026-10-10,16:00,Dundee United,Hibernian,1X2+OU25,D&U25,平局 + 小于 2.5 球,0.19239829596771632,0.1772677948772087,0.18218140537613942,average,,5.489034393687752,5.6537054254983845,,,,1.0,False,8.570936891096695,苏超,False
20261010-SC0-DundeeUnited-Hibernian-AO25,SC0,2026-10-10,16:00,Dundee United,Hibernian,1X2+OU25,A&O25,客胜 Hibernian + 大于 2.5 球,0.25592456531797575,0.2612959706158461,0.2605324173029726,average,,3.8382939457284584,3.9534427641003123,,,,1.0,False,4.5149729560947245,苏超,False
20261010-SC0-DundeeUnited-Hibernian-AU25,SC0,2026-10-10,16:00,Dundee United,Hibernian,1X2+OU25,A&U25,客胜 Hibernian + 小于 2.5 球,0.17227997504561082,0.12626761905223327,0.13922345757371032,average,,7.182697638941779,7.398178568110032,,,,1.0,False,5.6094497208118606,苏超,False
20261010-SC0-Falkirk-Dundee-H,SC0,2026-10-10,16:00,Falkirk,Dundee,1X2,H,主胜 Falkirk,0.483716293198339,0.459721681925502,0.4669200653073531,average,market_avg,2.1416942091399385,2.205945035414137,2.03,2.03,-0.05215226742607337,1.0,False,,苏超,False
20261010-SC0-Falkirk-Dundee-D,SC0,2026-10-10,16:00,Falkirk,Dundee,1X2,D,平局,0.2424284212149565,0.2674025828964954,0.2599103343920337,average,market_avg,3.84748071806817,3.962905139610215,3.49,3.49,-0.09291293297180236,1.0,False,,苏超,False
20261010-SC0-Falkirk-Dundee-A,SC0,2026-10-10,16:00,Falkirk,Dundee,1X2,A,客胜 Dundee,0.2738552855867045,0.2728757351780026,0.27316960030061316,average,market_avg,3.6607294475649432,3.770551330991892,3.42,3.42,-0.065759966971903,1.0,False,,苏超,False
20261010-SC0-Falkirk-Dundee-O25,SC0,2026-10-10,16:00,Falkirk,Dundee,OU25,O25,大于 2.5 球,0.5537854470598751,0.5386666666666667,0.5432023007846293,average,market_avg,1.840934765106018,1.8961628080591986,1.73,1.73,-0.06026001964259131,1.0,False,,苏超,False
20261010-SC0-Falkirk-Dundee-U25,SC0,2026-10-10,16:00,Falkirk,Dundee,OU25,U25,小于 2.5 球,0.4462145529401249,0.4613333333333334,0.45679769921537083,average,market_avg,2.189152882594797,2.254827469072641,2.02,2.02,-0.07726864758495089,1.0,False,,苏超,False
20261010-SC0-Falkirk-Dundee-HO25,SC0,2026-10-10,16:00,Falkirk,Dundee,1X2+OU25,H&O25,主胜 Falkirk + 大于 2.5 球,0.3136023263839808,0.29505154287532603,0.30058714050702795,average,,3.3268222929071687,3.426626961694384,,,,1.0,False,3.9427193258319515,苏超,False
20261010-SC0-Falkirk-Dundee-HU25,SC0,2026-10-10,16:00,Falkirk,Dundee,1X2+OU25,H&U25,主胜 Falkirk + 小于 2.5 球,0.17011396681435814,0.16467013904972005,0.16633292480004785,average,,6.0120388143364885,6.192399978766583,,,,1.0,False,4.68849605157528,苏超,False
20261010-SC0-Falkirk-Dundee-DO25,SC0,2026-10-10,16:00,Falkirk,Dundee,1X2+OU25,D&O25,平局 + 大于 2.5 球,0.07247136775397857,0.07835186385838894,0.07661720683770071,average,,13.051898408647471,13.443455360906896,,,,1.0,False,7.082961011966759,苏超,False
20261010-SC0-Falkirk-Dundee-DU25,SC0,2026-10-10,16:00,Falkirk,Dundee,1X2+OU25,D&U25,平局 + 小于 2.5 球,0.16995705346097792,0.189050719038738,0.18329312755471436,average,,5.455741921919536,5.619414179577122,,,,1.0,False,8.422723504686832,苏超,False
20261010-SC0-Falkirk-Dundee-AO25,SC0,2026-10-10,16:00,Falkirk,Dundee,1X2+OU25,A&O25,客胜 Dundee + 大于 2.5 球,0.16771175292191579,0.1652632599329517,0.1659979534399006,average,,6.0241706555861185,6.204895775253703,,,,1.0,False,6.739164105669652,苏超,False
20261010-SC0-Falkirk-Dundee-AU25,SC0,2026-10-10,16:00,Falkirk,Dundee,1X2+OU25,A&U25,客胜 Dundee + 小于 2.5 球,0.10614353266478871,0.10761247524487524,0.10717164686060855,average,,9.330826102734404,9.610750885816437,,,,1.0,False,8.013896422536455,苏超,False
20261010-SC0-Hearts-StMirren-H,SC0,2026-10-10,16:00,Hearts,St Mirren,1X2,H,主胜 Hearts,0.6593071954180717,0.6442937222059397,0.6487977641695792,average,market_avg,1.5413123398782635,1.5875517100746115,1.45,1.45,-0.059243241954110126,1.0,False,,苏超,False
20261010-SC0-Hearts-StMirren-D,SC0,2026-10-10,16:00,Hearts,St Mirren,1X2,D,平局,0.2167327205579415,0.19709407113894778,0.20298566596464587,average,market_avg,4.926456236442679,5.074249923535959,4.74,4.74,-0.03784794332757857,1.0,False,,苏超,False
20261010-SC0-Hearts-StMirren-A,SC0,2026-10-10,16:00,Hearts,St Mirren,1X2,A,客胜 St Mirren,0.12396008402398684,0.15861220665511253,0.1482165698657748,average,market_avg,6.746883974616345,6.9492904938548365,5.89,5.89,-0.1270044034905864,1.0,False,,苏超,False
20261010-SC0-Hearts-StMirren-O25,SC0,2026-10-10,16:00,Hearts,St Mirren,OU25,O25,大于 2.5 球,0.4582552535609778,0.6265664160401002,0.5760730672963634,average,tipico_partial,1.7358909082370717,1.7879676354841838,1.49,1.49,-0.14165112972841853,1.0,False,,苏超,False
20261010-SC0-Hearts-StMirren-U25,SC0,2026-10-10,16:00,Hearts,St Mirren,OU25,U25,小于 2.5 球,0.5417447464390222,0.37343358395989973,0.42392693270363646,average,tipico_partial,2.358897071300471,2.4296639834394855,2.6,2.5,0.10221002502945487,1.0,True,,苏超,False
20261010-SC0-Hearts-StMirren-HO25,SC0,2026-10-10,16:00,Hearts,St Mirren,1X2+OU25,H&O25,主胜 Hearts + 大于 2.5 球,0.36980854751854725,0.47128917350797594,0.44316713724117796,average,,2.2564850052403265,2.3241795553975364,,,,1.0,False,2.675550077548285,苏超,False
20261010-SC0-Hearts-StMirren-HU25,SC0,2026-10-10,16:00,Hearts,St Mirren,1X2+OU25,H&U25,主胜 Hearts + 小于 2.5 球,0.2894986478995245,0.17300454869869267,0.20563062692876297,average,,4.863088806058214,5.008981470239961,,,,1.0,False,3.6357971644981126,苏超,False
20261010-SC0-Hearts-StMirren-DO25,SC0,2026-10-10,16:00,Hearts,St Mirren,1X2+OU25,D&O25,平局 + 大于 2.5 球,0.03441998187130526,0.05657535905782529,0.04903657203504773,average,,20.392942624237143,21.00473090296426,,,,1.0,False,8.551790590668668,苏超,False
20261010-SC0-Hearts-StMirren-DU25,SC0,2026-10-10,16:00,Hearts,St Mirren,1X2+OU25,D&U25,平局 + 小于 2.5 球,0.18231273868663622,0.14051871208040093,0.15394909392924436,average,,6.4956536896514905,6.690523300341035,,,,1.0,False,11.621003188034576,苏超,False
20261010-SC0-Hearts-StMirren-AO25,SC0,2026-10-10,16:00,Hearts,St Mirren,1X2+OU25,A&O25,客胜 St Mirren + 大于 2.5 球,0.05402672417112524,0.09870188347429898,0.0838693580201378,average,,11.923305765138812,12.281004938092975,,,,1.0,False,11.711854550466912,苏超,False
20261010-SC0-Hearts-StMirren-AU25,SC0,2026-10-10,16:00,Hearts,St Mirren,1X2+OU25,A&U25,客胜 St Mirren + 小于 2.5 球,0.0699333598528616,0.059910323180806205,0.06434721184562911,average,,15.540688886396973,16.006909552988883,,,,1.0,False,15.91520484812658,苏超,False
20261010-SC0-Rangers-Kilmarnock-H,SC0,2026-10-10,16:00,Rangers,Kilmarnock,1X2,H,主胜 Rangers,0.783890502686509,0.8180335382762887,0.8077906275993547,average,market_avg,1.2379445438378824,1.5,1.14,1.14,-0.07911868453673565,1.0,False,,苏超,False
20261010-SC0-Rangers-Kilmarnock-D,SC0,2026-10-10,16:00,Rangers,Kilmarnock,1X2,D,平局,0.13301460252427946,0.12033009466257664,0.12413544702108749,average,market_avg,8.055716751317012,8.297388253856523,7.75,7.75,-0.037950285586571986,1.0,False,,苏超,False
20261010-SC0-Rangers-Kilmarnock-A,SC0,2026-10-10,16:00,Rangers,Kilmarnock,1X2,A,客胜 Kilmarnock,0.08309489478921153,0.06163636706113476,0.06807392537955778,average,market_avg,14.68991239192289,15.130609763680578,15.13,15.13,0.029958490992709308,1.0,False,,苏超,False
20261010-SC0-Rangers-Kilmarnock-O25,SC0,2026-10-10,16:00,Rangers,Kilmarnock,OU25,O25,大于 2.5 球,0.7186384015158596,0.703125,0.7077790204547578,average,market_avg,1.412870360804826,1.5,1.33,1.33,-0.05865390279517202,1.0,False,,苏超,False
20261010-SC0-Rangers-Kilmarnock-U25,SC0,2026-10-10,16:00,Rangers,Kilmarnock,OU25,U25,小于 2.5 球,0.28136159848414044,0.296875,0.2922209795452421,average,market_avg,3.422067784305604,3.5247298178347726,3.15,3.15,-0.07950391443248739,1.0,False,,苏超,False
20261010-SC0-Rangers-Kilmarnock-HO25,SC0,2026-10-10,16:00,Rangers,Kilmarnock,1X2+OU25,H&O25,主胜 Rangers + 大于 2.5 球,0.6163151062332297,0.6247343485013062,0.6224472671599118,average,,1.6065617968936985,1.6547586508005097,,,,1.0,False,1.7490551543085948,苏超,False
20261010-SC0-Rangers-Kilmarnock-HU25,SC0,2026-10-10,16:00,Rangers,Kilmarnock,1X2+OU25,H&U25,主胜 Rangers + 小于 2.5 球,0.1675753964532793,0.1932991897746292,0.18534336043911492,average,,5.395391545889764,5.5572532922664575,,,,1.0,False,4.2363301422245145,苏超,False
20261010-SC0-Rangers-Kilmarnock-DO25,SC0,2026-10-10,16:00,Rangers,Kilmarnock,1X2+OU25,D&O25,平局 + 大于 2.5 球,0.04828578801497579,0.04015258745375956,0.04248783843256191,average,,23.53614673966605,24.242231141856035,,,,1.0,False,11.381683432974748,苏超,False
20261010-SC0-Rangers-Kilmarnock-DU25,SC0,2026-10-10,16:00,Rangers,Kilmarnock,1X2+OU25,D&U25,平局 + 小于 2.5 球,0.08472881450930365,0.08017750720913398,0.08164760858881906,average,,12.247756147225866,12.61518883164264,,,,1.0,False,27.567208774172947,苏超,False
20261010-SC0-Rangers-Kilmarnock-AO25,SC0,2026-10-10,16:00,Rangers,Kilmarnock,1X2+OU25,A&O25,客胜 Kilmarnock + 大于 2.5 球,0.054037507267654064,0.03823806404493431,0.042843914862284144,average,,23.340537465223758,24.040753589180472,,,,1.0,False,20.754941821367378,苏超,False
20261010-SC0-Rangers-Kilmarnock-AU25,SC0,2026-10-10,16:00,Rangers,Kilmarnock,1X2+OU25,A&U25,客胜 Kilmarnock + 小于 2.5 球,0.02905738752155746,0.0233983030162368,0.025230010517308162,average,,39.635338214147204,40.82439836057162,,,,1.0,False,50.269875950671,苏超,False
20261011-SC0-Motherwell-Celtic-H,SC0,2026-10-11,13:00,Motherwell,Celtic,1X2,H,主胜 Motherwell,0.2360534386775674,0.19494128377284084,0.2072749302442588,average,market_avg,4.824510126823205,4.969245430627901,4.77,4.77,-0.011298582734885598,1.0,False,,苏超,False
20261011-SC0-Motherwell-Celtic-D,SC0,2026-10-11,13:00,Motherwell,Celtic,1X2,D,平局,0.23952114124514146,0.2127848795415219,0.22080575805260774,average,market_avg,4.52886740282265,4.664733424907329,4.37,4.37,-0.035078837310104194,1.0,False,,苏超,False
20261011-SC0-Motherwell-Celtic-A,SC0,2026-10-11,13:00,Motherwell,Celtic,1X2,A,客胜 Celtic,0.5244254200772912,0.5922738366856374,0.5719193117031335,average,market_avg,1.7484983974786126,1.800953349402971,1.57,1.57,-0.1020866806260804,1.0,False,,苏超,False
20261011-SC0-Motherwell-Celtic-O25,SC0,2026-10-11,13:00,Motherwell,Celtic,OU25,O25,大于 2.5 球,0.5345272168305193,0.6470588235294118,0.6132993415197441,average,market_avg,1.6305251486525634,1.6794409031121404,1.44,1.44,-0.11684894821156855,1.0,False,,苏超,False
20261011-SC0-Motherwell-Celtic-U25,SC0,2026-10-11,13:00,Motherwell,Celtic,OU25,U25,小于 2.5 球,0.4654727831694807,0.35294117647058826,0.386700658480256,average,market_avg,2.585979563443277,2.6635589503465753,2.64,2.64,0.02088973838787589,1.0,False,,苏超,False
20261011-SC0-Motherwell-Celtic-HO25,SC0,2026-10-11,13:00,Motherwell,Celtic,1X2+OU25,H&O25,主胜 Motherwell + 大于 2.5 球,0.13719554400765607,0.13402409681288852,0.13597095035659493,average,,7.354512102602933,7.575147465681021,,,,1.0,False,7.866485091714204,苏超,False
20261011-SC0-Motherwell-Celtic-HU25,SC0,2026-10-11,13:00,Motherwell,Celtic,1X2+OU25,H&U25,主胜 Motherwell + 小于 2.5 球,0.09885789466991127,0.06091718696007458,0.07130397988776249,average,,14.024462611681294,14.445196490031734,,,,1.0,False,12.47608459158994,苏超,False
20261011-SC0-Motherwell-Celtic-DO25,SC0,2026-10-11,13:00,Motherwell,Celtic,1X2+OU25,D&O25,平局 + 大于 2.5 球,0.06515363777698086,0.07915645861932145,0.07490768649897286,average,,13.349764847078971,13.750257792491341,,,,1.0,False,7.38443219521515,苏超,False
20261011-SC0-Motherwell-Celtic-DU25,SC0,2026-10-11,13:00,Motherwell,Celtic,1X2+OU25,D&U25,平局 + 小于 2.5 球,0.17436750346816057,0.13362842092129285,0.1458980715529608,average,,6.854100190330489,7.059723196040404,,,,1.0,False,11.711558549243803,苏超,False
20261011-SC0-Motherwell-Celtic-AO25,SC0,2026-10-11,13:00,Motherwell,Celtic,1X2+OU25,A&O25,客胜 Celtic + 大于 2.5 球,0.3321780350458823,0.4338782680972017,0.4024207046641764,average,,2.4849616046334115,2.559510452772414,,,,1.0,False,2.8509706094675837,苏超,False
20261011-SC0-Motherwell-Celtic-AU25,SC0,2026-10-11,13:00,Motherwell,Celtic,1X2+OU25,A&U25,客胜 Celtic + 小于 2.5 球,0.1922473850314089,0.15839556858922083,0.16949860703953265,average,,5.899753499253047,6.076746104230639,,,,1.0,False,4.521581122593012,苏超,False
20261011-SC0-Aberdeen-StJohnstone-H,SC0,2026-10-11,15:00,Aberdeen,St Johnstone,1X2,H,主胜 Aberdeen,0.47460321925182575,0.4291935048560506,0.44281641917478315,average,market_avg,2.258272179391099,2.3260203447728323,2.17,2.17,-0.03908837039072055,1.0,False,,苏超,False
20261011-SC0-Aberdeen-StJohnstone-D,SC0,2026-10-11,15:00,Aberdeen,St Johnstone,1X2,D,平局,0.269767395633412,0.27884727710707485,0.276123312664976,average,market_avg,3.6215703424263674,3.7302174526991587,3.34,3.34,-0.07774813569898031,1.0,False,,苏超,False
20261011-SC0-Aberdeen-StJohnstone-A,SC0,2026-10-11,15:00,Aberdeen,St Johnstone,1X2,A,客胜 St Johnstone,0.2556293851147623,0.2919592180368746,0.2810602681602409,average,market_avg,3.557955759971986,3.6646944327711455,3.19,3.19,-0.10341774456883157,1.0,False,,苏超,False
20261011-SC0-Aberdeen-StJohnstone-O25,SC0,2026-10-11,15:00,Aberdeen,St Johnstone,OU25,O25,大于 2.5 球,0.4320242780565755,0.49193548387096786,0.4739621221266501,average,market_avg,2.1098732436951666,2.1731694410060216,1.89,1.89,-0.10421158918063134,1.0,False,,苏超,False
20261011-SC0-Aberdeen-StJohnstone-U25,SC0,2026-10-11,15:00,Aberdeen,St Johnstone,OU25,U25,小于 2.5 球,0.5679757219434245,0.5080645161290323,0.5260378778733499,average,market_avg,1.90100379091097,1.958033904638299,1.83,1.83,-0.03735068349176973,1.0,False,,苏超,False
20261011-SC0-Aberdeen-StJohnstone-HO25,SC0,2026-10-11,15:00,Aberdeen,St Johnstone,1X2+OU25,H&O25,主胜 Aberdeen + 大于 2.5 球,0.25454379585668296,0.2604030611229405,0.25946650576452673,average,,3.8540619994610346,3.969683859444866,,,,1.0,False,4.764668048278451,苏超,False
20261011-SC0-Aberdeen-StJohnstone-HU25,SC0,2026-10-11,15:00,Aberdeen,St Johnstone,1X2+OU25,H&U25,主胜 Aberdeen + 小于 2.5 球,0.22005942339514273,0.16879044373323673,0.18334991341091614,average,,5.454052207588678,5.617673773816338,,,,1.0,False,4.292983973931258,苏超,False
20261011-SC0-Aberdeen-StJohnstone-DO25,SC0,2026-10-11,15:00,Aberdeen,St Johnstone,1X2+OU25,D&O25,平局 + 大于 2.5 球,0.05134172755360254,0.06655453302450544,0.061670404123607414,average,,16.21523345291652,16.701690456504018,,,,1.0,False,7.641054365645335,苏超,False
20261011-SC0-Aberdeen-StJohnstone-DU25,SC0,2026-10-11,15:00,Aberdeen,St Johnstone,1X2+OU25,D&U25,平局 + 小于 2.5 球,0.2184256680798095,0.2122927440823879,0.2144529085404479,average,,4.663028386072881,4.802919237655067,,,,1.0,False,6.884618950003265,苏超,False
20261011-SC0-Aberdeen-StJohnstone-AO25,SC0,2026-10-11,15:00,Aberdeen,St Johnstone,1X2+OU25,A&O25,客胜 St Johnstone + 大于 2.5 球,0.12613875464629004,0.16497788972352193,0.152825212238516,average,,6.543422942801407,6.73972563108545,,,,1.0,False,7.506835660215995,苏超,False
20261011-SC0-Aberdeen-StJohnstone-AU25,SC0,2026-10-11,15:00,Aberdeen,St Johnstone,1X2+OU25,A&U25,客胜 St Johnstone + 小于 2.5 球,0.12949063046847228,0.1269813283134075,0.1282350559219859,average,,7.798179622648335,8.032125011327786,,,,1.0,False,6.763687387600267,苏超,False
20261010-SC1-Arbroath-Morton-H,SC1,2026-10-10,16:00,Arbroath,Morton,1X2,H,主胜 Arbroath,0.49748652714267294,0.5152626485334032,0.509929812116184,average,market_avg,1.9610542004791764,2.0198858264935518,1.76,1.76,-0.10252353067551612,1.0,False,,苏冠,False
20261010-SC1-Arbroath-Morton-D,SC1,2026-10-10,16:00,Arbroath,Morton,1X2,D,平局,0.2968021800473612,0.2683024442067425,0.27685236495892807,average,market_avg,3.6120334393688607,3.7203944425499267,3.38,3.38,-0.06423900643882319,1.0,False,,苏冠,False
20261010-SC1-Arbroath-Morton-A,SC1,2026-10-10,16:00,Arbroath,Morton,1X2,A,客胜 Morton,0.20571129280996586,0.21643490725985431,0.21321782292488778,average,market_avg,4.690039445493632,4.8307406288584405,4.19,4.19,-0.10661732194472018,1.0,False,,苏冠,False
20261010-SC1-Arbroath-Morton-O25,SC1,2026-10-10,16:00,Arbroath,Morton,OU25,O25,大于 2.5 球,0.43225550325492923,0.45187165775401067,0.4459868114042862,average,market_avg,2.2422187706656236,2.3094853337855925,2.05,2.05,-0.08572703662121339,1.0,False,,苏冠,False
20261010-SC1-Arbroath-Morton-U25,SC1,2026-10-10,16:00,Arbroath,Morton,OU25,U25,小于 2.5 球,0.5677444967450708,0.5481283422459893,0.5540131885957137,average,market_avg,1.8050111812947134,1.859161516733555,1.69,1.69,-0.06371771127324388,1.0,False,,苏冠,False
20261010-SC1-Arbroath-Morton-HO25,SC1,2026-10-10,16:00,Arbroath,Morton,1X2+OU25,H&O25,主胜 Arbroath + 大于 2.5 球,0.2771947976427323,0.29220078806076966,0.2876806671586701,average,,3.476076477007232,3.580358771317449,,,,1.0,False,4.397112538607077,苏冠,False
20261010-SC1-Arbroath-Morton-HU25,SC1,2026-10-10,16:00,Arbroath,Morton,1X2+OU25,H&U25,主胜 Arbroath + 小于 2.5 球,0.22029172949994064,0.22306186047279383,0.22224914495764975,average,,4.4994548806500605,4.6344385270695625,,,,1.0,False,3.539724758989878,苏冠,False
20261010-SC1-Arbroath-Morton-DO25,SC1,2026-10-10,16:00,Arbroath,Morton,1X2+OU25,D&O25,平局 + 大于 2.5 球,0.048128694991429126,0.04499351082816626,0.04596775430042364,average,,21.754380113165197,22.407011516560154,,,,1.0,False,8.098969178024772,苏冠,False
20261010-SC1-Arbroath-Morton-DU25,SC1,2026-10-10,16:00,Arbroath,Morton,1X2+OU25,D&U25,平局 + 小于 2.5 球,0.24867348505593206,0.22330893337837038,0.23088461065832994,average,,4.331167838119061,4.461102873262633,,,,1.0,False,6.519760745271194,苏冠,False
20261010-SC1-Arbroath-Morton-AO25,SC1,2026-10-10,16:00,Arbroath,Morton,1X2+OU25,A&O25,客胜 Morton + 大于 2.5 球,0.10693201062076776,0.1146773588650748,0.11233838994519253,average,,8.901676448165924,9.168726741610902,,,,1.0,False,10.516094479848014,苏冠,False
20261010-SC1-Arbroath-Morton-AU25,SC1,2026-10-10,16:00,Arbroath,Morton,1X2+OU25,A&U25,客胜 Morton + 小于 2.5 球,0.0987792821891981,0.10175754839482509,0.10087943297973413,average,,9.912823362130633,10.210208062994553,,,,1.0,False,8.465573639829262,苏冠,False
20261010-SC1-Ayr-Dunfermline-H,SC1,2026-10-10,16:00,Ayr,Dunfermline,1X2,H,主胜 Ayr,0.36344589832529633,0.2943915496910654,0.3151078542813347,average,market_avg,3.1735165798411984,3.2687220772364345,3.09,3.09,-0.026316730270675825,1.0,False,,苏冠,False
20261010-SC1-Ayr-Dunfermline-D,SC1,2026-10-10,16:00,Ayr,Dunfermline,1X2,D,平局,0.3336208696713619,0.28250617656689186,0.29784058449823286,average,market_avg,3.3575007975648568,3.4582258214918027,3.22,3.22,-0.040953317915690124,1.0,False,,苏冠,False
20261010-SC1-Ayr-Dunfermline-A,SC1,2026-10-10,16:00,Ayr,Dunfermline,1X2,A,客胜 Dunfermline,0.30293323200334166,0.42310227374204273,0.3870515612204324,average,market_avg,2.5836351023797657,2.661144155451159,2.15,2.15,-0.16783914337607042,1.0,False,,苏冠,False
20261010-SC1-Ayr-Dunfermline-O25,SC1,2026-10-10,16:00,Ayr,Dunfermline,OU25,O25,大于 2.5 球,0.36796342715319846,0.4716981132075471,0.44057770739124247,average,market_avg,2.269747159749003,2.3378395745414733,1.96,1.96,-0.1364676935131648,1.0,False,,苏冠,False
20261010-SC1-Ayr-Dunfermline-U25,SC1,2026-10-10,16:00,Ayr,Dunfermline,OU25,U25,小于 2.5 球,0.6320365728468016,0.5283018867924527,0.5594222926087573,average,market_avg,1.7875583672876068,1.8411851183062349,1.75,1.75,-0.021010987934674707,1.0,False,,苏冠,False
20261010-SC1-Ayr-Dunfermline-HO25,SC1,2026-10-10,16:00,Ayr,Dunfermline,1X2+OU25,H&O25,主胜 Ayr + 大于 2.5 球,0.17764681363845322,0.17314355381324403,0.17631287923045202,average,,5.671735407899142,5.8418874701361165,,,,1.0,False,7.203080243510931,苏冠,False
20261010-SC1-Ayr-Dunfermline-HU25,SC1,2026-10-10,16:00,Ayr,Dunfermline,1X2+OU25,H&U25,主胜 Ayr + 小于 2.5 球,0.18579908468684309,0.12124799587802525,0.13879497505101818,average,,7.20487178755874,7.421017941185502,,,,1.0,False,5.672846116021082,苏冠,False
20261010-SC1-Ayr-Dunfermline-DO25,SC1,2026-10-10,16:00,Ayr,Dunfermline,1X2+OU25,D&O25,平局 + 大于 2.5 球,0.044635483863122445,0.052954487122656616,0.05071326454485702,average,,19.71870690981602,20.310268117110503,,,,1.0,False,7.620677899127847,苏冠,False
20261010-SC1-Ayr-Dunfermline-DU25,SC1,2026-10-10,16:00,Ayr,Dunfermline,1X2+OU25,D&U25,平局 + 小于 2.5 球,0.2889853858082395,0.22955168944375773,0.24712731995308496,average,,4.046497166682508,4.167892081682984,,,,1.0,False,6.001728643861873,苏冠,False
20261010-SC1-Ayr-Dunfermline-AO25,SC1,2026-10-10,16:00,Ayr,Dunfermline,1X2+OU25,A&O25,客胜 Dunfermline + 大于 2.5 球,0.14568112965162286,0.24560007227164657,0.21355156361593358,average,,4.68270980117229,4.823191095207459,,,,1.0,False,5.864198435454298,苏冠,False
20261010-SC1-Ayr-Dunfermline-AU25,SC1,2026-10-10,16:00,Ayr,Dunfermline,1X2+OU25,A&U25,客胜 Dunfermline + 小于 2.5 球,0.15725210235171877,0.17750220147066986,0.17349999760465437,average,,5.763688840380558,5.936599505591976,,,,1.0,False,4.618398545276922,苏冠,False
20261010-SC1-InvernessC-Stenhousemuir-H,SC1,2026-10-10,16:00,Inverness C,Stenhousemuir,1X2,H,主胜 Inverness C,0.07177950687902261,0.49575633310593725,0.36856328523786286,average,tipico_partial,2.7132382417164025,2.7946353889678948,1.83,1.83,-0.325529188014711,1.0,False,,苏冠,False
20261010-SC1-InvernessC-Stenhousemuir-D,SC1,2026-10-10,16:00,Inverness C,Stenhousemuir,1X2,D,平局,0.3197186180373393,0.26920892865990065,0.2843618354731322,average,tipico_partial,3.5166463120346703,3.62214570139571,3.37,3.37,-0.041700614455544405,1.0,False,,苏冠,False
20261010-SC1-InvernessC-Stenhousemuir-A,SC1,2026-10-10,16:00,Inverness C,Stenhousemuir,1X2,A,客胜 Stenhousemuir,0.6085018750836382,0.23503473823416202,0.3470748792890048,average,tipico_partial,2.8812226400497076,2.9676593192511986,3.8,3.86,0.3188845412982182,1.0,True,,苏冠,False
20261010-SC1-InvernessC-Stenhousemuir-O25,SC1,2026-10-10,16:00,Inverness C,Stenhousemuir,OU25,O25,大于 2.5 球,0.20328635014427512,0.45721925133689845,0.38103938097911144,average,market_avg,2.6244006523168792,2.7031326718863857,2.03,2.03,-0.22649005661240385,1.0,False,,苏冠,False
20261010-SC1-InvernessC-Stenhousemuir-U25,SC1,2026-10-10,16:00,Inverness C,Stenhousemuir,OU25,U25,小于 2.5 球,0.7967136498557249,0.5427807486631016,0.6189606190208885,average,market_avg,1.6156116710330684,1.6640800211640603,1.71,1.71,0.05842265852571926,1.0,True,,苏冠,False
20261010-SC1-InvernessC-Stenhousemuir-HO25,SC1,2026-10-10,16:00,Inverness C,Stenhousemuir,1X2+OU25,H&O25,主胜 Inverness C + 大于 2.5 球,0.013738477138081974,0.26900924915409274,0.15980889450377242,average,,6.257473985444497,6.4451982050078325,,,,1.0,False,7.120624211451629,苏冠,False
20261010-SC1-InvernessC-Stenhousemuir-HU25,SC1,2026-10-10,16:00,Inverness C,Stenhousemuir,1X2+OU25,H&U25,主胜 Inverness C + 小于 2.5 球,0.058041029740940636,0.226747083952031,0.20875439073417415,average,,4.790318404719882,4.934027956861478,,,,1.0,False,4.383539369610261,苏冠,False
20261010-SC1-InvernessC-Stenhousemuir-DO25,SC1,2026-10-10,16:00,Inverness C,Stenhousemuir,1X2+OU25,D&O25,平局 + 大于 2.5 球,0.007215308502529238,0.02792255156113633,0.019758646852799565,average,,50.610753228696524,52.12907582555742,,,,1.0,False,9.229088875271536,苏冠,False
20261010-SC1-InvernessC-Stenhousemuir-DU25,SC1,2026-10-10,16:00,Inverness C,Stenhousemuir,1X2+OU25,D&U25,平局 + 小于 2.5 球,0.3125033095348101,0.24128637709834538,0.26460318861995014,average,,3.779243950972568,3.892621269501745,,,,1.0,False,5.68153482461861,苏冠,False
20261010-SC1-InvernessC-Stenhousemuir-AO25,SC1,2026-10-10,16:00,Inverness C,Stenhousemuir,1X2+OU25,A&O25,客胜 Stenhousemuir + 大于 2.5 球,0.18233256450366392,0.1602874506216694,0.20147183962253953,average,,4.963472820189237,5.112377004794914,,,,1.0,False,7.561482576016615,苏冠,False
20261010-SC1-InvernessC-Stenhousemuir-AU25,SC1,2026-10-10,16:00,Inverness C,Stenhousemuir,1X2+OU25,A&U25,客胜 Stenhousemuir + 小于 2.5 球,0.4261693105799743,0.07474728761272524,0.14560303966676424,average,,6.867988486288881,7.074028140877547,,,,1.0,False,4.654936924109016,苏冠,False
20261010-SC1-Livingston-Partick-H,SC1,2026-10-10,16:00,Livingston,Partick,1X2,H,主胜 Livingston,0.4367193003314737,0.4050785973397823,0.41457080823728976,average,market_avg,2.412133175155028,2.484497170409679,2.24,2.24,-0.07136138954847082,1.0,False,,苏冠,False
20261010-SC1-Livingston-Partick-D,SC1,2026-10-10,16:00,Livingston,Partick,1X2,D,平局,0.3335197063145143,0.27085852478839173,0.2896568792462285,average,market_avg,3.4523606088772723,3.5559314271435905,3.35,3.35,-0.029649454525134455,1.0,False,,苏冠,False
20261010-SC1-Livingston-Partick-A,SC1,2026-10-10,16:00,Livingston,Partick,1X2,A,客胜 Partick,0.22976099335401218,0.32406287787182586,0.29577231251648173,average,market_avg,3.38097907641127,3.4824084487036084,2.8,2.8,-0.17183752495385118,1.0,False,,苏冠,False
20261010-SC1-Livingston-Partick-O25,SC1,2026-10-10,16:00,Livingston,Partick,OU25,O25,大于 2.5 球,0.3400581024174619,0.5241935483870968,0.46895291459620625,average,market_avg,2.1324102460500836,2.196382553431586,1.77,1.77,-0.16995334116471494,1.0,False,,苏冠,False
20261010-SC1-Livingston-Partick-U25,SC1,2026-10-10,16:00,Livingston,Partick,OU25,U25,小于 2.5 球,0.6599418975825381,0.47580645161290325,0.5310470854037936,average,market_avg,1.8830721935694787,1.9395643593765632,1.95,1.95,0.03554181653739752,1.0,True,,苏冠,False
20261010-SC1-Livingston-Partick-HO25,SC1,2026-10-10,16:00,Livingston,Partick,1X2+OU25,H&O25,主胜 Livingston + 大于 2.5 球,0.20278320334301336,0.2639720315502085,0.2484614369349187,average,,4.024769446463184,4.145512529857079,,,,1.0,False,5.143657497537903,苏冠,False
20261010-SC1-Livingston-Partick-HU25,SC1,2026-10-10,16:00,Livingston,Partick,1X2+OU25,H&U25,主胜 Livingston + 小于 2.5 球,0.23393609698846032,0.14110656578990916,0.1661093713025285,average,,6.020129943052635,6.200733841344214,,,,1.0,False,4.54222090932089,苏冠,False
20261010-SC1-Livingston-Partick-DO25,SC1,2026-10-10,16:00,Livingston,Partick,1X2+OU25,D&O25,平局 + 大于 2.5 球,0.03725394553686201,0.057814431854286946,0.05164414815640469,average,,19.363278042102515,19.94417638336559,,,,1.0,False,7.361849135429601,苏冠,False
20261010-SC1-Livingston-Partick-DU25,SC1,2026-10-10,16:00,Livingston,Partick,1X2+OU25,D&U25,平局 + 小于 2.5 球,0.2962657607776522,0.21304409293355833,0.23801273108957866,average,,4.201455928101758,4.327499605944811,,,,1.0,False,6.5010442647513855,苏冠,False
20261010-SC1-Livingston-Partick-AO25,SC1,2026-10-10,16:00,Livingston,Partick,1X2+OU25,A&O25,客胜 Partick + 大于 2.5 球,0.10002095353758653,0.20240708498260135,0.16884732950488296,average,,5.922510015007852,6.100185315458087,,,,1.0,False,7.209634424220341,苏冠,False
20261010-SC1-Livingston-Partick-AU25,SC1,2026-10-10,16:00,Livingston,Partick,1X2+OU25,A&U25,客胜 Partick + 小于 2.5 球,0.12974003981642562,0.1216557928894358,0.12692498301168662,average,,7.87866955954546,8.115029646331823,,,,1.0,False,6.366627685830281,苏冠,False
20261010-SC1-RaithRvs-QueensPark-H,SC1,2026-10-10,16:00,Raith Rvs,Queens Park,1X2,H,主胜 Raith Rvs,0.6005781601026288,0.6131637413019184,0.6093880669421315,average,market_avg,1.6409904529603492,1.6902201665491596,1.48,1.48,-0.09810566092564532,1.0,False,,苏冠,False
20261010-SC1-RaithRvs-QueensPark-D,SC1,2026-10-10,16:00,Raith Rvs,Queens Park,1X2,D,平局,0.2613389990560517,0.23328594784751652,0.24170186321007708,average,market_avg,4.137328470367819,4.261448324478853,3.89,3.89,-0.059779752112800066,1.0,False,,苏冠,False
20261010-SC1-RaithRvs-QueensPark-A,SC1,2026-10-10,16:00,Raith Rvs,Queens Park,1X2,A,客胜 Queens Park,0.13808284084131955,0.15355031085056503,0.14891006984779137,average,market_avg,6.715462567589629,6.916926444617318,5.91,5.91,-0.119941487199553,1.0,False,,苏冠,False
20261010-SC1-RaithRvs-QueensPark-O25,SC1,2026-10-10,16:00,Raith Rvs,Queens Park,OU25,O25,大于 2.5 球,0.4582218654644065,0.4891891891891892,0.47989899207175435,average,market_avg,2.083771828073522,2.146284982915727,1.89,1.89,-0.09299090498438434,1.0,False,,苏冠,False
20261010-SC1-RaithRvs-QueensPark-U25,SC1,2026-10-10,16:00,Raith Rvs,Queens Park,OU25,U25,小于 2.5 球,0.5417781345355934,0.5108108108108108,0.5201010079282455,average,market_avg,1.9227034455929426,1.9803845489607308,1.81,1.81,-0.058617175649875564,1.0,False,,苏冠,False
20261010-SC1-RaithRvs-QueensPark-HO25,SC1,2026-10-10,16:00,Raith Rvs,Queens Park,1X2+OU25,H&O25,主胜 Raith Rvs + 大于 2.5 球,0.34673713148198526,0.3676996625715974,0.36141238480015686,average,,2.7669223359707233,2.849930006049845,,,,1.0,False,3.4194496760163826,苏冠,False
20261010-SC1-RaithRvs-QueensPark-HU25,SC1,2026-10-10,16:00,Raith Rvs,Queens Park,1X2+OU25,H&U25,主胜 Raith Rvs + 小于 2.5 球,0.2538410286206435,0.24546407873107717,0.24797568214259966,average,,4.032653489889162,4.153633094585837,,,,1.0,False,3.1551379980919867,苏冠,False
20261010-SC1-RaithRvs-QueensPark-DO25,SC1,2026-10-10,16:00,Raith Rvs,Queens Park,1X2+OU25,D&O25,平局 + 大于 2.5 球,0.04075400597972545,0.03930292077205842,0.03980053591913777,average,,25.12528982101364,25.87904851564405,,,,1.0,False,8.621248510038978,苏冠,False
20261010-SC1-RaithRvs-QueensPark-DU25,SC1,2026-10-10,16:00,Raith Rvs,Queens Park,1X2+OU25,D&U25,平局 + 小于 2.5 球,0.22058499307632623,0.19398302707462298,0.20190132729024882,average,,4.952914443016129,5.101501876306614,,,,1.0,False,7.954855705525984,苏冠,False
20261010-SC1-RaithRvs-QueensPark-AO25,SC1,2026-10-10,16:00,Raith Rvs,Queens Park,1X2+OU25,A&O25,客胜 Queens Park + 大于 2.5 球,0.0707307280026958,0.0821866058455334,0.07868607135245971,average,,12.708729547834265,13.089991434269294,,,,1.0,False,13.993491710825547,苏冠,False
20261010-SC1-RaithRvs-QueensPark-AU25,SC1,2026-10-10,16:00,Raith Rvs,Queens Park,1X2+OU25,A&U25,客胜 Queens Park + 小于 2.5 球,0.06735211283862372,0.07136370500511058,0.07022399849539714,average,,14.2401461241992,14.667350507925176,,,,1.0,False,12.911843017455007,苏冠,False
20261010-SC2-Alloa-Hamilton-H,SC2,2026-10-10,16:00,Alloa,Hamilton,1X2,H,主胜 Alloa,0.30106151145865045,0.2292900773219657,0.2508215075629711,average,market_avg,3.9868989295064363,4.106505897391629,3.94,3.94,-0.011763260201893777,1.0,False,,苏甲,False
20261010-SC2-Alloa-Hamilton-D,SC2,2026-10-10,16:00,Alloa,Hamilton,1X2,D,平局,0.3041725433958848,0.25447969145029437,0.2693875470339715,average,market_avg,3.712124079268941,3.8234878016470093,3.55,3.55,-0.04367420802940125,1.0,False,,苏甲,False
20261010-SC2-Alloa-Hamilton-A,SC2,2026-10-10,16:00,Alloa,Hamilton,1X2,A,客胜 Hamilton,0.3947659451454649,0.5162302312277399,0.4797909454030574,average,market_avg,2.0842410837076786,2.146768316218909,1.75,1.75,-0.1603658455446496,1.0,False,,苏甲,False
20261010-SC2-Alloa-Hamilton-O25,SC2,2026-10-10,16:00,Alloa,Hamilton,OU25,O25,大于 2.5 球,0.42298666928517364,0.5309973045822103,0.4985941139930993,average,market_avg,2.005639400736769,2.0658085827588724,1.74,1.74,-0.13244624165200725,1.0,False,,苏甲,False
20261010-SC2-Alloa-Hamilton-U25,SC2,2026-10-10,16:00,Alloa,Hamilton,OU25,U25,小于 2.5 球,0.5770133307148264,0.46900269541778977,0.5014058860069007,average,market_avg,1.9943922237606864,2.054223990473507,1.97,1.97,-0.012230404566405562,1.0,False,,苏甲,False
20261010-SC2-Alloa-Hamilton-HO25,SC2,2026-10-10,16:00,Alloa,Hamilton,1X2+OU25,H&O25,主胜 Alloa + 大于 2.5 球,0.15763632979686446,0.14244878530800165,0.1487017174007885,average,,6.724871894416315,6.926618051248805,,,,1.0,False,7.996281579773355,苏甲,False
20261010-SC2-Alloa-Hamilton-HU25,SC2,2026-10-10,16:00,Alloa,Hamilton,1X2+OU25,H&U25,主胜 Alloa + 小于 2.5 球,0.14342518166178597,0.08684129201400287,0.1021197901624396,average,,9.792421218348794,10.086193854899257,,,,1.0,False,7.951440221927442,苏甲,False
20261010-SC2-Alloa-Hamilton-DO25,SC2,2026-10-10,16:00,Alloa,Hamilton,1X2+OU25,D&O25,平局 + 大于 2.5 球,0.053268395522261064,0.06123191566553613,0.05913857125380978,average,,16.909437931941564,17.41672106989981,,,,1.0,False,7.44518231380549,苏甲,False
20261010-SC2-Alloa-Hamilton-DU25,SC2,2026-10-10,16:00,Alloa,Hamilton,1X2+OU25,D&U25,平局 + 小于 2.5 球,0.2509041478736237,0.19324777578461963,0.2102489757793446,average,,4.7562657382430995,4.898953710390392,,,,1.0,False,7.403431397328774,苏甲,False
20261010-SC2-Alloa-Hamilton-AO25,SC2,2026-10-10,16:00,Alloa,Hamilton,1X2+OU25,A&O25,客胜 Hamilton + 大于 2.5 球,0.21208194396604804,0.32731660360867243,0.290753825338501,average,,3.4393356607975196,3.542515730621445,,,,1.0,False,4.180236038118423,苏甲,False
20261010-SC2-Alloa-Hamilton-AU25,SC2,2026-10-10,16:00,Alloa,Hamilton,1X2+OU25,A&U25,客胜 Hamilton + 小于 2.5 球,0.1826840011794168,0.1889136276191673,0.1890371200651165,average,,5.289966328600097,5.4486653184581,,,,1.0,False,4.15679420978914,苏甲,False
20261010-SC2-CoveRangers-EastFife-H,SC2,2026-10-10,16:00,Cove Rangers,East Fife,1X2,H,主胜 Cove Rangers,0.5355705153922308,0.41454801034309213,0.4508547618578337,average,market_avg,2.218009178564085,2.284549453921008,2.18,2.18,-0.017136619149922483,1.0,False,,苏甲,False
20261010-SC2-CoveRangers-EastFife-D,SC2,2026-10-10,16:00,Cove Rangers,East Fife,1X2,D,平局,0.28285233899723905,0.27806605001475104,0.2795019367094974,average,market_avg,3.577792740088803,3.6851265222914673,3.25,3.25,-0.09161870569413344,1.0,False,,苏甲,False
20261010-SC2-CoveRangers-EastFife-A,SC2,2026-10-10,16:00,Cove Rangers,East Fife,1X2,A,客胜 East Fife,0.18157714561053015,0.30738593964215677,0.2696433014326688,average,market_avg,3.7086031608677095,3.819861255693741,2.94,2.94,-0.20724869378795374,1.0,False,,苏甲,False
20261010-SC2-CoveRangers-EastFife-O25,SC2,2026-10-10,16:00,Cove Rangers,East Fife,OU25,O25,大于 2.5 球,0.4105405516589257,0.491891891891892,0.4674864898220021,average,market_avg,2.1390992505061597,2.203272228021344,1.88,1.88,-0.12112539913463616,1.0,False,,苏甲,False
20261010-SC2-CoveRangers-EastFife-U25,SC2,2026-10-10,16:00,Cove Rangers,East Fife,OU25,U25,小于 2.5 球,0.5894594483410742,0.5081081081081081,0.5325135101779979,average,market_avg,1.8778866280138886,1.9342232268543054,1.82,1.82,-0.030825411476043896,1.0,False,,苏甲,False
20261010-SC2-CoveRangers-EastFife-HO25,SC2,2026-10-10,16:00,Cove Rangers,East Fife,1X2+OU25,H&O25,主胜 Cove Rangers + 大于 2.5 球,0.2835696897861779,0.2597939655879008,0.2697920787380687,average,,3.70655804528221,3.8177547866406765,,,,1.0,False,4.744541771482218,苏甲,False
20261010-SC2-CoveRangers-EastFife-HU25,SC2,2026-10-10,16:00,Cove Rangers,East Fife,1X2+OU25,H&U25,主胜 Cove Rangers + 小于 2.5 球,0.2520008256060528,0.15475404475561813,0.181062683119995,average,,5.522949195098771,5.688637670951733,,,,1.0,False,4.1651697772375655,苏甲,False
20261010-SC2-CoveRangers-EastFife-DO25,SC2,2026-10-10,16:00,Cove Rangers,East Fife,1X2+OU25,D&O25,平局 + 大于 2.5 球,0.041364980947800195,0.05659567825325942,0.051675524903813094,average,,19.351520896234007,19.93206652312103,,,,1.0,False,7.653253768790337,苏甲,False
20261010-SC2-CoveRangers-EastFife-DU25,SC2,2026-10-10,16:00,Cove Rangers,East Fife,1X2+OU25,D&U25,平局 + 小于 2.5 球,0.24148735804943888,0.22147037176087936,0.22782641180537652,average,,4.389306718547901,4.520985920104338,,,,1.0,False,6.718689144417934,苏甲,False
20261010-SC2-CoveRangers-EastFife-AO25,SC2,2026-10-10,16:00,Cove Rangers,East Fife,1X2+OU25,A&O25,客胜 East Fife + 大于 2.5 球,0.08560588092494753,0.17550224805073172,0.1460188861801203,average,,6.848429173514301,7.05388204871973,,,,1.0,False,7.933070241836891,苏甲,False
20261010-SC2-CoveRangers-EastFife-AU25,SC2,2026-10-10,16:00,Cove Rangers,East Fife,1X2+OU25,A&U25,客胜 East Fife + 小于 2.5 球,0.09597126468558259,0.13188369159161065,0.12362441525262637,average,,8.0890170275548,8.331687538381445,,,,1.0,False,6.964336284403513,苏甲,False
20261010-SC2-EastKilbride-AirdrieUtd-H,SC2,2026-10-10,16:00,East Kilbride,Airdrie Utd,1X2,H,主胜 East Kilbride,0.5944039868664527,0.49028676064934906,0.5215219285144801,average,market_avg,1.9174649143679008,1.9749888617989377,1.84,1.84,-0.04039965153335656,1.0,False,,苏甲,False
20261010-SC2-EastKilbride-AirdrieUtd-D,SC2,2026-10-10,16:00,East Kilbride,Airdrie Utd,1X2,D,平局,0.26682419055652024,0.25269681781367015,0.25693502963652515,average,market_avg,3.892034501541719,4.008795536587971,3.57,3.57,-0.08274194419760528,1.0,False,,苏甲,False
20261010-SC2-EastKilbride-AirdrieUtd-A,SC2,2026-10-10,16:00,East Kilbride,Airdrie Utd,1X2,A,客胜 Airdrie Utd,0.13877182257702705,0.25701642153698073,0.22154304184899462,average,market_avg,4.51379556610768,4.64920943309091,3.51,3.51,-0.22238392311002897,1.0,False,,苏甲,False
20261010-SC2-EastKilbride-AirdrieUtd-O25,SC2,2026-10-10,16:00,East Kilbride,Airdrie Utd,OU25,O25,大于 2.5 球,0.4017663074788684,0.5519999999999999,0.5069298922436605,average,market_avg,1.9726593663159655,2.0318391473054445,1.68,1.68,-0.14835778103065045,1.0,False,,苏甲,False
20261010-SC2-EastKilbride-AirdrieUtd-U25,SC2,2026-10-10,16:00,East Kilbride,Airdrie Utd,OU25,U25,小于 2.5 球,0.5982336925211316,0.448,0.4930701077563394,average,market_avg,2.0281091558163777,2.088952430490869,2.07,2.07,0.02065512305562245,1.0,False,,苏甲,False
20261010-SC2-EastKilbride-AirdrieUtd-HO25,SC2,2026-10-10,16:00,East Kilbride,Airdrie Utd,1X2+OU25,H&O25,主胜 East Kilbride + 大于 2.5 球,0.3078238408035886,0.33710611633410364,0.3335229682021183,average,,2.9982942565862207,3.0882430842838073,,,,1.0,False,3.7825051229100803,苏甲,False
20261010-SC2-EastKilbride-AirdrieUtd-HU25,SC2,2026-10-10,16:00,East Kilbride,Airdrie Utd,1X2+OU25,H&U25,主胜 East Kilbride + 小于 2.5 球,0.2865801460628642,0.1531806443158352,0.1879989603126065,average,,5.319178352567431,5.478753703144454,,,,1.0,False,3.888828148786206,苏甲,False
20261010-SC2-EastKilbride-AirdrieUtd-DO25,SC2,2026-10-10,16:00,East Kilbride,Airdrie Utd,1X2+OU25,D&O25,平局 + 大于 2.5 球,0.033424920741456546,0.057324523865462745,0.04914778263361692,average,,20.346797890247107,20.95720182695452,,,,1.0,False,7.677658313491163,苏甲,False
20261010-SC2-EastKilbride-AirdrieUtd-DU25,SC2,2026-10-10,16:00,East Kilbride,Airdrie Utd,1X2+OU25,D&U25,平局 + 小于 2.5 球,0.23339926981506376,0.1953722939474784,0.2077872470026214,average,,4.812614895404934,4.956993342267082,,,,1.0,False,7.893470807329993,苏甲,False
20261010-SC2-EastKilbride-AirdrieUtd-AO25,SC2,2026-10-10,16:00,East Kilbride,Airdrie Utd,1X2+OU25,A&O25,客胜 Airdrie Utd + 大于 2.5 球,0.06051754593382324,0.15756935980043352,0.12425914140792538,average,,8.04769764758908,8.289128577016754,,,,1.0,False,8.90418110111779,苏甲,False
20261010-SC2-EastKilbride-AirdrieUtd-AU25,SC2,2026-10-10,16:00,East Kilbride,Airdrie Utd,1X2+OU25,A&U25,客胜 Airdrie Utd + 小于 2.5 球,0.07825427664320384,0.09944706173668647,0.09728390044111156,average,,10.279193118961402,10.587568912530244,,,,1.0,False,9.154470115106355,苏甲,False
20261010-SC2-Montrose-RossCounty-H,SC2,2026-10-10,16:00,Montrose,Ross County,1X2,H,主胜 Montrose,0.03461664606235769,0.15124210197746243,0.116254465202931,average,market_avg,8.601820138731222,8.859874742893158,5.97,5.97,-0.3059608427385019,1.0,False,,苏甲,False
20261010-SC2-Montrose-RossCounty-D,SC2,2026-10-10,16:00,Montrose,Ross County,1X2,D,平局,0.0856645600475046,0.20381836316150131,0.16837222222730228,average,market_avg,5.939221961743792,6.117398620596107,4.43,4.43,-0.2541110555330509,1.0,False,,苏甲,False
20261010-SC2-Montrose-RossCounty-A,SC2,2026-10-10,16:00,Montrose,Ross County,1X2,A,客胜 Ross County,0.8797187938901377,0.6449395348610363,0.7153733125697668,average,market_avg,1.397871548223956,1.5,1.4,1.4,0.0015226375976733486,1.0,False,,苏甲,False
20261010-SC2-Montrose-RossCounty-O25,SC2,2026-10-10,16:00,Montrose,Ross County,OU25,O25,大于 2.5 球,0.8022218120563611,0.6183206106870229,0.6734909710978243,average,market_avg,1.4848008999585391,1.5293449269572954,1.5,1.5,0.010236456646736336,1.0,False,,苏甲,False
20261010-SC2-Montrose-RossCounty-U25,SC2,2026-10-10,16:00,Montrose,Ross County,OU25,U25,小于 2.5 球,0.19777818794363888,0.38167938931297707,0.3265090289021756,average,market_avg,3.062702441529135,3.154583514775009,2.43,2.43,-0.2065830597677133,1.0,False,,苏甲,False
20261010-SC2-Montrose-RossCounty-HO25,SC2,2026-10-10,16:00,Montrose,Ross County,1X2+OU25,H&O25,主胜 Montrose + 大于 2.5 球,0.02504148758314148,0.08824965736942045,0.07239526241389338,average,,13.81305857119305,14.227450328328842,,,,1.0,False,12.771990283269604,苏甲,False
20261010-SC2-Montrose-RossCounty-HU25,SC2,2026-10-10,16:00,Montrose,Ross County,1X2+OU25,H&U25,主胜 Montrose + 小于 2.5 球,0.009575158479216212,0.06299244460806927,0.04385920278909416,average,,22.80023202447847,23.484238985212823,,,,1.0,False,26.344815540486596,苏甲,False
20261010-SC2-Montrose-RossCounty-DO25,SC2,2026-10-10,16:00,Montrose,Ross County,1X2+OU25,D&O25,平局 + 大于 2.5 球,0.029875241758790076,0.04543417187675859,0.042531949103938,average,,23.511736966397592,24.217089075389524,,,,1.0,False,8.818562113850703,苏甲,False
20261010-SC2-Montrose-RossCounty-DU25,SC2,2026-10-10,16:00,Montrose,Ross County,1X2+OU25,D&U25,平局 + 小于 2.5 球,0.05578931828871453,0.15838419128516,0.12584027312404303,average,,7.946581608371765,8.184979056622918,,,,1.0,False,18.19006960301617,苏甲,False
20261010-SC2-Montrose-RossCounty-AO25,SC2,2026-10-10,16:00,Montrose,Ross County,1X2+OU25,A&O25,客胜 Ross County + 大于 2.5 球,0.7473050827144299,0.48463678144084393,0.558563759579993,average,,1.790305910200728,1.8440150875067498,,,,1.0,False,2.0755609328293665,苏甲,False
20261010-SC2-Montrose-RossCounty-AU25,SC2,2026-10-10,16:00,Montrose,Ross County,1X2+OU25,A&U25,客胜 Ross County + 小于 2.5 球,0.13241371117570805,0.16030275341974784,0.15680955298903843,average,,6.377162493855867,6.568477368671543,,,,1.0,False,4.281264603689622,苏甲,False
20261010-SC2-Peterhead-QueenofSth-H,SC2,2026-10-10,16:00,Peterhead,Queen of Sth,1X2,H,主胜 Peterhead,0.3454802848211483,0.4663344067056101,0.4300781701402715,average,market_avg,2.3251587023676334,2.3949134634386624,1.94,1.94,-0.16564834992787336,1.0,False,,苏甲,False
20261010-SC2-Peterhead-QueenofSth-D,SC2,2026-10-10,16:00,Peterhead,Queen of Sth,1X2,D,平局,0.2488821934041134,0.25270635447175516,0.2515591061514626,average,market_avg,3.975208909344369,4.0944651766247,3.58,3.58,-0.09941839997776392,1.0,False,,苏甲,False
20261010-SC2-Peterhead-QueenofSth-A,SC2,2026-10-10,16:00,Peterhead,Queen of Sth,1X2,A,客胜 Queen of Sth,0.40563752177473816,0.2809592388226346,0.3183627237082657,average,market_avg,3.1410712546747726,3.2353033923150156,3.22,3.22,0.025127970340615535,1.0,False,,苏甲,False
20261010-SC2-Peterhead-QueenofSth-O25,SC2,2026-10-10,16:00,Peterhead,Queen of Sth,OU25,O25,大于 2.5 球,0.647934721918155,0.5926892950391646,0.6092629231028617,average,market_avg,1.6413275157253748,1.690567341197136,1.56,1.56,-0.04954983995953577,1.0,False,,苏甲,False
20261010-SC2-Peterhead-QueenofSth-U25,SC2,2026-10-10,16:00,Peterhead,Queen of Sth,OU25,U25,小于 2.5 球,0.35206527808184496,0.40731070496083555,0.3907370768971383,average,market_avg,2.5592657035289497,2.636043674634818,2.27,2.27,-0.11302683544349601,1.0,False,,苏甲,False
20261010-SC2-Peterhead-QueenofSth-HO25,SC2,2026-10-10,16:00,Peterhead,Queen of Sth,1X2+OU25,H&O25,主胜 Peterhead + 大于 2.5 球,0.25374288636124115,0.31824402248480166,0.3003176064543235,average,,3.329808104847473,3.429702347992897,,,,1.0,False,3.816346956624304,苏甲,False
20261010-SC2-Peterhead-QueenofSth-HU25,SC2,2026-10-10,16:00,Peterhead,Queen of Sth,1X2+OU25,H&U25,主胜 Peterhead + 小于 2.5 球,0.09173739845990722,0.14809038422065873,0.12976056368584163,average,,7.706501664258041,7.937696714185782,,,,1.0,False,5.9506989222313615,苏甲,False
20261010-SC2-Peterhead-QueenofSth-DO25,SC2,2026-10-10,16:00,Peterhead,Queen of Sth,1X2+OU25,D&O25,平局 + 大于 2.5 球,0.09391359035604467,0.08089510736043591,0.08464074182663632,average,,11.814641252178882,12.169080489744248,,,,1.0,False,6.52461976366357,苏甲,False
20261010-SC2-Peterhead-QueenofSth-DU25,SC2,2026-10-10,16:00,Peterhead,Queen of Sth,1X2+OU25,D&U25,平局 + 小于 2.5 球,0.15496860304806875,0.17181124711156587,0.1669183643250173,average,,5.990952547634823,6.170681124063868,,,,1.0,False,10.173615826047765,苏甲,False
20261010-SC2-Peterhead-QueenofSth-AO25,SC2,2026-10-10,16:00,Peterhead,Queen of Sth,1X2+OU25,A&O25,客胜 Queen of Sth + 大于 2.5 球,0.30027824520086926,0.193550165193927,0.22430457482190194,average,,4.458223827106518,4.591970541919713,,,,1.0,False,5.1555266791517305,苏甲,False
20261010-SC2-Peterhead-QueenofSth-AU25,SC2,2026-10-10,16:00,Peterhead,Queen of Sth,1X2+OU25,A&U25,客胜 Queen of Sth + 小于 2.5 球,0.1053592765738689,0.08740907362861096,0.09405814888627942,average,,10.631721034708491,10.950672665749746,,,,1.0,False,8.038835934429791,苏甲,False
20261010-SC3-AnnanAthletic-Stranraer-H,SC3,2026-10-10,16:00,Annan Athletic,Stranraer,1X2,H,主胜 Annan Athletic,0.32547730311536865,0.3556067722938867,0.3465679315403313,average,market_avg,2.8854371942478085,2.972000310075243,2.54,2.54,-0.1197174538875585,1.0,False,,苏乙,False
20261010-SC3-AnnanAthletic-Stranraer-D,SC3,2026-10-10,16:00,Annan Athletic,Stranraer,1X2,D,平局,0.30560204613449315,0.2648801177790241,0.2770966962856648,average,market_avg,3.6088485117450806,3.717113967097433,3.41,3.41,-0.055100265665883,1.0,False,,苏乙,False
20261010-SC3-AnnanAthletic-Stranraer-A,SC3,2026-10-10,16:00,Annan Athletic,Stranraer,1X2,A,客胜 Stranraer,0.3689206507501382,0.3795131099270892,0.37633537217400387,average,market_avg,2.6572043818874302,2.7369205133440535,2.38,2.38,-0.10432181422587083,1.0,False,,苏乙,False
20261010-SC3-AnnanAthletic-Stranraer-O25,SC3,2026-10-10,16:00,Annan Athletic,Stranraer,OU25,O25,大于 2.5 球,0.3675710028207221,0.5573333333333332,0.5004046341795498,average,market_avg,1.9983827720532075,2.058334255214804,1.66,1.66,-0.16932830726194736,1.0,False,,苏乙,False
20261010-SC3-AnnanAthletic-Stranraer-U25,SC3,2026-10-10,16:00,Annan Athletic,Stranraer,OU25,U25,小于 2.5 球,0.6324289971792779,0.44266666666666665,0.49959536582045,average,market_avg,2.001619847609617,2.0616684430379055,2.09,2.09,0.044154314564740504,1.0,True,,苏乙,False
20261010-SC3-AnnanAthletic-Stranraer-HO25,SC3,2026-10-10,16:00,Annan Athletic,Stranraer,1X2+OU25,H&O25,主胜 Annan Athletic + 大于 2.5 球,0.1499596405125196,0.23294334163666044,0.20782965166864018,average,,4.811632950212426,4.955981938718799,,,,1.0,False,5.7662079788263645,苏乙,False
20261010-SC3-AnnanAthletic-Stranraer-HU25,SC3,2026-10-10,16:00,Annan Athletic,Stranraer,1X2+OU25,H&U25,主胜 Annan Athletic + 小于 2.5 球,0.175517662602849,0.12266343065734898,0.13873827987174586,average,,7.207816047052279,7.424050528463847,,,,1.0,False,5.775548357037419,苏乙,False
20261010-SC3-AnnanAthletic-Stranraer-DO25,SC3,2026-10-10,16:00,Annan Athletic,Stranraer,1X2+OU25,D&O25,平局 + 大于 2.5 球,0.044713108479622565,0.07306917566621256,0.06402647542762893,average,,15.618538945351292,16.087095113711833,,,,1.0,False,7.211860692821227,苏乙,False
20261010-SC3-AnnanAthletic-Stranraer-DU25,SC3,2026-10-10,16:00,Annan Athletic,Stranraer,1X2+OU25,D&U25,平局 + 小于 2.5 球,0.26088893765487053,0.19181094211254832,0.2130702208579172,average,,4.693288419064603,4.834087071636541,,,,1.0,False,7.223542808125382,苏乙,False
20261010-SC3-AnnanAthletic-Stranraer-AO25,SC3,2026-10-10,16:00,Annan Athletic,Stranraer,1X2+OU25,A&O25,客胜 Stranraer + 大于 2.5 球,0.17289825382857993,0.2513208160304603,0.22854850708328087,average,,4.375438775610158,4.5067019388784635,,,,1.0,False,5.310111458588133,苏乙,False
20261010-SC3-AnnanAthletic-Stranraer-AU25,SC3,2026-10-10,16:00,Annan Athletic,Stranraer,1X2+OU25,A&U25,客胜 Stranraer + 小于 2.5 球,0.19602239692155826,0.12819229389676942,0.14778686509078703,average,,6.766501200128235,6.969496236132082,,,,1.0,False,5.318713029941125,苏乙,False
20261010-SC3-Clyde-Dumbarton-H,SC3,2026-10-10,16:00,Clyde,Dumbarton,1X2,H,主胜 Clyde,0.6293481081572563,0.5860291361756772,0.5990248277701509,average,market_avg,1.6693798881800364,1.7194612848254376,1.54,1.54,-0.07750176523396768,1.0,False,,苏乙,False
20261010-SC3-Clyde-Dumbarton-D,SC3,2026-10-10,16:00,Clyde,Dumbarton,1X2,D,平局,0.2053729690461384,0.21904972565789876,0.21494669867437063,average,market_avg,4.65231616101688,4.791885645847386,4.12,4.12,-0.11441960146159291,1.0,False,,苏乙,False
20261010-SC3-Clyde-Dumbarton-A,SC3,2026-10-10,16:00,Clyde,Dumbarton,1X2,A,客胜 Dumbarton,0.16527892279660514,0.19492113816642395,0.1860284735554783,average,market_avg,5.375521181717245,5.536786817168762,4.63,4.63,-0.1386881674381355,1.0,False,,苏乙,False
20261010-SC3-Clyde-Dumbarton-O25,SC3,2026-10-10,16:00,Clyde,Dumbarton,OU25,O25,大于 2.5 球,0.619904298225941,0.6535626535626535,0.6434651469616397,average,market_avg,1.554085725888764,1.600708297665427,1.41,1.41,-0.09271414278408807,1.0,False,,苏乙,False
20261010-SC3-Clyde-Dumbarton-U25,SC3,2026-10-10,16:00,Clyde,Dumbarton,OU25,U25,小于 2.5 球,0.38009570177405905,0.3464373464373464,0.3565348530383602,average,market_avg,2.804774880991532,2.888918127421278,2.66,2.66,-0.051617290917961856,1.0,False,,苏乙,False
20261010-SC3-Clyde-Dumbarton-HO25,SC3,2026-10-10,16:00,Clyde,Dumbarton,1X2+OU25,H&O25,主胜 Clyde + 大于 2.5 球,0.44881963141908227,0.4407242433728218,0.44363894830419853,average,,2.254085228139867,2.321707784984063,,,,1.0,False,2.5943594553063756,苏乙,False
20261010-SC3-Clyde-Dumbarton-HU25,SC3,2026-10-10,16:00,Clyde,Dumbarton,1X2+OU25,H&U25,主胜 Clyde + 小于 2.5 球,0.18052847673817413,0.14530489280307649,0.15538587946609037,average,,6.435591209677637,6.628658945967967,,,,1.0,False,4.6822347771998185,苏乙,False
20261010-SC3-Clyde-Dumbarton-DO25,SC3,2026-10-10,16:00,Clyde,Dumbarton,1X2+OU25,D&O25,平局 + 大于 2.5 球,0.06546501505288584,0.07960373833979331,0.07513050760535853,average,,13.310172283844347,13.709477452359678,,,,1.0,False,7.230098138157945,苏乙,False
20261010-SC3-Clyde-Dumbarton-DU25,SC3,2026-10-10,16:00,Clyde,Dumbarton,1X2+OU25,D&U25,平局 + 小于 2.5 球,0.1399079539932526,0.13944598731786204,0.13981619106886248,average,,7.152247478315859,7.366814902665335,,,,1.0,False,13.048699506851097,苏乙,False
20261010-SC3-Clyde-Dumbarton-AO25,SC3,2026-10-10,16:00,Clyde,Dumbarton,1X2+OU25,A&O25,客胜 Dumbarton + 大于 2.5 球,0.10561965175397287,0.1332346718500384,0.12469569105208272,average,,8.019523301589638,8.260109000637328,,,,1.0,False,8.354020737719472,苏乙,False
20261010-SC3-Clyde-Dumbarton-AU25,SC3,2026-10-10,16:00,Clyde,Dumbarton,1X2+OU25,A&U25,客胜 Dumbarton + 小于 2.5 球,0.05965927104263224,0.061686466316407944,0.06133278250340742,average,,16.30449425548961,16.7936290831543,,,,1.0,False,15.077126782718443,苏乙,False
20261010-SC3-EdinburghCity-Spartans-H,SC3,2026-10-10,16:00,Edinburgh City,Spartans,1X2,H,主胜 Edinburgh City,0.33849124047086515,0.3546553413917021,0.34980611111545096,average,market_avg,2.858726500835651,2.9444882958607206,2.55,2.55,-0.10799441665560017,1.0,False,,苏乙,False
20261010-SC3-EdinburghCity-Spartans-D,SC3,2026-10-10,16:00,Edinburgh City,Spartans,1X2,D,平局,0.23882621856266678,0.26213655668082325,0.2551434552453763,average,market_avg,3.9193637126152465,4.036944623993704,3.45,3.45,-0.11975507940345176,1.0,False,,苏乙,False
20261010-SC3-EdinburghCity-Spartans-A,SC3,2026-10-10,16:00,Edinburgh City,Spartans,1X2,A,客胜 Spartans,0.42268254096646807,0.3832081019274747,0.3950504336391727,average,market_avg,2.531322370129,2.6072620412328704,2.36,2.36,-0.06768097661155248,1.0,False,,苏乙,False
20261010-SC3-EdinburghCity-Spartans-O25,SC3,2026-10-10,16:00,Edinburgh City,Spartans,OU25,O25,大于 2.5 球,0.6359013189521594,0.5664893617021276,0.5873129488771371,average,market_avg,1.7026697638999184,1.753749856816916,1.63,1.63,-0.04267989333026656,1.0,False,,苏乙,False
20261010-SC3-EdinburghCity-Spartans-U25,SC3,2026-10-10,16:00,Edinburgh City,Spartans,OU25,U25,小于 2.5 球,0.3640986810478406,0.4335106382978723,0.41268705112286275,average,market_avg,2.423143632152117,2.4958379411166804,2.13,2.13,-0.12097658110830234,1.0,False,,苏乙,False
20261010-SC3-EdinburghCity-Spartans-HO25,SC3,2026-10-10,16:00,Edinburgh City,Spartans,1X2+OU25,H&O25,主胜 Edinburgh City + 大于 2.5 球,0.24013900159637472,0.2299356411051326,0.2332995345521567,average,,4.286335169590486,4.414925224678201,,,,1.0,False,4.867467176232278,苏乙,False
20261010-SC3-EdinburghCity-Spartans-HU25,SC3,2026-10-10,16:00,Edinburgh City,Spartans,1X2+OU25,H&U25,主胜 Edinburgh City + 小于 2.5 球,0.09835223887449035,0.12471970028633046,0.1165065765631375,average,,8.58320645494272,8.840702648591002,,,,1.0,False,6.927104916564411,苏乙,False
20261010-SC3-EdinburghCity-Spartans-DO25,SC3,2026-10-10,16:00,Edinburgh City,Spartans,1X2+OU25,D&O25,平局 + 大于 2.5 球,0.09129854882437677,0.08348258037097944,0.08589922493179461,average,,11.641548579675968,11.990795037066247,,,,1.0,False,6.673382087196511,苏乙,False
20261010-SC3-EdinburghCity-Spartans-DU25,SC3,2026-10-10,16:00,Edinburgh City,Spartans,1X2+OU25,D&U25,平局 + 小于 2.5 球,0.14752766973829,0.17865397631037916,0.16924423031394176,average,,5.908620921050231,6.0858795486817385,,,,1.0,False,9.497181222311713,苏乙,False
20261010-SC3-EdinburghCity-Spartans-AO25,SC3,2026-10-10,16:00,Edinburgh City,Spartans,1X2+OU25,A&O25,客胜 Spartans + 大于 2.5 球,0.30446376853140794,0.2530711402260156,0.26811418939318593,average,,3.7297541106021552,3.84164673392022,,,,1.0,False,4.3100060623021275,苏乙,False
20261010-SC3-EdinburghCity-Spartans-AU25,SC3,2026-10-10,16:00,Edinburgh City,Spartans,1X2+OU25,A&U25,客胜 Spartans + 小于 2.5 球,0.1182187724350601,0.1301369617011627,0.1269362442457836,average,,7.877970598087998,8.114309716030638,,,,1.0,False,6.13375768210229,苏乙,False
20261010-SC3-Forfar-Elgin-H,SC3,2026-10-10,16:00,Forfar,Elgin,1X2,H,主胜 Forfar,0.37665791431973217,0.27938678183269544,0.3085681215788064,average,market_avg,3.240775472474094,3.337998736648317,3.23,3.23,-0.0033249673004552838,1.0,False,,苏乙,False
20261010-SC3-Forfar-Elgin-D,SC3,2026-10-10,16:00,Forfar,Elgin,1X2,D,平局,0.2741688273530327,0.25783408723417317,0.262734509269831,average,market_avg,3.806123538088367,3.9203072442310183,3.5,3.5,-0.08042921755559151,1.0,False,,苏乙,False
20261010-SC3-Forfar-Elgin-A,SC3,2026-10-10,16:00,Forfar,Elgin,1X2,A,客胜 Elgin,0.349173258327235,0.4627791309331314,0.4286973691513625,average,market_avg,2.3326478582772094,2.402627294025526,1.95,1.95,-0.1640401301548432,1.0,False,,苏乙,False
20261010-SC3-Forfar-Elgin-O25,SC3,2026-10-10,16:00,Forfar,Elgin,OU25,O25,大于 2.5 球,0.4839245916604492,0.5481283422459893,0.5288672170703272,average,market_avg,1.8908337815671847,1.9475587950142004,1.69,1.69,-0.10621440315114694,1.0,False,,苏乙,False
20261010-SC3-Forfar-Elgin-U25,SC3,2026-10-10,16:00,Forfar,Elgin,OU25,U25,小于 2.5 球,0.5160754083395508,0.45187165775401067,0.4711327829296727,average,market_avg,2.1225438692286307,2.1862201853054897,2.05,2.05,-0.03417779499417106,1.0,False,,苏乙,False
20261010-SC3-Forfar-Elgin-HO25,SC3,2026-10-10,16:00,Forfar,Elgin,1X2+OU25,H&O25,主胜 Forfar + 大于 2.5 球,0.21849304336172812,0.17939361677647364,0.19249058309614844,average,,5.195059331814186,5.350911111768612,,,,1.0,False,6.127767741828371,苏乙,False
20261010-SC3-Forfar-Elgin-HU25,SC3,2026-10-10,16:00,Forfar,Elgin,1X2+OU25,H&U25,主胜 Forfar + 小于 2.5 球,0.15816487095800405,0.099993165056264,0.116077538482977,average,,8.614931131974787,8.873379065934031,,,,1.0,False,6.878688110646407,苏乙,False
20261010-SC3-Forfar-Elgin-DO25,SC3,2026-10-10,16:00,Forfar,Elgin,1X2+OU25,D&O25,平局 + 大于 2.5 球,0.06445905640203019,0.07355962641955448,0.0708141493687743,average,,14.121471611448218,14.545115759791665,,,,1.0,False,7.196746962635499,苏乙,False
20261010-SC3-Forfar-Elgin-DU25,SC3,2026-10-10,16:00,Forfar,Elgin,1X2+OU25,D&U25,平局 + 小于 2.5 球,0.2097097709510026,0.18427446081450982,0.19192035990031506,average,,5.210494605780272,5.36680944395368,,,,1.0,False,8.078664181296247,苏乙,False
20261010-SC3-Forfar-Elgin-AO25,SC3,2026-10-10,16:00,Forfar,Elgin,1X2+OU25,A&O25,客胜 Elgin + 大于 2.5 球,0.20097249189669092,0.2951750990499612,0.26556248460540455,average,,3.765592122267893,3.87855988593593,,,,1.0,False,4.410649370930891,苏乙,False
20261010-SC3-Forfar-Elgin-AU25,SC3,2026-10-10,16:00,Forfar,Elgin,1X2+OU25,A&U25,客胜 Elgin + 小于 2.5 球,0.14820076643054417,0.16760403188323686,0.16313488454638075,average,,6.129896758627924,6.313793661386762,,,,1.0,False,4.9511474106555875,苏乙,False
20261010-SC3-Stirling-KeltyHearts-H,SC3,2026-10-10,16:00,Stirling,Kelty Hearts,1X2,H,主胜 Stirling,0.49123766125806306,0.3803813574092795,0.4136382485639145,average,market_avg,2.417571400787619,2.490098542811247,2.37,2.37,-0.019677350903522517,1.0,False,,苏乙,False
20261010-SC3-Stirling-KeltyHearts-D,SC3,2026-10-10,16:00,Stirling,Kelty Hearts,1X2,D,平局,0.21978994144581024,0.25610903893749787,0.24521330968999158,average,market_avg,4.078082063588798,4.200424525496462,3.52,3.52,-0.13684914989122965,1.0,False,,苏乙,False
20261010-SC3-Stirling-KeltyHearts-A,SC3,2026-10-10,16:00,Stirling,Kelty Hearts,1X2,A,客胜 Kelty Hearts,0.2889723972961266,0.36350960365322277,0.34114844174609393,average,market_avg,2.931275297292047,3.0192135562108082,2.48,2.48,-0.153951864469687,1.0,False,,苏乙,False
20261010-SC3-Stirling-KeltyHearts-O25,SC3,2026-10-10,16:00,Stirling,Kelty Hearts,OU25,O25,大于 2.5 球,0.7005355562044442,0.5826771653543307,0.6180346826093647,average,market_avg,1.6180321722042588,1.6665731373703867,1.59,1.59,-0.01732485465111011,1.0,False,,苏乙,False
20261010-SC3-Stirling-KeltyHearts-U25,SC3,2026-10-10,16:00,Stirling,Kelty Hearts,OU25,U25,小于 2.5 球,0.2994644437955558,0.41732283464566927,0.3819653173906352,average,market_avg,2.618038744542091,2.696579906878354,2.22,2.22,-0.1520369953927897,1.0,False,,苏乙,False
20261010-SC3-Stirling-KeltyHearts-HO25,SC3,2026-10-10,16:00,Stirling,Kelty Hearts,1X2+OU25,H&O25,主胜 Stirling + 大于 2.5 球,0.38269383252802386,0.2594752715511546,0.29451454741703,average,,3.3954180150700974,3.4972805555222,,,,1.0,False,3.9117083050752837,苏乙,False
20261010-SC3-Stirling-KeltyHearts-HU25,SC3,2026-10-10,16:00,Stirling,Kelty Hearts,1X2+OU25,H&U25,主胜 Stirling + 小于 2.5 球,0.10854382873003912,0.12090608585764082,0.11912370114654576,average,,8.39463507576718,8.646474128040195,,,,1.0,False,6.329295594958882,苏乙,False
20261010-SC3-Stirling-KeltyHearts-DO25,SC3,2026-10-10,16:00,Stirling,Kelty Hearts,1X2+OU25,D&O25,平局 + 大于 2.5 球,0.09935725279358677,0.08561710209412987,0.08986937749616525,average,,11.127260785162001,11.461078608716862,,,,1.0,False,6.598467979775811,苏乙,False
20261010-SC3-Stirling-KeltyHearts-DU25,SC3,2026-10-10,16:00,Stirling,Kelty Hearts,1X2+OU25,D&U25,平局 + 小于 2.5 球,0.12043268865222348,0.1704919368441818,0.15534393219436385,average,,6.437329002003219,6.630448872063316,,,,1.0,False,10.676576845897639,苏乙,False
20261010-SC3-Stirling-KeltyHearts-AO25,SC3,2026-10-10,16:00,Stirling,Kelty Hearts,1X2+OU25,A&O25,客胜 Kelty Hearts + 大于 2.5 球,0.21848447088283354,0.23758479170904628,0.23365075769616947,average,,4.279891962945662,4.408288721834032,,,,1.0,False,4.742897736606135,苏乙,False
20261010-SC3-Stirling-KeltyHearts-AU25,SC3,2026-10-10,16:00,Stirling,Kelty Hearts,1X2+OU25,A&U25,客胜 Kelty Hearts + 小于 2.5 球,0.07048792641329307,0.12592481194384675,0.10749768404972568,average,,9.302525992443014,9.581601772216306,,,,1.0,False,7.6741922992297145,苏乙,False
20261010-SP1-Vallecano-AthBilbao-H,SP1,2026-10-10,14:00,Vallecano,Ath Bilbao,1X2,H,主胜 Vallecano,0.4016225324903399,0.3487714987714987,0.36462680888715104,average,market_avg,2.7425301037299525,2.8248060068418512,2.7,2.7,-0.015507616004692082,1.0,False,,西甲,False
20261010-SP1-Vallecano-AthBilbao-D,SP1,2026-10-10,14:00,Vallecano,Ath Bilbao,1X2,D,平局,0.29397509035748903,0.2819410319410319,0.28555124946596905,average,market_avg,3.50199833434515,3.6070582843755044,3.34,3.34,-0.04625882678366344,1.0,False,,西甲,False
20261010-SP1-Vallecano-AthBilbao-A,SP1,2026-10-10,14:00,Vallecano,Ath Bilbao,1X2,A,客胜 Ath Bilbao,0.3044023771521709,0.36928746928746925,0.34982194164687974,average,market_avg,2.8585971345657573,2.94435504860273,2.55,2.55,-0.10795404880045667,1.0,False,,西甲,False
20261010-SP1-Vallecano-AthBilbao-O25,SP1,2026-10-10,14:00,Vallecano,Ath Bilbao,OU25,O25,大于 2.5 球,0.3702510981097056,0.5,0.46107532943291163,average,market_avg,2.1688429984530417,2.233908288406633,1.86,1.86,-0.14239988725478436,1.0,False,,西甲,False
20261010-SP1-Vallecano-AthBilbao-U25,SP1,2026-10-10,14:00,Vallecano,Ath Bilbao,OU25,U25,小于 2.5 球,0.6297489018902944,0.5,0.5389246705670883,average,market_avg,1.8555468966520703,1.9112133035516325,1.86,1.86,0.0023998872547841277,1.0,False,,西甲,False
20261010-SP1-Vallecano-AthBilbao-HO25,SP1,2026-10-10,14:00,Vallecano,Ath Bilbao,1X2+OU25,H&O25,主胜 Vallecano + 大于 2.5 球,0.18861791681169648,0.21321521544137317,0.20795549985893041,average,,4.808721099842823,4.952982732838108,,,,1.0,False,5.948117213521401,西甲,False
20261010-SP1-Vallecano-AthBilbao-HU25,SP1,2026-10-10,14:00,Vallecano,Ath Bilbao,1X2+OU25,H&U25,主胜 Vallecano + 小于 2.5 球,0.21300461567864346,0.13555628333045297,0.15667130902836338,average,,6.3827895879708425,6.5742732756099675,,,,1.0,False,5.088893222950994,西甲,False
20261010-SP1-Vallecano-AthBilbao-DO25,SP1,2026-10-10,14:00,Vallecano,Ath Bilbao,1X2+OU25,D&O25,平局 + 大于 2.5 球,0.04454336672551745,0.06789563510073512,0.060296523412737876,average,,16.58470411560654,17.082245239074737,,,,1.0,False,7.595284568038693,西甲,False
20261010-SP1-Vallecano-AthBilbao-DU25,SP1,2026-10-10,14:00,Vallecano,Ath Bilbao,1X2+OU25,D&U25,平局 + 小于 2.5 球,0.24943172363197164,0.21404539683968082,0.22525472605297547,average,,4.439418508647937,4.572601063907375,,,,1.0,False,6.498122141374863,西甲,False
20261010-SP1-Vallecano-AthBilbao-AO25,SP1,2026-10-10,14:00,Vallecano,Ath Bilbao,1X2+OU25,A&O25,客胜 Ath Bilbao + 大于 2.5 球,0.13708981457249167,0.21888914945789179,0.19282330616124332,average,,5.186095083152328,5.341677935646898,,,,1.0,False,6.19984838070087,西甲,False
20261010-SP1-Vallecano-AthBilbao-AU25,SP1,2026-10-10,14:00,Vallecano,Ath Bilbao,1X2+OU25,A&U25,客胜 Ath Bilbao + 小于 2.5 球,0.16731256257967927,0.15039831982986623,0.15699863548574944,average,,6.369482109866928,6.5605665731629355,,,,1.0,False,5.304261041821992,西甲,False
20261010-SP1-Alaves-AthMadrid-H,SP1,2026-10-10,16:15,Alaves,Ath Madrid,1X2,H,主胜 Alaves,0.2750264205637729,0.2224030377000271,0.23819005255915082,average,market_avg,4.198328138626467,4.324277982785261,4.23,4.23,0.007543922325208063,1.0,False,,西甲,False
20261010-SP1-Alaves-AthMadrid-D,SP1,2026-10-10,16:15,Alaves,Ath Madrid,1X2,D,平局,0.26263320282781216,0.25494982370490915,0.25725483744178007,average,market_avg,3.8871960968520654,4.003811979757627,3.69,3.69,-0.050729649839831525,1.0,False,,西甲,False
20261010-SP1-Alaves-AthMadrid-A,SP1,2026-10-10,16:15,Alaves,Ath Madrid,1X2,A,客胜 Ath Madrid,0.4623403766084149,0.5226471385950637,0.504555109999069,average,market_avg,1.9819440536472717,2.04140237525669,1.8,1.8,-0.09180080200167573,1.0,False,,西甲,False
20261010-SP1-Alaves-AthMadrid-O25,SP1,2026-10-10,16:15,Alaves,Ath Madrid,OU25,O25,大于 2.5 球,0.4694586228224719,0.5187165775401069,0.5039391911248163,average,market_avg,1.9843664029541983,2.043897395042824,1.8,1.8,-0.09290945597533062,1.0,False,,西甲,False
20261010-SP1-Alaves-AthMadrid-U25,SP1,2026-10-10,16:15,Alaves,Ath Madrid,OU25,U25,小于 2.5 球,0.530541377177528,0.48128342245989303,0.4960608088751835,average,market_avg,2.015881888084441,2.0763583447269744,1.94,1.94,-0.03764203078214401,1.0,False,,西甲,False
20261010-SP1-Alaves-AthMadrid-HO25,SP1,2026-10-10,16:15,Alaves,Ath Madrid,1X2+OU25,H&O25,主胜 Alaves + 大于 2.5 球,0.14710760649555643,0.12973827063039556,0.13550921060003893,average,,7.3795721749980645,7.600959340248006,,,,1.0,False,8.331021306867596,西甲,False
20261010-SP1-Alaves-AthMadrid-HU25,SP1,2026-10-10,16:15,Alaves,Ath Madrid,1X2+OU25,H&U25,主胜 Alaves + 小于 2.5 球,0.12791881406821645,0.09266476706974794,0.10268084195918713,average,,9.738915078213648,10.031082530560056,,,,1.0,False,8.46333365489236,西甲,False
20261010-SP1-Alaves-AthMadrid-DO25,SP1,2026-10-10,16:15,Alaves,Ath Madrid,1X2+OU25,D&O25,平局 + 大于 2.5 球,0.058739772297606394,0.06620116826039027,0.06391790573395517,average,,15.645068287473146,16.11442033609734,,,,1.0,False,7.713621336287932,西甲,False
20261010-SP1-Alaves-AthMadrid-DU25,SP1,2026-10-10,16:15,Alaves,Ath Madrid,1X2+OU25,D&U25,平局 + 小于 2.5 球,0.2038934305302058,0.18874865544398406,0.19333693170750563,average,,5.172317524480391,5.3274870502148035,,,,1.0,False,7.836128207076612,西甲,False
20261010-SP1-Alaves-AthMadrid-AO25,SP1,2026-10-10,16:15,Alaves,Ath Madrid,1X2+OU25,A&O25,客胜 Ath Madrid + 大于 2.5 球,0.2636112440293091,0.32277713864932106,0.3045120747908224,average,,3.2839420265581496,3.382460287354894,,,,1.0,False,3.932903192592499,西甲,False
20261010-SP1-Alaves-AthMadrid-AU25,SP1,2026-10-10,16:15,Alaves,Ath Madrid,1X2+OU25,A&U25,客胜 Ath Madrid + 小于 2.5 球,0.19872913257910596,0.19986999994616106,0.2000430352084908,average,,4.998924351241573,5.14889208177882,,,,1.0,False,3.9953651209441925,西甲,False
20261010-SP1-Barcelona-Getafe-H,SP1,2026-10-10,18:30,Barcelona,Getafe,1X2,H,主胜 Barcelona,0.780762878974935,0.8791744379860518,0.8496509702827167,average,market_avg,1.1769538727970328,1.5,1.08,1.08,-0.08237695209466589,1.0,False,,西甲,False
20261010-SP1-Barcelona-Getafe-D,SP1,2026-10-10,18:30,Barcelona,Getafe,1X2,D,平局,0.15489342090231523,0.08094700707799966,0.10313093122529432,average,market_avg,9.696412008686835,9.987304368947441,11.73,11.73,0.2097258232727024,1.0,False,,西甲,False
20261010-SP1-Barcelona-Getafe-A,SP1,2026-10-10,18:30,Barcelona,Getafe,1X2,A,客胜 Getafe,0.06434370012274986,0.03987855493594859,0.047218098491988963,average,market_avg,21.17832000730949,21.813669607528777,23.81,23.81,0.12426292509425707,1.0,False,,西甲,False
20261010-SP1-Barcelona-Getafe-O25,SP1,2026-10-10,18:30,Barcelona,Getafe,OU25,O25,大于 2.5 球,0.5324197073898119,0.7529880478087649,0.686817545683079,average,tipico_partial,1.4559907595334411,1.5,1.24,1.24,-0.14834624335298208,1.0,False,,西甲,False
20261010-SP1-Barcelona-Getafe-U25,SP1,2026-10-10,18:30,Barcelona,Getafe,OU25,U25,小于 2.5 球,0.4675802926101881,0.2470119521912351,0.31318245431692093,average,tipico_partial,3.1930268960344215,3.288817702915454,3.8,3.78,0.19009332640429943,1.0,True,,西甲,False
20261010-SP1-Barcelona-Getafe-HO25,SP1,2026-10-10,18:30,Barcelona,Getafe,1X2+OU25,H&O25,主胜 Barcelona + 大于 2.5 球,0.4823706403214153,0.7029882050155293,0.6349109439046777,average,,1.575024040143392,1.6222747613476938,,,,1.0,False,1.7136339631895765,西甲,False
20261010-SP1-Barcelona-Getafe-HU25,SP1,2026-10-10,18:30,Barcelona,Getafe,1X2+OU25,H&U25,主胜 Barcelona + 小于 2.5 球,0.29839223865351966,0.17618623297084465,0.21474002637885875,average,,4.656793690784656,4.796497501508195,,,,1.0,False,3.7580453712328006,西甲,False
20261010-SP1-Barcelona-Getafe-DO25,SP1,2026-10-10,18:30,Barcelona,Getafe,1X2+OU25,D&O25,平局 + 大于 2.5 球,0.023201731096381014,0.024532253304068104,0.025133316815465934,average,,39.78782455742746,40.981459294150284,,,,1.0,False,14.117886285277123,西甲,False
20261010-SP1-Barcelona-Getafe-DU25,SP1,2026-10-10,18:30,Barcelona,Getafe,1X2+OU25,D&U25,平局 + 小于 2.5 球,0.13169168980593424,0.056414753773645236,0.07799761440909901,average,,12.820904941463729,13.20553208970764,,,,1.0,False,30.960904338768216,西甲,False
20261010-SP1-Barcelona-Getafe-AO25,SP1,2026-10-10,18:30,Barcelona,Getafe,1X2+OU25,A&O25,客胜 Getafe + 大于 2.5 球,0.026847335972015687,0.02546758948916759,0.02677328496293545,average,,37.35066508963639,38.47118504232548,,,,1.0,False,30.835438233084822,西甲,False
20261010-SP1-Barcelona-Getafe-AU25,SP1,2026-10-10,18:30,Barcelona,Getafe,1X2+OU25,A&U25,客胜 Getafe + 小于 2.5 球,0.037496364150734166,0.014410965446745146,0.02044481352896323,average,,48.91216046472353,50.379525278665234,,,,1.0,False,67.6229453961631,西甲,False
20261010-SP1-RealMadrid-Villarreal-H,SP1,2026-10-10,21:00,Real Madrid,Villarreal,1X2,H,主胜 Real Madrid,0.6416425408321581,0.6917003477770467,0.6766830056935801,average,market_avg,1.4777968289229158,1.5221307337906034,1.36,1.36,-0.079711112256731,1.0,False,,西甲,False
20261010-SP1-RealMadrid-Villarreal-D,SP1,2026-10-10,21:00,Real Madrid,Villarreal,1X2,D,平局,0.1851711803328324,0.16768493279443558,0.17293080705595462,average,market_avg,5.782659648818001,5.956139438282541,5.61,5.61,-0.029858172416094564,1.0,False,,西甲,False
20261010-SP1-RealMadrid-Villarreal-A,SP1,2026-10-10,21:00,Real Madrid,Villarreal,1X2,A,客胜 Villarreal,0.17318627883500953,0.14061471942851772,0.15038618725046526,average,market_avg,6.649546865195269,6.849033271151127,6.69,6.69,0.00608359270561265,1.0,False,,西甲,False
20261010-SP1-RealMadrid-Villarreal-O25,SP1,2026-10-10,21:00,Real Madrid,Villarreal,OU25,O25,大于 2.5 球,0.6959359291251239,0.7428571428571429,0.7287807787375372,average,market_avg,1.372154740047198,1.5,1.26,1.26,-0.08173621879070314,1.0,False,,西甲,False
20261010-SP1-RealMadrid-Villarreal-U25,SP1,2026-10-10,21:00,Real Madrid,Villarreal,OU25,U25,小于 2.5 球,0.3040640708748761,0.2571428571428571,0.2712192212624628,average,market_avg,3.6870543147540618,3.797665944196684,3.64,3.64,-0.01276203460463543,1.0,False,,西甲,False
20261010-SP1-RealMadrid-Villarreal-HO25,SP1,2026-10-10,21:00,Real Madrid,Villarreal,1X2+OU25,H&O25,主胜 Real Madrid + 大于 2.5 球,0.49660704904056685,0.5592179854582027,0.540098463246695,average,,1.8515142479552673,1.9070596753939253,,,,1.0,False,2.0277659236332974,西甲,False
20261010-SP1-RealMadrid-Villarreal-HU25,SP1,2026-10-10,21:00,Real Madrid,Villarreal,1X2+OU25,H&U25,主胜 Real Madrid + 小于 2.5 球,0.14503549179159128,0.13248236231894625,0.13658454244697427,average,,7.321472709023618,7.541116890294327,,,,1.0,False,5.448717174410107,西甲,False
20261010-SP1-RealMadrid-Villarreal-DO25,SP1,2026-10-10,21:00,Real Madrid,Villarreal,1X2+OU25,D&O25,平局 + 大于 2.5 球,0.07759724915130073,0.07892751447767395,0.07859043297372968,average,,12.72419507262759,13.105920924806417,,,,1.0,False,7.934703847205285,西甲,False
20261010-SP1-RealMadrid-Villarreal-DU25,SP1,2026-10-10,21:00,Real Madrid,Villarreal,1X2+OU25,D&U25,平局 + 小于 2.5 球,0.10757393118153166,0.08875741831665887,0.09434037408213491,average,,10.599915568803839,10.917913035867954,,,,1.0,False,21.320980208928617,西甲,False
20261010-SP1-RealMadrid-Villarreal-AO25,SP1,2026-10-10,21:00,Real Madrid,Villarreal,1X2+OU25,A&O25,客胜 Villarreal + 大于 2.5 球,0.12173163093325633,0.10471164292126632,0.11009188251711258,average,,9.083321832057518,9.355821487019243,,,,1.0,False,9.124207250243675,西甲,False
20261010-SP1-RealMadrid-Villarreal-AU25,SP1,2026-10-10,21:00,Real Madrid,Villarreal,1X2+OU25,A&U25,客胜 Villarreal + 小于 2.5 球,0.051454647901753164,0.03590307650725199,0.04029430473335362,average,,24.817403020537785,25.56192511115392,,,,1.0,False,24.51724046047756,西甲,False
20261011-SP1-Elche-Celta-H,SP1,2026-10-11,14:00,Elche,Celta,1X2,H,主胜 Elche,0.396223546186085,0.34440127163546447,0.3599479540006506,average,market_avg,2.7781794253460115,2.8615248081063918,2.72,2.72,-0.02094156511823031,1.0,False,,西甲,False
20261011-SP1-Elche-Celta-D,SP1,2026-10-11,14:00,Elche,Celta,1X2,D,平局,0.2477281035201461,0.2882373719533734,0.2760845914234052,average,market_avg,3.622078272620413,3.7307406207990255,3.25,3.25,-0.10272507787393315,1.0,False,,西甲,False
20261011-SP1-Elche-Celta-A,SP1,2026-10-11,14:00,Elche,Celta,1X2,A,客胜 Celta,0.3560483502937689,0.3673613564111622,0.3639674545759442,average,market_avg,2.747498402474179,2.8299233545484044,2.55,2.55,-0.07188299083134231,1.0,False,,西甲,False
20261011-SP1-Elche-Celta-O25,SP1,2026-10-11,14:00,Elche,Celta,OU25,O25,大于 2.5 球,0.5624923218918133,0.47593582887700536,0.5019027767814477,average,market_avg,1.9924177475420652,2.052190279968327,1.96,1.96,-0.016270557508362593,1.0,False,,西甲,False
20261011-SP1-Elche-Celta-U25,SP1,2026-10-11,14:00,Elche,Celta,OU25,U25,小于 2.5 球,0.4375076781081867,0.5240641711229947,0.4980972232185523,average,market_avg,2.007640182248568,2.067869387716025,1.78,1.78,-0.11338694267097682,1.0,False,,西甲,False
20261011-SP1-Elche-Celta-HO25,SP1,2026-10-11,14:00,Elche,Celta,1X2+OU25,H&O25,主胜 Elche + 大于 2.5 球,0.2562021451796069,0.1964601783387679,0.21373994156796985,average,,4.678582733129444,4.818940215123328,,,,1.0,False,5.535293992915609,西甲,False
20261011-SP1-Elche-Celta-HU25,SP1,2026-10-11,14:00,Elche,Celta,1X2+OU25,H&U25,主胜 Elche + 小于 2.5 球,0.1400214010064782,0.1479410932965622,0.14620801243258394,average,,6.839570440512601,7.04475755372798,,,,1.0,False,5.577584647820888,西甲,False
20261011-SP1-Elche-Celta-DO25,SP1,2026-10-11,14:00,Elche,Celta,1X2+OU25,D&O25,平局 + 大于 2.5 球,0.07841428490986933,0.07251093675006094,0.07456640403819083,average,,13.410865293810172,13.813191252624478,,,,1.0,False,7.216693033355419,西甲,False
20261011-SP1-Elche-Celta-DU25,SP1,2026-10-11,14:00,Elche,Celta,1X2+OU25,D&U25,平局 + 小于 2.5 球,0.16931381861027678,0.2157264352035794,0.20151818738540161,average,,4.962331256421583,5.111201194114231,,,,1.0,False,7.271829883362224,西甲,False
20261011-SP1-Elche-Celta-AO25,SP1,2026-10-11,14:00,Elche,Celta,1X2+OU25,A&O25,客胜 Celta + 大于 2.5 球,0.22787589180233703,0.2069647137881764,0.213596431175287,average,,4.681726162266045,4.822177947134027,,,,1.0,False,5.474164578433027,西甲,False
20261011-SP1-Elche-Celta-AU25,SP1,2026-10-11,14:00,Elche,Celta,1X2+OU25,A&U25,客胜 Celta + 小于 2.5 球,0.12817245849143194,0.1603966426228531,0.15037102340056668,average,,6.65021742477701,6.84972394752032,,,,1.0,False,5.51598819347091,西甲,False
20261011-SP1-Betis-Osasuna-H,SP1,2026-10-11,18:30,Betis,Osasuna,1X2,H,主胜 Betis,0.5955870069252068,0.6102528911312648,0.6058531258694474,average,market_avg,1.6505650582637839,1.7000820100116973,1.53,1.53,-0.0730447174197455,1.0,False,,西甲,False
20261011-SP1-Betis-Osasuna-D,SP1,2026-10-11,18:30,Betis,Osasuna,1X2,D,平局,0.22535517039158062,0.22390573703377342,0.22434056704111557,average,market_avg,4.457508569177892,4.591233826253228,4.17,4.17,-0.06449983543854809,1.0,False,,西甲,False
20261011-SP1-Betis-Osasuna-A,SP1,2026-10-11,18:30,Betis,Osasuna,1X2,A,客胜 Osasuna,0.1790578226832124,0.16584137183496184,0.169806307089437,average,market_avg,5.889062762982649,6.065734645872128,5.63,5.63,-0.043990491086469685,1.0,False,,西甲,False
20261011-SP1-Betis-Osasuna-O25,SP1,2026-10-11,18:30,Betis,Osasuna,OU25,O25,大于 2.5 球,0.5216452468000886,0.5425531914893618,0.5362808080825798,average,market_avg,1.864694736280799,1.920635578369223,1.72,1.72,-0.07759701009796272,1.0,False,,西甲,False
20261011-SP1-Betis-Osasuna-U25,SP1,2026-10-11,18:30,Betis,Osasuna,OU25,U25,小于 2.5 球,0.4783547531999114,0.4574468085106383,0.46371919191742017,average,market_avg,2.1564774920466987,2.2211718168081,2.04,2.04,-0.05401284848846288,1.0,False,,西甲,False
20261011-SP1-Betis-Osasuna-HO25,SP1,2026-10-11,18:30,Betis,Osasuna,1X2+OU25,H&O25,主胜 Betis + 大于 2.5 球,0.37088649316282696,0.3921803889968513,0.3857483287849997,average,,2.5923637910492645,2.6701347047807427,,,,1.0,False,3.077799976033488,西甲,False
20261011-SP1-Betis-Osasuna-HU25,SP1,2026-10-11,18:30,Betis,Osasuna,1X2+OU25,H&U25,主胜 Betis + 小于 2.5 球,0.2247005137623799,0.21807250213483395,0.2201047970847195,average,,4.543290347348017,4.679589057768458,,,,1.0,False,3.559406397304598,西甲,False
20261011-SP1-Betis-Osasuna-DO25,SP1,2026-10-11,18:30,Betis,Osasuna,1X2+OU25,D&O25,平局 + 大于 2.5 球,0.0540686661372739,0.05730057471258526,0.056316105623336436,average,,17.756909660770596,18.289616950593715,,,,1.0,False,8.311892765872571,西甲,False
20261011-SP1-Betis-Osasuna-DU25,SP1,2026-10-11,18:30,Betis,Osasuna,1X2+OU25,D&U25,平局 + 小于 2.5 球,0.17128650425430675,0.1666051623207462,0.16802446141749333,average,,5.9515143900106455,6.130059821710964,,,,1.0,False,9.612516900037408,西甲,False
20261011-SP1-Betis-Osasuna-AO25,SP1,2026-10-11,18:30,Betis,Osasuna,1X2+OU25,A&O25,客胜 Osasuna + 大于 2.5 球,0.09669008749998753,0.09307222777992506,0.09421637367424378,average,,10.613866369528646,10.932282360614504,,,,1.0,False,10.981304335761003,西甲,False
20261011-SP1-Betis-Osasuna-AU25,SP1,2026-10-11,18:30,Betis,Osasuna,1X2+OU25,A&U25,客胜 Osasuna + 小于 2.5 球,0.08236773518322488,0.07276914405505804,0.07558993341520734,average,,13.22927478328507,13.626153026783623,,,,1.0,False,12.699631297622425,西甲,False
20261010-SP2-Ceuta-Sabadell-H,SP2,2026-10-10,16:15,Ceuta,Sabadell,1X2,H,主胜 Ceuta,0.21906269796754754,0.2964546257144185,0.2732370473903572,average,market_avg,3.6598258162677357,3.7696205907557676,3.09,3.09,-0.1556975235637963,1.0,False,,西乙,False
20261010-SP2-Ceuta-Sabadell-D,SP2,2026-10-10,16:15,Ceuta,Sabadell,1X2,D,平局,0.30803810355886313,0.28716137725942104,0.29342439514925367,average,market_avg,3.408032926135329,3.510273913919389,3.19,3.19,-0.06397617947388079,1.0,False,,西乙,False
20261010-SP2-Ceuta-Sabadell-A,SP2,2026-10-10,16:15,Ceuta,Sabadell,1X2,A,客胜 Sabadell,0.4728991984735892,0.41638399702616047,0.4333385574603891,average,market_avg,2.307664487232731,2.3768944218497126,2.2,2.2,-0.046655173587143994,1.0,False,,西乙,False
20261010-SP2-Ceuta-Sabadell-O25,SP2,2026-10-10,16:15,Ceuta,Sabadell,OU25,O25,大于 2.5 球,0.2870104933082143,0.4625668449197861,0.40989993943631453,average,market_avg,2.439619779830117,2.512808373225021,2.01,2.01,-0.17610112173300785,1.0,False,,西乙,False
20261010-SP2-Ceuta-Sabadell-U25,SP2,2026-10-10,16:15,Ceuta,Sabadell,OU25,U25,小于 2.5 球,0.7129895066917857,0.5374331550802139,0.5901000605636855,average,market_avg,1.6946278552229987,1.7454666908796888,1.73,1.73,0.020873104775175788,1.0,False,,西乙,False
20261010-SP2-Ceuta-Sabadell-HO25,SP2,2026-10-10,16:15,Ceuta,Sabadell,1X2+OU25,H&O25,主胜 Ceuta + 大于 2.5 球,0.07386069946405367,0.16001497957700414,0.13122939085269117,average,,7.62024416559648,7.848851490564375,,,,1.0,False,8.928583452099671,西乙,False
20261010-SP2-Ceuta-Sabadell-HU25,SP2,2026-10-10,16:15,Ceuta,Sabadell,1X2+OU25,H&U25,主胜 Ceuta + 小于 2.5 球,0.1452019985034939,0.13643964613760728,0.1420076565377111,average,,7.041873828362509,7.2531300432133845,,,,1.0,False,6.202042773511554,西乙,False
20261010-SP2-Ceuta-Sabadell-DO25,SP2,2026-10-10,16:15,Ceuta,Sabadell,1X2+OU25,D&O25,平局 + 大于 2.5 球,0.02803773284744397,0.05386145839632543,0.045162052053229346,average,,22.14248366795579,22.806758177994464,,,,1.0,False,8.314304536912061,西乙,False
20261010-SP2-Ceuta-Sabadell-DU25,SP2,2026-10-10,16:15,Ceuta,Sabadell,1X2+OU25,D&U25,平局 + 小于 2.5 球,0.2800003707114192,0.23329991886242993,0.24826234309584827,average,,4.027997107938047,4.148837021176188,,,,1.0,False,5.775347528146073,西乙,False
20261010-SP2-Ceuta-Sabadell-AO25,SP2,2026-10-10,16:15,Ceuta,Sabadell,1X2+OU25,A&O25,客胜 Sabadell + 大于 2.5 球,0.18511206099671676,0.2486904069464566,0.233508496530394,average,,4.282499415903857,4.410974398380972,,,,1.0,False,5.629823928264495,西乙,False
20261010-SP2-Ceuta-Sabadell-AU25,SP2,2026-10-10,16:15,Ceuta,Sabadell,1X2+OU25,A&U25,客胜 Sabadell + 小于 2.5 球,0.2877871374768724,0.1676935900801767,0.19983006093012615,average,,5.004252089727713,5.154379652419545,,,,1.0,False,3.9106325205734835,西乙,False
20261010-SP2-Eldense-Cordoba-H,SP2,2026-10-10,18:30,Eldense,Cordoba,1X2,H,主胜 Eldense,0.41993910811268365,0.39725425218949717,0.40405970896645305,average,market_avg,2.4748817509122762,2.5491282034396443,2.3,2.3,-0.07066266937715804,1.0,False,,西乙,False
20261010-SP2-Eldense-Cordoba-D,SP2,2026-10-10,18:30,Eldense,Cordoba,1X2,D,平局,0.24171875613514116,0.25665302809995605,0.2521727465105116,average,market_avg,3.9655355855765166,4.084501653143812,3.56,3.56,-0.10226502242257873,1.0,False,,西乙,False
20261010-SP2-Eldense-Cordoba-A,SP2,2026-10-10,18:30,Eldense,Cordoba,1X2,A,客胜 Cordoba,0.3383421357521751,0.3460927197105468,0.34376754452303526,average,market_avg,2.9089424407049913,2.9962107139261414,2.64,2.64,-0.09245368245918684,1.0,False,,西乙,False
20261010-SP2-Eldense-Cordoba-O25,SP2,2026-10-10,18:30,Eldense,Cordoba,OU25,O25,大于 2.5 球,0.5744933520296045,0.5890052356020942,0.5846516705303473,average,market_avg,1.7104201534101209,1.7617327580124245,1.57,1.57,-0.0820968772673547,1.0,False,,西乙,False
20261010-SP2-Eldense-Cordoba-U25,SP2,2026-10-10,18:30,Eldense,Cordoba,OU25,U25,小于 2.5 球,0.4255066479703955,0.4109947643979057,0.4153483294696526,average,market_avg,2.407617724806727,2.479846256550929,2.25,2.25,-0.0654662586932816,1.0,False,,西乙,False
20261010-SP2-Eldense-Cordoba-HO25,SP2,2026-10-10,18:30,Eldense,Cordoba,1X2+OU25,H&O25,主胜 Eldense + 大于 2.5 球,0.2763709632843159,0.26911029570469436,0.27139349604400204,average,,3.684686680324374,3.7952272807341054,,,,1.0,False,4.2330876240672834,西乙,False
20261010-SP2-Eldense-Cordoba-HU25,SP2,2026-10-10,18:30,Eldense,Cordoba,1X2+OU25,H&U25,主胜 Eldense + 小于 2.5 球,0.14356814482836772,0.1281439564852246,0.13266621292271338,average,,7.537714222554649,7.763845649231288,,,,1.0,False,5.958569170297103,西乙,False
20261010-SP2-Eldense-Cordoba-DO25,SP2,2026-10-10,18:30,Eldense,Cordoba,1X2+OU25,D&O25,平局 + 大于 2.5 球,0.08007012233666559,0.09003593348479369,0.08696357523796286,average,,11.499067250439612,11.844039267952802,,,,1.0,False,6.782731984635078,西乙,False
20261010-SP2-Eldense-Cordoba-DU25,SP2,2026-10-10,18:30,Eldense,Cordoba,1X2+OU25,D&U25,平局 + 小于 2.5 球,0.16164863379847555,0.1666170946144283,0.1652091712720977,average,,6.0529327294609505,6.234520711344779,,,,1.0,False,9.547493764185846,西乙,False
20261010-SP2-Eldense-Cordoba-AO25,SP2,2026-10-10,18:30,Eldense,Cordoba,1X2+OU25,A&O25,客胜 Cordoba + 大于 2.5 球,0.2180522664086231,0.22985900641260626,0.2262945992483825,average,,4.419018409283348,4.551588961561849,,,,1.0,False,4.975513775691843,西乙,False
20261010-SP2-Eldense-Cordoba-AU25,SP2,2026-10-10,18:30,Eldense,Cordoba,1X2+OU25,A&U25,客胜 Cordoba + 小于 2.5 球,0.12028986934355199,0.11623371329825283,0.11747294527484166,average,,8.512598349010348,8.767976299480658,,,,1.0,False,7.003621380683881,西乙,False
20261010-SP2-CeltaB-SociedadB-H,SP2,2026-10-10,21:00,Celta B,Sociedad B,1X2,H,主胜 Celta B,0.4486480424719749,0.41303415749606975,0.42371832298884127,average,market_avg,2.360058429727938,2.430860182619776,2.22,2.22,-0.05934532296477235,1.0,False,,西乙,False
20261010-SP2-CeltaB-SociedadB-D,SP2,2026-10-10,21:00,Celta B,Sociedad B,1X2,D,平局,0.23258421635166573,0.26968700871802204,0.2585561710081151,average,market_avg,3.86763153283475,3.9836604788197927,3.4,3.4,-0.12090901857240866,1.0,False,,西乙,False
20261010-SP2-CeltaB-SociedadB-A,SP2,2026-10-10,21:00,Celta B,Sociedad B,1X2,A,客胜 Sociedad B,0.31876774117635936,0.31727883378590827,0.3177255060030436,average,market_avg,3.1473708629184483,3.241791988806002,2.89,2.89,-0.08177328765120395,1.0,False,,西乙,False
20261010-SP2-CeltaB-SociedadB-O25,SP2,2026-10-10,21:00,Celta B,Sociedad B,OU25,O25,大于 2.5 球,0.6114700328998766,0.5466666666666666,0.5661076765366295,average,market_avg,1.766448400978883,1.8194418530082497,1.7,1.7,-0.03761694988772979,1.0,False,,西乙,False
20261010-SP2-CeltaB-SociedadB-U25,SP2,2026-10-10,21:00,Celta B,Sociedad B,OU25,U25,小于 2.5 球,0.38852996710012344,0.4533333333333333,0.4338923234633703,average,market_avg,2.304719272325225,2.373860850494982,2.05,2.05,-0.1105207369000909,1.0,False,,西乙,False
20261010-SP2-CeltaB-SociedadB-HO25,SP2,2026-10-10,21:00,Celta B,Sociedad B,1X2+OU25,H&O25,主胜 Celta B + 大于 2.5 球,0.31119851529450077,0.26498848145533765,0.2785586578542712,average,,3.5899081640576864,3.6976054089794173,,,,1.0,False,4.16892143940965,西乙,False
20261010-SP2-CeltaB-SociedadB-HU25,SP2,2026-10-10,21:00,Celta B,Sociedad B,1X2+OU25,H&U25,主胜 Celta B + 小于 2.5 球,0.13744952717747405,0.14804567604064167,0.1451596651345149,average,,6.888966015961331,7.095634996440171,,,,1.0,False,5.439272146807586,西乙,False
20261010-SP2-CeltaB-SociedadB-DO25,SP2,2026-10-10,21:00,Celta B,Sociedad B,1X2+OU25,D&O25,平局 + 大于 2.5 球,0.08572939727521951,0.08516038365602537,0.08558421899638395,average,,11.684397097112628,12.034929010026007,,,,1.0,False,6.8319715367514515,西乙,False
20261010-SP2-CeltaB-SociedadB-DU25,SP2,2026-10-10,21:00,Celta B,Sociedad B,1X2+OU25,D&U25,平局 + 小于 2.5 球,0.1468548190764462,0.18452662506214035,0.17297195201181795,average,,5.781284123634548,5.954722647343584,,,,1.0,False,8.913804931977,西乙,False
20261010-SP2-CeltaB-SociedadB-AO25,SP2,2026-10-10,21:00,Celta B,Sociedad B,1X2+OU25,A&O25,客胜 Sociedad B + 大于 2.5 球,0.21454212033015616,0.19651780155530366,0.20196479968597447,average,,4.951357868078263,5.099898604120611,,,,1.0,False,5.55966822808982,西乙,False
20261010-SP2-CeltaB-SociedadB-AU25,SP2,2026-10-10,21:00,Celta B,Sociedad B,1X2+OU25,A&U25,客胜 Sociedad B + 小于 2.5 球,0.10422562084620321,0.12076103223055135,0.11576070631703765,average,,8.63850983477301,8.897665129816202,,,,1.0,False,7.253806284923022,西乙,False
20261011-SP2-Andorra-Castellon-H,SP2,2026-10-11,14:00,Andorra,Castellon,1X2,H,主胜 Andorra,0.36140795385919466,0.31658938474614784,0.3300349554800619,average,market_avg,3.029982077339114,3.1208815396592877,2.89,2.89,-0.046198978662621126,1.0,False,,西乙,False
20261011-SP2-Andorra-Castellon-D,SP2,2026-10-11,14:00,Andorra,Castellon,1X2,D,平局,0.23728791682443567,0.2675272871100489,0.2584554760243649,average,market_avg,3.8691383730083118,3.985212524198561,3.42,3.42,-0.11608227199667198,1.0,False,,西乙,False
20261011-SP2-Andorra-Castellon-A,SP2,2026-10-11,14:00,Andorra,Castellon,1X2,A,客胜 Castellon,0.4013041293163696,0.4158833281438033,0.4115095684955732,average,market_avg,2.430077151439937,2.502979465983135,2.2,2.2,-0.09467894930973897,1.0,False,,西乙,False
20261011-SP2-Andorra-Castellon-O25,SP2,2026-10-11,14:00,Andorra,Castellon,OU25,O25,大于 2.5 球,0.6005953768387498,0.5800524934383202,0.5862153584584491,average,market_avg,1.7058577288552565,1.7570334607209142,1.6,1.6,-0.062055426466481434,1.0,False,,西乙,False
20261011-SP2-Andorra-Castellon-U25,SP2,2026-10-11,14:00,Andorra,Castellon,OU25,U25,小于 2.5 球,0.39940462316125025,0.41994750656167984,0.4137846415415509,average,market_avg,2.416716087563108,2.489217570190001,2.21,2.21,-0.08553594219317251,1.0,False,,西乙,False
20261011-SP2-Andorra-Castellon-HO25,SP2,2026-10-11,14:00,Andorra,Castellon,1X2+OU25,H&O25,主胜 Andorra + 大于 2.5 球,0.24291766569677647,0.2092629579335096,0.2192569575657127,average,,4.560858688829948,4.697684449494846,,,,1.0,False,5.1687183449218335,西乙,False
20261011-SP2-Andorra-Castellon-HU25,SP2,2026-10-11,14:00,Andorra,Castellon,1X2+OU25,H&U25,主胜 Andorra + 小于 2.5 球,0.11849028816241822,0.1073264268124696,0.11077799791424883,average,,9.027063305242988,9.29787520440028,,,,1.0,False,7.322606431333322,西乙,False
20261011-SP2-Andorra-Castellon-DO25,SP2,2026-10-11,14:00,Andorra,Castellon,1X2+OU25,D&O25,平局 + 大于 2.5 球,0.08538543694056223,0.09319688805058539,0.09091861936894632,average,,10.99884717718838,11.32881259250403,,,,1.0,False,6.6001995976066805,西乙,False
20261011-SP2-Andorra-Castellon-DU25,SP2,2026-10-11,14:00,Andorra,Castellon,1X2+OU25,D&U25,平局 + 小于 2.5 球,0.15190247988387343,0.17433039905987152,0.1675368566556545,average,,5.968835872666167,6.147900948846153,,,,1.0,False,9.350608951056936,西乙,False
20261011-SP2-Andorra-Castellon-AO25,SP2,2026-10-11,14:00,Andorra,Castellon,1X2+OU25,A&O25,客胜 Castellon + 大于 2.5 球,0.27229227420141106,0.27759264745422524,0.27603978152379005,average,,3.6226662493348503,3.731346236814896,,,,1.0,False,4.145365890498382,西乙,False
20261011-SP2-Andorra-Castellon-AU25,SP2,2026-10-11,14:00,Andorra,Castellon,1X2+OU25,A&U25,客胜 Castellon + 小于 2.5 球,0.1290118551149586,0.13829068068933872,0.13546978697164763,average,,7.38171973511178,7.603171327165134,,,,1.0,False,5.872806545904425,西乙,False
20261011-SP2-Almeria-Leganes-H,SP2,2026-10-11,16:15,Almeria,Leganes,1X2,H,主胜 Almeria,0.6314846656611409,0.567799517235085,0.5869050617629018,average,market_avg,1.7038530848520446,1.7549686773976059,1.61,1.61,-0.055082850561728014,1.0,False,,西乙,False
20261011-SP2-Almeria-Leganes-D,SP2,2026-10-11,16:15,Almeria,Leganes,1X2,D,平局,0.2108052440306536,0.235607531636208,0.22816684535454168,average,market_avg,4.382757707177525,4.514240438392851,3.88,3.88,-0.11471264002437831,1.0,False,,西乙,False
20261011-SP2-Almeria-Leganes-A,SP2,2026-10-11,16:15,Almeria,Leganes,1X2,A,客胜 Leganes,0.15771009030820546,0.19659295112870687,0.18492809288255643,average,market_avg,5.40750723382562,5.569732450840388,4.65,4.65,-0.14008436809611247,1.0,False,,西乙,False
20261011-SP2-Almeria-Leganes-O25,SP2,2026-10-11,16:15,Almeria,Leganes,OU25,O25,大于 2.5 球,0.5345728348021954,0.5623342175066313,0.5540058026953005,average,market_avg,1.8050352453618492,1.8591863027227047,1.65,1.65,-0.08589042555275417,1.0,False,,西乙,False
20261011-SP2-Almeria-Leganes-U25,SP2,2026-10-11,16:15,Almeria,Leganes,OU25,U25,小于 2.5 球,0.4654271651978046,0.4376657824933686,0.44599419730469936,average,market_avg,2.242181638333758,2.3094470874837705,2.12,2.12,-0.054492301714037295,1.0,False,,西乙,False
20261011-SP2-Almeria-Leganes-HO25,SP2,2026-10-11,16:15,Almeria,Leganes,1X2+OU25,H&O25,主胜 Almeria + 大于 2.5 球,0.39947681626634596,0.38307197157164535,0.38864967127783406,average,,2.5730113104486065,2.650201649762065,,,,1.0,False,3.0755148710764537,西乙,False
20261011-SP2-Almeria-Leganes-HU25,SP2,2026-10-11,16:15,Almeria,Leganes,1X2+OU25,H&U25,主胜 Almeria + 小于 2.5 球,0.23200784939479496,0.18472754566365246,0.1982553904851805,average,,5.04399904362121,5.195319014929846,,,,1.0,False,3.8203481012735843,西乙,False
20261011-SP2-Almeria-Leganes-DO25,SP2,2026-10-11,16:15,Almeria,Leganes,1X2+OU25,D&O25,平局 + 大于 2.5 球,0.051046159076267736,0.06547164457914333,0.060862431891494484,average,,16.4304969243227,16.923411832052384,,,,1.0,False,7.911032133336719,西乙,False
20261011-SP2-Almeria-Leganes-DU25,SP2,2026-10-11,16:15,Almeria,Leganes,1X2+OU25,D&U25,平局 + 小于 2.5 球,0.15975908495438587,0.1701358870568411,0.16730441346293096,average,,5.977128632183791,6.156442491149305,,,,1.0,False,9.826938856299206,西乙,False
20261011-SP2-Almeria-Leganes-AO25,SP2,2026-10-11,16:15,Almeria,Leganes,1X2+OU25,A&O25,客胜 Leganes + 大于 2.5 球,0.08404985945958164,0.11379060135584258,0.10449369952597211,average,,9.569954978495598,9.857053627850467,,,,1.0,False,9.760741146604401,西乙,False
20261011-SP2-Almeria-Leganes-AU25,SP2,2026-10-11,16:15,Almeria,Leganes,1X2+OU25,A&U25,客胜 Leganes + 小于 2.5 球,0.07366023084862383,0.0828023497728751,0.080434393356588,average,,12.432492597622044,12.805467375550705,,,,1.0,False,12.124613428840773,西乙,False
20261011-SP2-Mallorca-LasPalmas-H,SP2,2026-10-11,18:30,Mallorca,Las Palmas,1X2,H,主胜 Mallorca,0.5119250764997607,0.5934046022830223,0.5689607445480438,average,market_avg,1.7575905008953718,1.810318215922233,1.54,1.54,-0.12380045339601253,1.0,False,,西乙,False
20261011-SP2-Mallorca-LasPalmas-D,SP2,2026-10-11,18:30,Mallorca,Las Palmas,1X2,D,平局,0.36281085894998505,0.23253004771395783,0.271614291084766,average,market_avg,3.681691401458393,3.792142143502145,3.93,3.93,0.06744416396313024,1.0,True,,西乙,False
20261011-SP2-Mallorca-LasPalmas-A,SP2,2026-10-11,18:30,Mallorca,Las Palmas,1X2,A,客胜 Las Palmas,0.12526406455025416,0.17406535000301984,0.15942496436719011,average,market_avg,6.272543349589743,6.460719650077435,5.25,5.25,-0.1630189370722519,1.0,False,,西乙,False
20261011-SP2-Mallorca-LasPalmas-O25,SP2,2026-10-11,18:30,Mallorca,Las Palmas,OU25,O25,大于 2.5 球,0.1475808016493743,0.5295698924731183,0.41497316522599503,average,market_avg,2.409794376596372,2.482088207894263,1.75,1.75,-0.27379696085450866,1.0,False,,西乙,False
20261011-SP2-Mallorca-LasPalmas-U25,SP2,2026-10-11,18:30,Mallorca,Las Palmas,OU25,U25,小于 2.5 球,0.8524191983506257,0.4704301075268817,0.5850268347740049,average,market_avg,1.7093233003342467,1.760602999344274,1.97,1.97,0.15250286450478945,1.0,True,,西乙,False
20261011-SP2-Mallorca-LasPalmas-HO25,SP2,2026-10-11,18:30,Mallorca,Las Palmas,1X2+OU25,H&O25,主胜 Mallorca + 大于 2.5 球,0.12035594288523957,0.4023407566495643,0.3220684569126284,average,,3.104929956774012,3.1980778554772322,,,,1.0,False,4.235431705416868,西乙,False
20261011-SP2-Mallorca-LasPalmas-HU25,SP2,2026-10-11,18:30,Mallorca,Las Palmas,1X2+OU25,H&U25,主胜 Mallorca + 小于 2.5 球,0.3915691336145211,0.1910638456341024,0.2468922876357344,average,,4.050349282175241,4.171859760640499,,,,1.0,False,3.0042903956265987,西乙,False
20261011-SP2-Mallorca-LasPalmas-DO25,SP2,2026-10-11,18:30,Mallorca,Las Palmas,1X2+OU25,D&O25,平局 + 大于 2.5 球,0.007627945711771888,0.029824764358012134,0.02268855838320436,average,,44.075078861787404,45.39733122764103,,,,1.0,False,8.872119235597653,西乙,False
20261011-SP2-Mallorca-LasPalmas-DU25,SP2,2026-10-11,18:30,Mallorca,Las Palmas,1X2+OU25,D&U25,平局 + 小于 2.5 球,0.35518291323821316,0.2027052833552631,0.24892573270122756,average,,4.017262454742866,4.137780328385152,,,,1.0,False,6.293200897153079,西乙,False
20261011-SP2-Mallorca-LasPalmas-AO25,SP2,2026-10-11,18:30,Mallorca,Las Palmas,1X2+OU25,A&O25,客胜 Las Palmas + 大于 2.5 球,0.01959691305236286,0.09740437146554184,0.07021614993016229,average,,14.241737847982414,14.668989983421888,,,,1.0,False,15.115539690798334,西乙,False
20261011-SP2-Mallorca-LasPalmas-AU25,SP2,2026-10-11,18:30,Mallorca,Las Palmas,1X2+OU25,A&U25,客胜 Las Palmas + 小于 2.5 球,0.10566715149789133,0.07666097853751622,0.08920881443704287,average,,11.209654632342723,11.545944271313004,,,,1.0,False,10.72180449981037,西乙,False
20261011-SP2-Cadiz-SpGijon-H,SP2,2026-10-11,21:00,Cadiz,Sp Gijon,1X2,H,主胜 Cadiz,0.3507017783206402,0.3761816969364139,0.3685377213516817,average,market_avg,2.713426447453767,2.79482924087738,2.43,2.43,-0.10445333711541338,1.0,False,,西乙,False
20261011-SP2-Cadiz-SpGijon-D,SP2,2026-10-11,21:00,Cadiz,Sp Gijon,1X2,D,平局,0.2705505641642226,0.2901973090652336,0.2843032855949303,average,market_avg,3.5173705358607084,3.6228916519365297,3.15,3.15,-0.10444465037596962,1.0,False,,西乙,False
20261011-SP2-Cadiz-SpGijon-A,SP2,2026-10-11,21:00,Cadiz,Sp Gijon,1X2,A,客胜 Sp Gijon,0.3787476575151373,0.33362099399835254,0.34715899305338793,average,market_avg,2.8805245435373608,2.9669402798434814,2.74,2.74,-0.04878435903371703,1.0,False,,西乙,False
20261011-SP2-Cadiz-SpGijon-O25,SP2,2026-10-11,21:00,Cadiz,Sp Gijon,OU25,O25,大于 2.5 球,0.4506807051482405,0.45187165775401067,0.4515143719722796,average,market_avg,2.214768924479317,2.2812119922136964,2.05,2.05,-0.07439553745682692,1.0,False,,西乙,False
20261011-SP2-Cadiz-SpGijon-U25,SP2,2026-10-11,21:00,Cadiz,Sp Gijon,OU25,U25,小于 2.5 球,0.5493192948517596,0.5481283422459893,0.5484856280277204,average,market_avg,1.8232018286347151,1.8778978834937567,1.69,1.69,-0.07305928863315259,1.0,False,,西乙,False
20261011-SP2-Cadiz-SpGijon-HO25,SP2,2026-10-11,21:00,Cadiz,Sp Gijon,1X2+OU25,H&O25,主胜 Cadiz + 大于 2.5 球,0.18748098391269674,0.20427712019046346,0.19919029876999622,average,,5.0203248158922325,5.170934560368999,,,,1.0,False,6.009612574680913,西乙,False
20261011-SP2-Cadiz-SpGijon-HU25,SP2,2026-10-11,21:00,Cadiz,Sp Gijon,1X2+OU25,H&U25,主胜 Cadiz + 小于 2.5 球,0.16322079440794343,0.17190457674624254,0.16934742258185462,average,,5.905020488378835,6.082171103030199,,,,1.0,False,4.947124060863507,西乙,False
20261011-SP2-Cadiz-SpGijon-DO25,SP2,2026-10-11,21:00,Cadiz,Sp Gijon,1X2+OU25,D&O25,平局 + 大于 2.5 球,0.058683456149247165,0.06463517054358593,0.06282034093301077,average,,15.918410902391665,16.395963229463415,,,,1.0,False,7.79016295870346,西乙,False
20261011-SP2-Cadiz-SpGijon-DU25,SP2,2026-10-11,21:00,Cadiz,Sp Gijon,1X2+OU25,D&U25,平局 + 小于 2.5 球,0.21186710801497535,0.2255621385210812,0.2214829446615816,average,,4.515020339502737,4.6504709496878185,,,,1.0,False,6.412876392967112,西乙,False
20261011-SP2-Cadiz-SpGijon-AO25,SP2,2026-10-11,21:00,Cadiz,Sp Gijon,1X2+OU25,A&O25,客胜 Sp Gijon + 大于 2.5 球,0.2045162650862966,0.18295936701996127,0.18950373226927267,average,,5.276940923670379,5.435249151380491,,,,1.0,False,6.379696245226516,西乙,False
20261011-SP2-Cadiz-SpGijon-AU25,SP2,2026-10-11,21:00,Cadiz,Sp Gijon,1X2+OU25,A&U25,客胜 Sp Gijon + 小于 2.5 球,0.17423139242884067,0.15066162697866559,0.15765526078428416,average,,6.342953574941439,6.5332421821896824,,,,1.0,False,5.251777615204494,西乙,False
20261010-T1-Samsunspor-Trabzonspor-H,T1,2026-10-10,15:00,Samsunspor,Trabzonspor,1X2,H,主胜 Samsunspor,0.2907858648861348,0.2702906582917667,0.2764392202700771,average,market_avg,3.617431705323921,3.7259546564836383,3.41,3.41,-0.05734225887903699,1.0,False,,土超,False
20261010-T1-Samsunspor-Trabzonspor-D,T1,2026-10-10,15:00,Samsunspor,Trabzonspor,1X2,D,平局,0.2712841236163652,0.25461081347373604,0.2596128065165248,average,market_avg,3.8518901028726726,3.9674468059588532,3.62,3.62,-0.06020164041018017,1.0,False,,土超,False
20261010-T1-Samsunspor-Trabzonspor-A,T1,2026-10-10,15:00,Samsunspor,Trabzonspor,1X2,A,客胜 Trabzonspor,0.4379300114975001,0.4750985282344972,0.46394797321339803,average,market_avg,2.1554140932523027,2.220076516049872,1.94,1.94,-0.09994093196600784,1.0,False,,土超,False
20261010-T1-Samsunspor-Trabzonspor-O25,T1,2026-10-10,15:00,Samsunspor,Trabzonspor,OU25,O25,大于 2.5 球,0.5349596930442501,0.5672823218997362,0.5575855332430903,average,market_avg,1.7934468173585674,1.8472502218793243,1.64,1.64,-0.08555972548133184,1.0,False,,土超,False
20261010-T1-Samsunspor-Trabzonspor-U25,T1,2026-10-10,15:00,Samsunspor,Trabzonspor,OU25,U25,小于 2.5 球,0.46504030695574994,0.43271767810026385,0.44241446675690965,average,market_avg,2.260323916011234,2.3281336334915714,2.15,2.15,-0.0488088964726443,1.0,False,,土超,False
20261010-T1-Samsunspor-Trabzonspor-HO25,T1,2026-10-10,15:00,Samsunspor,Trabzonspor,1X2+OU25,H&O25,主胜 Samsunspor + 大于 2.5 球,0.18169752601592074,0.1761437275875135,0.17794161464838487,average,,5.619820872009137,5.788415498169411,,,,1.0,False,6.48767137892516,土超,False
20261010-T1-Samsunspor-Trabzonspor-HU25,T1,2026-10-10,15:00,Samsunspor,Trabzonspor,1X2+OU25,H&U25,主胜 Samsunspor + 小于 2.5 球,0.10908833887021403,0.09414693070431948,0.09849760562174226,average,,10.152531055833718,10.457106987508729,,,,1.0,False,8.17656739808096,土超,False
20261010-T1-Samsunspor-Trabzonspor-DO25,T1,2026-10-10,15:00,Samsunspor,Trabzonspor,1X2+OU25,D&O25,平局 + 大于 2.5 球,0.0714182576411001,0.07292566288926403,0.0725141136359301,average,,13.790418855847516,14.204131421522941,,,,1.0,False,6.908160045811959,土超,False
20261010-T1-Samsunspor-Trabzonspor-DU25,T1,2026-10-10,15:00,Samsunspor,Trabzonspor,1X2+OU25,D&U25,平局 + 小于 2.5 球,0.19986586597526512,0.18168515058426413,0.18709869288044287,average,,5.344772775291411,5.505115958550154,,,,1.0,False,8.706519321370076,土超,False
20261010-T1-Samsunspor-Trabzonspor-AO25,T1,2026-10-10,15:00,Samsunspor,Trabzonspor,1X2+OU25,A&O25,客胜 Trabzonspor + 大于 2.5 球,0.2818439093872293,0.3182129314229586,0.30712980495877534,average,,3.2559523167548834,3.35363088625753,,,,1.0,False,3.865620545633145,土超,False
20261010-T1-Samsunspor-Trabzonspor-AU25,T1,2026-10-10,15:00,Samsunspor,Trabzonspor,1X2+OU25,A&U25,客胜 Trabzonspor + 小于 2.5 球,0.15608610211027085,0.15688559681168013,0.15681816825472453,average,,6.376812145743658,6.568116510115969,,,,1.0,False,4.871934023885848,土超,False
20261010-T1-Rizespor-Fenerbahce-H,T1,2026-10-10,18:00,Rizespor,Fenerbahce,1X2,H,主胜 Rizespor,0.21190155088880808,0.21121600125172763,0.21142166614285174,average,market_avg,4.72988420838727,4.871780734638889,4.36,4.36,-0.07820153561716636,1.0,False,,土超,False
20261010-T1-Rizespor-Fenerbahce-D,T1,2026-10-10,18:00,Rizespor,Fenerbahce,1X2,D,平局,0.2156682993606321,0.23734581583957026,0.2308425608958888,average,market_avg,4.3319567939250385,4.46191549774279,3.88,3.88,-0.1043308637239514,1.0,False,,土超,False
20261010-T1-Rizespor-Fenerbahce-A,T1,2026-10-10,18:00,Rizespor,Fenerbahce,1X2,A,客胜 Fenerbahce,0.5724301497505597,0.5514381829087022,0.5577357729612594,average,market_avg,1.792963708765836,1.8467526200288111,1.67,1.67,-0.06858125915469682,1.0,False,,土超,False
20261010-T1-Rizespor-Fenerbahce-O25,T1,2026-10-10,18:00,Rizespor,Fenerbahce,OU25,O25,大于 2.5 球,0.6937509673073152,0.5687830687830688,0.6062734383403428,average,market_avg,1.6494207675293728,1.698903390555254,1.63,1.63,-0.011774295505241339,1.0,False,,土超,False
20261010-T1-Rizespor-Fenerbahce-U25,T1,2026-10-10,18:00,Rizespor,Fenerbahce,OU25,U25,小于 2.5 球,0.3062490326926848,0.4312169312169312,0.39372656165965725,average,market_avg,2.539833725681972,2.6160287374524316,2.15,2.15,-0.153487892431737,1.0,False,,土超,False
20261010-T1-Rizespor-Fenerbahce-HO25,T1,2026-10-10,18:00,Rizespor,Fenerbahce,1X2+OU25,H&O25,主胜 Rizespor + 大于 2.5 球,0.15827316876272282,0.1322808667250528,0.1402364488472136,average,,7.130813766465888,7.344738179459865,,,,1.0,False,7.801569241323191,土超,False
20261010-T1-Rizespor-Fenerbahce-HU25,T1,2026-10-10,18:00,Rizespor,Fenerbahce,1X2+OU25,H&U25,主胜 Rizespor + 小于 2.5 球,0.05362838212608531,0.07893513452654138,0.07118521729552892,average,,14.047860468676397,14.469296282736689,,,,1.0,False,12.013119431032566,土超,False
20261010-T1-Rizespor-Fenerbahce-DO25,T1,2026-10-10,18:00,Rizespor,Fenerbahce,1X2+OU25,D&O25,平局 + 大于 2.5 球,0.0877457212918857,0.06653037235457428,0.07249964405983896,average,,13.793171166118155,14.2069663011017,,,,1.0,False,7.145219499939918,土超,False
20261010-T1-Rizespor-Fenerbahce-DU25,T1,2026-10-10,18:00,Rizespor,Fenerbahce,1X2+OU25,D&U25,平局 + 小于 2.5 球,0.12792257806874643,0.17081544348574815,0.15834291683666088,average,,6.315407218572038,6.5048694351292,,,,1.0,False,11.002449963407962,土超,False
20261010-T1-Rizespor-Fenerbahce-AO25,T1,2026-10-10,18:00,Rizespor,Fenerbahce,1X2+OU25,A&O25,客胜 Fenerbahce + 大于 2.5 球,0.44773207725270664,0.36997182970344183,0.39353734543329016,average,,2.54105490013657,2.617286547140667,,,,1.0,False,2.9573515766648564,土超,False
20261010-T1-Rizespor-Fenerbahce-AU25,T1,2026-10-10,18:00,Rizespor,Fenerbahce,1X2+OU25,A&U25,客胜 Fenerbahce + 小于 2.5 球,0.12469807249785295,0.18146635320464163,0.1641984275274675,average,,6.0901923060908585,6.272898075273584,,,,1.0,False,4.553829696447299,土超,False
20261011-T1-Konyaspor-Buyuksehyr-H,T1,2026-10-11,12:30,Konyaspor,Buyuksehyr,1X2,H,主胜 Konyaspor,0.2996832985000226,0.35386576040781653,0.3376110218354783,average,market_avg,2.9619886061874823,3.0508482643731067,2.6,2.6,-0.1222113432277564,1.0,False,,土超,False
20261011-T1-Konyaspor-Buyuksehyr-D,T1,2026-10-11,12:30,Konyaspor,Buyuksehyr,1X2,D,平局,0.27546987690551655,0.27060322854715385,0.27206322305466263,average,market_avg,3.6756162364476626,3.7858847235410926,3.4,3.4,-0.0749850416141471,1.0,False,,土超,False
20261011-T1-Konyaspor-Buyuksehyr-A,T1,2026-10-11,12:30,Konyaspor,Buyuksehyr,1X2,A,客胜 Buyuksehyr,0.4248468245944609,0.3755310110450298,0.3903257551098591,average,market_avg,2.5619626348216378,2.638821513866287,2.45,2.45,-0.04370189998084506,1.0,False,,土超,False
20261011-T1-Konyaspor-Buyuksehyr-O25,T1,2026-10-11,12:30,Konyaspor,Buyuksehyr,OU25,O25,大于 2.5 球,0.5225014054857571,0.5335120643431636,0.5302088666859416,average,market_avg,1.886049183316147,1.9426306588156315,1.74,1.74,-0.0774365719664617,1.0,False,,土超,False
20261011-T1-Konyaspor-Buyuksehyr-U25,T1,2026-10-11,12:30,Konyaspor,Buyuksehyr,OU25,U25,小于 2.5 球,0.4774985945142429,0.46648793565683644,0.46979113331405836,average,market_avg,2.1286055208102312,2.192463686434538,1.99,1.99,-0.06511564470502385,1.0,False,,土超,False
20261011-T1-Konyaspor-Buyuksehyr-HO25,T1,2026-10-11,12:30,Konyaspor,Buyuksehyr,1X2+OU25,H&O25,主胜 Konyaspor + 大于 2.5 球,0.18439887079687312,0.2215099747350313,0.21025948005642636,average,,4.7560281216886615,4.898708965339321,,,,1.0,False,5.586456191691633,土超,False
20261011-T1-Konyaspor-Buyuksehyr-HU25,T1,2026-10-11,12:30,Konyaspor,Buyuksehyr,1X2+OU25,H&U25,主胜 Konyaspor + 小于 2.5 球,0.11528442770314945,0.13235578567312528,0.12735154177928315,average,,7.852280278892348,8.087848687259118,,,,1.0,False,6.304905299707676,土超,False
20261011-T1-Konyaspor-Buyuksehyr-DO25,T1,2026-10-11,12:30,Konyaspor,Buyuksehyr,1X2+OU25,D&O25,平局 + 大于 2.5 球,0.06980853096735935,0.07091896804009104,0.0705892473710676,average,,14.166463551357678,14.591457457898409,,,,1.0,False,6.932393000935685,土超,False
20261011-T1-Konyaspor-Buyuksehyr-DU25,T1,2026-10-11,12:30,Konyaspor,Buyuksehyr,1X2+OU25,D&U25,平局 + 小于 2.5 球,0.20566134593815721,0.19968426050629923,0.20147397568305003,average,,4.9634201966270615,5.112322802525873,,,,1.0,False,7.823937013282219,土超,False
20261011-T1-Konyaspor-Buyuksehyr-AO25,T1,2026-10-11,12:30,Konyaspor,Buyuksehyr,1X2+OU25,A&O25,客胜 Buyuksehyr + 大于 2.5 球,0.2682940037215248,0.2410831215680412,0.24936013925844763,average,,4.010264042095184,4.1305719633580384,,,,1.0,False,4.831987535091835,土超,False
20261011-T1-Konyaspor-Buyuksehyr-AU25,T1,2026-10-11,12:30,Konyaspor,Buyuksehyr,1X2+OU25,A&U25,客胜 Buyuksehyr + 小于 2.5 球,0.15655282087293618,0.1344478894774119,0.14096561585172518,average,,7.093928501343554,7.3067463563838615,,,,1.0,False,5.453407808590865,土超,False
20261011-T1-Besiktas-Kocaelispor-H,T1,2026-10-11,18:00,Besiktas,Kocaelispor,1X2,H,主胜 Besiktas,0.5498754823652341,0.7297064767202225,0.675757178413726,average,market_avg,1.4798214979342172,1.5242161428722438,1.26,1.26,-0.14854595519870528,1.0,False,,土超,False
20261011-T1-Besiktas-Kocaelispor-D,T1,2026-10-11,18:00,Besiktas,Kocaelispor,1X2,D,平局,0.304635313702811,0.1764741191300346,0.21492247750186752,average,market_avg,4.652840464261402,4.792425678189244,5.21,5.21,0.11974610778472972,1.0,True,,土超,False
20261011-T1-Besiktas-Kocaelispor-A,T1,2026-10-11,18:00,Besiktas,Kocaelispor,1X2,A,客胜 Kocaelispor,0.14548920393195452,0.09381940414974288,0.10932034408440636,average,market_avg,9.14742821544633,9.42185106190972,9.8,9.8,0.07133937202718243,1.0,False,,土超,False
20261011-T1-Besiktas-Kocaelispor-O25,T1,2026-10-11,18:00,Besiktas,Kocaelispor,OU25,O25,大于 2.5 球,0.303348617591788,0.5859374999999999,0.5011608352775363,average,market_avg,1.995367414227836,2.055228436654671,1.59,1.59,-0.20315427190871727,1.0,False,,土超,False
20261011-T1-Besiktas-Kocaelispor-U25,T1,2026-10-11,18:00,Besiktas,Kocaelispor,OU25,U25,小于 2.5 球,0.696651382408212,0.41406249999999994,0.4988391647224636,average,market_avg,2.0046541465050454,2.064793770900197,2.25,2.25,0.12238812062554305,1.0,True,,土超,False
20261011-T1-Besiktas-Kocaelispor-HO25,T1,2026-10-11,18:00,Besiktas,Kocaelispor,1X2+OU25,H&O25,主胜 Besiktas + 大于 2.5 球,0.22986106603043965,0.4943557345549789,0.4103448948080441,average,,2.4369743906958843,2.510083622416761,,,,1.0,False,2.9527875958517615,土超,False
20261011-T1-Besiktas-Kocaelispor-HU25,T1,2026-10-11,18:00,Besiktas,Kocaelispor,1X2+OU25,H&U25,主胜 Besiktas + 小于 2.5 球,0.32001441633479455,0.2353507421654618,0.265412283605855,average,,3.767723130271654,3.8807548241798036,,,,1.0,False,2.9665303019211358,土超,False
20261011-T1-Besiktas-Kocaelispor-DO25,T1,2026-10-11,18:00,Besiktas,Kocaelispor,1X2+OU25,D&O25,平局 + 大于 2.5 球,0.023785962966253894,0.03503130612744002,0.03313864277685229,average,,30.176250932597373,31.081538460575295,,,,1.0,False,9.284126245987917,土超,False
20261011-T1-Besiktas-Kocaelispor-DU25,T1,2026-10-11,18:00,Besiktas,Kocaelispor,1X2+OU25,D&U25,平局 + 小于 2.5 球,0.28084935073655715,0.14144281300237124,0.1817838347248353,average,,5.501039195887202,5.666070371763818,,,,1.0,False,9.327335929708081,土超,False
20261011-T1-Besiktas-Kocaelispor-AO25,T1,2026-10-11,18:00,Besiktas,Kocaelispor,1X2+OU25,A&O25,客胜 Kocaelispor + 大于 2.5 球,0.04970158859509451,0.05655045931758102,0.05767729769263999,average,,17.33784417794606,17.857979503284444,,,,1.0,False,18.25248018508989,土超,False
20261011-T1-Besiktas-Kocaelispor-AU25,T1,2026-10-11,18:00,Besiktas,Kocaelispor,1X2+OU25,A&U25,客胜 Kocaelispor + 小于 2.5 球,0.09578761533686,0.037268944832167014,0.05164304639177337,average,,19.363691142730456,19.94460187701237,,,,1.0,False,18.337429901951733,土超,False
